Timestamp,Zone,Total_Capacity,Occupied_Slots,Weather,Temperature,Event_Nearby,Traffic_Density,Available_Slots
2024-01-01 00:00:00,Downtown_A,200,62,Clear,24.92,0,0.356,138
2024-01-01 00:00:00,Business_Hub,500,209,Snowy,31.65,0,0.338,291
2024-01-01 00:00:00,Shopping_Mall,500,207,Foggy,25.29,0,0.351,293
2024-01-01 00:00:00,Residential_West,200,57,Snowy,25.3,0,0.19,143
2024-01-01 00:00:00,Suburban_East,200,55,Snowy,25.46,0,0.266,145
2024-01-01 01:00:00,Downtown_A,200,54,Clear,11.16,0,0.367,146
2024-01-01 01:00:00,Business_Hub,500,208,Foggy,16.03,0,0.336,292
2024-01-01 01:00:00,Shopping_Mall,500,216,Foggy,10.86,1,0.454,284
2024-01-01 01:00:00,Residential_West,200,65,Rainy,15.2,0,0.287,135
2024-01-01 01:00:00,Suburban_East,200,55,Rainy,29.38,1,0.181,145
2024-01-01 02:00:00,Downtown_A,200,66,Foggy,24.26,0,0.414,134
2024-01-01 02:00:00,Business_Hub,500,219,Clear,19.72,0,0.53,281
2024-01-01 02:00:00,Shopping_Mall,500,213,Foggy,16.9,0,0.382,287
2024-01-01 02:00:00,Residential_West,200,70,Clear,34.67,0,0.283,130
2024-01-01 02:00:00,Suburban_East,200,68,Clear,25.15,1,0.386,132
2024-01-01 03:00:00,Downtown_A,200,76,Foggy,31.58,0,0.41,124
2024-01-01 03:00:00,Business_Hub,500,219,Foggy,26.65,0,0.4,281
2024-01-01 03:00:00,Shopping_Mall,500,220,Snowy,21.81,0,0.395,280
2024-01-01 03:00:00,Residential_West,200,76,Snowy,16.4,0,0.392,124
2024-01-01 03:00:00,Suburban_East,200,75,Rainy,10.64,0,0.417,125
2024-01-01 04:00:00,Downtown_A,200,80,Foggy,27.39,0,0.363,120
2024-01-01 04:00:00,Business_Hub,500,228,Snowy,28.89,0,0.477,272
2024-01-01 04:00:00,Shopping_Mall,500,228,Rainy,25.61,0,0.388,272
2024-01-01 04:00:00,Residential_West,200,77,Foggy,30.09,0,0.306,123
2024-01-01 04:00:00,Suburban_East,200,80,Foggy,18.91,1,0.461,120
2024-01-01 05:00:00,Downtown_A,200,94,Snowy,20.68,0,0.424,106
2024-01-01 05:00:00,Business_Hub,500,226,Snowy,16.74,0,0.396,274
2024-01-01 05:00:00,Shopping_Mall,500,241,Foggy,22.97,0,0.416,259
2024-01-01 05:00:00,Residential_West,200,90,Rainy,27.41,0,0.542,110
2024-01-01 05:00:00,Suburban_East,200,89,Foggy,10.92,0,0.375,111
2024-01-01 06:00:00,Downtown_A,200,96,Clear,25.86,0,0.436,104
2024-01-01 06:00:00,Business_Hub,500,250,Rainy,34.64,0,0.506,250
2024-01-01 06:00:00,Shopping_Mall,500,255,Snowy,30.08,0,0.458,245
2024-01-01 06:00:00,Residential_West,200,103,Rainy,23.39,0,0.612,97
2024-01-01 06:00:00,Suburban_East,200,97,Clear,31.46,0,0.422,103
2024-01-01 07:00:00,Downtown_A,200,114,Rainy,22.8,0,0.514,86
2024-01-01 07:00:00,Business_Hub,500,255,Foggy,22.94,0,0.548,245
2024-01-01 07:00:00,Shopping_Mall,500,262,Clear,12.84,1,0.559,238
2024-01-01 07:00:00,Residential_West,200,108,Rainy,34.55,0,0.572,92
2024-01-01 07:00:00,Suburban_East,200,113,Clear,12.33,0,0.517,87
2024-01-01 08:00:00,Downtown_A,200,121,Snowy,27.51,0,0.573,79
2024-01-01 08:00:00,Business_Hub,500,273,Rainy,29.5,0,0.617,227
2024-01-01 08:00:00,Shopping_Mall,500,271,Rainy,33.5,1,0.444,229
2024-01-01 08:00:00,Residential_West,200,124,Rainy,23.72,0,0.577,76
2024-01-01 08:00:00,Suburban_East,200,114,Clear,22.35,0,0.612,86
2024-01-01 09:00:00,Downtown_A,200,131,Foggy,31.23,0,0.628,69
2024-01-01 09:00:00,Business_Hub,500,273,Snowy,16.26,0,0.52,227
2024-01-01 09:00:00,Shopping_Mall,500,279,Snowy,32.3,0,0.654,221
2024-01-01 09:00:00,Residential_West,200,128,Foggy,31.6,0,0.655,72
2024-01-01 09:00:00,Suburban_East,200,135,Foggy,10.61,0,0.675,65
2024-01-01 10:00:00,Downtown_A,200,134,Snowy,34.51,0,0.763,66
2024-01-01 10:00:00,Business_Hub,500,288,Foggy,31.28,0,0.537,212
2024-01-01 10:00:00,Shopping_Mall,500,285,Rainy,33.25,0,0.657,215
2024-01-01 10:00:00,Residential_West,200,128,Snowy,34.75,0,0.582,72
2024-01-01 10:00:00,Suburban_East,200,139,Clear,13.42,0,0.743,61
2024-01-01 11:00:00,Downtown_A,200,138,Rainy,30.23,0,0.701,62
2024-01-01 11:00:00,Business_Hub,500,291,Clear,11.77,0,0.642,209
2024-01-01 11:00:00,Shopping_Mall,500,307,Snowy,18.45,0,0.524,193
2024-01-01 11:00:00,Residential_West,200,139,Clear,13.88,1,0.602,61
2024-01-01 11:00:00,Suburban_East,200,134,Rainy,10.76,0,0.738,66
2024-01-01 12:00:00,Downtown_A,200,137,Clear,30.7,0,0.61,63
2024-01-01 12:00:00,Business_Hub,500,295,Snowy,12.13,0,0.683,205
2024-01-01 12:00:00,Shopping_Mall,500,301,Foggy,13.32,1,0.629,199
2024-01-01 12:00:00,Residential_West,200,149,Snowy,29.88,0,0.788,51
2024-01-01 12:00:00,Suburban_East,200,136,Clear,12.02,0,0.585,64
2024-01-01 13:00:00,Downtown_A,200,138,Clear,14.33,0,0.728,62
2024-01-01 13:00:00,Business_Hub,500,290,Foggy,33.37,0,0.623,210
2024-01-01 13:00:00,Shopping_Mall,500,280,Foggy,23.86,0,0.563,220
2024-01-01 13:00:00,Residential_West,200,131,Clear,13.0,0,0.626,69
2024-01-01 13:00:00,Suburban_East,200,136,Snowy,11.02,0,0.598,64
2024-01-01 14:00:00,Downtown_A,200,133,Foggy,30.17,0,0.585,67
2024-01-01 14:00:00,Business_Hub,500,294,Clear,19.96,0,0.581,206
2024-01-01 14:00:00,Shopping_Mall,500,282,Rainy,33.34,0,0.539,218
2024-01-01 14:00:00,Residential_West,200,135,Clear,14.07,0,0.683,65
2024-01-01 14:00:00,Suburban_East,200,133,Snowy,30.02,0,0.682,67
2024-01-01 15:00:00,Downtown_A,200,128,Clear,21.46,0,0.655,72
2024-01-01 15:00:00,Business_Hub,500,277,Rainy,15.17,0,0.646,223
2024-01-01 15:00:00,Shopping_Mall,500,281,Rainy,10.46,0,0.505,219
2024-01-01 15:00:00,Residential_West,200,125,Rainy,27.04,0,0.589,75
2024-01-01 15:00:00,Suburban_East,200,129,Snowy,12.95,0,0.597,71
2024-01-01 16:00:00,Downtown_A,200,124,Clear,34.19,0,0.667,76
2024-01-01 16:00:00,Business_Hub,500,271,Foggy,30.17,1,0.527,229
2024-01-01 16:00:00,Shopping_Mall,500,261,Foggy,31.68,0,0.577,239
2024-01-01 16:00:00,Residential_West,200,113,Snowy,28.77,0,0.513,87
2024-01-01 16:00:00,Suburban_East,200,126,Snowy,12.5,0,0.594,74
2024-01-01 17:00:00,Downtown_A,200,110,Snowy,12.28,0,0.642,90
2024-01-01 17:00:00,Business_Hub,500,269,Snowy,25.06,0,0.528,231
2024-01-01 17:00:00,Shopping_Mall,500,265,Clear,29.79,0,0.473,235
2024-01-01 17:00:00,Residential_West,200,110,Snowy,11.4,0,0.462,90
2024-01-01 17:00:00,Suburban_East,200,105,Snowy,12.93,0,0.534,95
2024-01-01 18:00:00,Downtown_A,200,103,Snowy,20.65,0,0.435,97
2024-01-01 18:00:00,Business_Hub,500,256,Snowy,27.66,0,0.491,244
2024-01-01 18:00:00,Shopping_Mall,500,242,Snowy,32.69,0,0.547,258
2024-01-01 18:00:00,Residential_West,200,92,Foggy,12.09,0,0.43,108
2024-01-01 18:00:00,Suburban_East,200,89,Snowy,20.86,0,0.526,111
2024-01-01 19:00:00,Downtown_A,200,97,Rainy,11.41,0,0.466,103
2024-01-01 19:00:00,Business_Hub,500,241,Clear,15.94,0,0.531,259
2024-01-01 19:00:00,Shopping_Mall,500,235,Clear,31.71,0,0.466,265
2024-01-01 19:00:00,Residential_West,200,89,Clear,16.32,0,0.544,111
2024-01-01 19:00:00,Suburban_East,200,94,Snowy,25.73,0,0.385,106
2024-01-01 20:00:00,Downtown_A,200,90,Foggy,28.43,1,0.467,110
2024-01-01 20:00:00,Business_Hub,500,226,Foggy,32.26,0,0.544,274
2024-01-01 20:00:00,Shopping_Mall,500,222,Rainy,19.71,0,0.382,278
2024-01-01 20:00:00,Residential_West,200,83,Clear,34.36,1,0.368,117
2024-01-01 20:00:00,Suburban_East,200,81,Foggy,25.07,0,0.367,119
2024-01-01 21:00:00,Downtown_A,200,81,Snowy,30.56,1,0.332,119
2024-01-01 21:00:00,Business_Hub,500,225,Foggy,31.92,0,0.434,275
2024-01-01 21:00:00,Shopping_Mall,500,229,Foggy,19.41,0,0.391,271
2024-01-01 21:00:00,Residential_West,200,63,Snowy,24.23,0,0.409,137
2024-01-01 21:00:00,Suburban_East,200,78,Snowy,16.84,0,0.297,122
2024-01-01 22:00:00,Downtown_A,200,66,Rainy,32.83,0,0.43,134
2024-01-01 22:00:00,Business_Hub,500,216,Rainy,31.24,0,0.477,284
2024-01-01 22:00:00,Shopping_Mall,500,210,Clear,15.18,0,0.511,290
2024-01-01 22:00:00,Residential_West,200,64,Rainy,18.95,0,0.371,136
2024-01-01 22:00:00,Suburban_East,200,66,Snowy,17.69,0,0.384,134
2024-01-01 23:00:00,Downtown_A,200,71,Rainy,31.92,0,0.449,129
2024-01-01 23:00:00,Business_Hub,500,214,Snowy,32.58,0,0.469,286
2024-01-01 23:00:00,Shopping_Mall,500,218,Rainy,24.75,0,0.532,282
2024-01-01 23:00:00,Residential_West,200,65,Rainy,21.27,1,0.295,135
2024-01-01 23:00:00,Suburban_East,200,60,Rainy,31.56,1,0.26,140
2024-01-02 00:00:00,Downtown_A,200,51,Rainy,25.52,0,0.247,149
2024-01-02 00:00:00,Business_Hub,500,209,Snowy,16.0,0,0.36,291
2024-01-02 00:00:00,Shopping_Mall,500,204,Snowy,31.86,0,0.377,296
2024-01-02 00:00:00,Residential_West,200,62,Clear,14.81,0,0.405,138
2024-01-02 00:00:00,Suburban_East,200,57,Clear,23.72,0,0.22,143
2024-01-02 01:00:00,Downtown_A,200,57,Rainy,19.11,0,0.256,143
2024-01-02 01:00:00,Business_Hub,500,210,Clear,27.19,0,0.48,290
2024-01-02 01:00:00,Shopping_Mall,500,211,Foggy,11.53,0,0.353,289
2024-01-02 01:00:00,Residential_West,200,64,Snowy,23.41,1,0.257,136
2024-01-02 01:00:00,Suburban_East,200,65,Foggy,19.22,0,0.272,135
2024-01-02 02:00:00,Downtown_A,200,69,Rainy,28.74,0,0.424,131
2024-01-02 02:00:00,Business_Hub,500,210,Rainy,23.32,0,0.493,290
2024-01-02 02:00:00,Shopping_Mall,500,211,Clear,31.02,0,0.326,289
2024-01-02 02:00:00,Residential_West,200,58,Clear,32.26,0,0.297,142
2024-01-02 02:00:00,Suburban_East,200,70,Snowy,24.6,0,0.35,130
2024-01-02 03:00:00,Downtown_A,200,74,Foggy,20.79,0,0.382,126
2024-01-02 03:00:00,Business_Hub,500,217,Rainy,16.11,0,0.463,283
2024-01-02 03:00:00,Shopping_Mall,500,214,Clear,15.93,0,0.394,286
2024-01-02 03:00:00,Residential_West,200,69,Snowy,12.2,0,0.277,131
2024-01-02 03:00:00,Suburban_East,200,68,Clear,12.01,0,0.251,132
2024-01-02 04:00:00,Downtown_A,200,81,Rainy,24.4,1,0.327,119
2024-01-02 04:00:00,Business_Hub,500,229,Rainy,16.45,0,0.359,271
2024-01-02 04:00:00,Shopping_Mall,500,232,Foggy,21.92,0,0.475,268
2024-01-02 04:00:00,Residential_West,200,81,Rainy,18.09,0,0.346,119
2024-01-02 04:00:00,Suburban_East,200,71,Rainy,29.19,0,0.278,129
2024-01-02 05:00:00,Downtown_A,200,89,Snowy,22.03,0,0.446,111
2024-01-02 05:00:00,Business_Hub,500,238,Snowy,23.72,0,0.403,262
2024-01-02 05:00:00,Shopping_Mall,500,237,Foggy,16.37,0,0.511,263
2024-01-02 05:00:00,Residential_West,200,92,Snowy,29.86,0,0.454,108
2024-01-02 05:00:00,Suburban_East,200,96,Foggy,34.13,0,0.55,104
2024-01-02 06:00:00,Downtown_A,200,100,Snowy,33.16,0,0.436,100
2024-01-02 06:00:00,Business_Hub,500,250,Clear,13.49,0,0.41,250
2024-01-02 06:00:00,Shopping_Mall,500,247,Clear,15.89,0,0.427,253
2024-01-02 06:00:00,Residential_West,200,97,Clear,31.93,0,0.567,103
2024-01-02 06:00:00,Suburban_East,200,98,Snowy,25.6,0,0.465,102
2024-01-02 07:00:00,Downtown_A,200,116,Clear,15.81,0,0.568,84
2024-01-02 07:00:00,Business_Hub,500,264,Snowy,23.57,0,0.609,236
2024-01-02 07:00:00,Shopping_Mall,500,249,Snowy,18.37,0,0.465,251
2024-01-02 07:00:00,Residential_West,200,112,Snowy,24.33,1,0.567,88
2024-01-02 07:00:00,Suburban_East,200,116,Clear,16.21,0,0.63,84
2024-01-02 08:00:00,Downtown_A,200,120,Snowy,28.87,0,0.652,80
2024-01-02 08:00:00,Business_Hub,500,267,Snowy,31.16,0,0.541,233
2024-01-02 08:00:00,Shopping_Mall,500,276,Snowy,20.22,0,0.482,224
2024-01-02 08:00:00,Residential_West,200,117,Snowy,27.35,0,0.487,83
2024-01-02 08:00:00,Suburban_East,200,116,Rainy,18.56,0,0.516,84
2024-01-02 09:00:00,Downtown_A,200,122,Rainy,33.68,0,0.595,78
2024-01-02 09:00:00,Business_Hub,500,279,Snowy,28.15,0,0.58,221
2024-01-02 09:00:00,Shopping_Mall,500,291,Foggy,27.42,1,0.502,209
2024-01-02 09:00:00,Residential_West,200,124,Rainy,11.72,0,0.635,76
2024-01-02 09:00:00,Suburban_East,200,130,Clear,33.14,0,0.571,70
2024-01-02 10:00:00,Downtown_A,200,147,Clear,28.61,0,0.715,53
2024-01-02 10:00:00,Business_Hub,500,287,Rainy,18.34,0,0.632,213
2024-01-02 10:00:00,Shopping_Mall,500,288,Rainy,22.02,1,0.545,212
2024-01-02 10:00:00,Residential_West,200,135,Snowy,21.31,0,0.692,65
2024-01-02 10:00:00,Suburban_East,200,134,Foggy,17.79,0,0.654,66
2024-01-02 11:00:00,Downtown_A,200,132,Rainy,10.33,0,0.616,68
2024-01-02 11:00:00,Business_Hub,500,287,Clear,14.61,0,0.491,213
2024-01-02 11:00:00,Shopping_Mall,500,283,Rainy,28.75,0,0.528,217
2024-01-02 11:00:00,Residential_West,200,138,Clear,19.44,0,0.628,62
2024-01-02 11:00:00,Suburban_East,200,139,Clear,29.39,0,0.712,61
2024-01-02 12:00:00,Downtown_A,200,126,Rainy,29.13,0,0.61,74
2024-01-02 12:00:00,Business_Hub,500,295,Snowy,33.65,0,0.557,205
2024-01-02 12:00:00,Shopping_Mall,500,294,Snowy,34.47,0,0.57,206
2024-01-02 12:00:00,Residential_West,200,133,Foggy,10.68,0,0.738,67
2024-01-02 12:00:00,Suburban_East,200,143,Rainy,18.48,0,0.619,57
2024-01-02 13:00:00,Downtown_A,200,132,Foggy,15.95,0,0.737,68
2024-01-02 13:00:00,Business_Hub,500,292,Snowy,34.07,1,0.655,208
2024-01-02 13:00:00,Shopping_Mall,500,283,Rainy,17.33,0,0.494,217
2024-01-02 13:00:00,Residential_West,200,140,Rainy,32.77,0,0.684,60
2024-01-02 13:00:00,Suburban_East,200,132,Snowy,19.49,0,0.627,68
2024-01-02 14:00:00,Downtown_A,200,138,Rainy,19.07,0,0.672,62
2024-01-02 14:00:00,Business_Hub,500,277,Rainy,29.09,0,0.498,223
2024-01-02 14:00:00,Shopping_Mall,500,284,Foggy,14.55,0,0.647,216
2024-01-02 14:00:00,Residential_West,200,140,Clear,23.54,0,0.702,60
2024-01-02 14:00:00,Suburban_East,200,131,Foggy,13.31,1,0.722,69
2024-01-02 15:00:00,Downtown_A,200,126,Clear,10.46,1,0.668,74
2024-01-02 15:00:00,Business_Hub,500,279,Clear,20.13,0,0.513,221
2024-01-02 15:00:00,Shopping_Mall,500,273,Clear,10.27,0,0.59,227
2024-01-02 15:00:00,Residential_West,200,136,Snowy,24.33,0,0.713,64
2024-01-02 15:00:00,Suburban_East,200,136,Rainy,22.97,0,0.661,64
2024-01-02 16:00:00,Downtown_A,200,122,Foggy,29.27,0,0.527,78
2024-01-02 16:00:00,Business_Hub,500,266,Snowy,18.89,0,0.599,234
2024-01-02 16:00:00,Shopping_Mall,500,272,Snowy,33.85,0,0.539,228
2024-01-02 16:00:00,Residential_West,200,111,Rainy,10.78,0,0.552,89
2024-01-02 16:00:00,Suburban_East,200,117,Clear,13.87,0,0.584,83
2024-01-02 17:00:00,Downtown_A,200,110,Clear,11.88,0,0.545,90
2024-01-02 17:00:00,Business_Hub,500,270,Snowy,11.9,0,0.527,230
2024-01-02 17:00:00,Shopping_Mall,500,260,Snowy,16.8,0,0.42,240
2024-01-02 17:00:00,Residential_West,200,106,Clear,29.75,0,0.613,94
2024-01-02 17:00:00,Suburban_East,200,109,Foggy,23.55,0,0.549,91
2024-01-02 18:00:00,Downtown_A,200,104,Rainy,25.93,1,0.552,96
2024-01-02 18:00:00,Business_Hub,500,253,Foggy,15.53,1,0.587,247
2024-01-02 18:00:00,Shopping_Mall,500,252,Clear,21.83,0,0.44,248
2024-01-02 18:00:00,Residential_West,200,101,Snowy,17.43,1,0.429,99
2024-01-02 18:00:00,Suburban_East,200,105,Rainy,23.06,0,0.594,95
2024-01-02 19:00:00,Downtown_A,200,89,Foggy,15.75,0,0.475,111
2024-01-02 19:00:00,Business_Hub,500,240,Snowy,20.11,0,0.448,260
2024-01-02 19:00:00,Shopping_Mall,500,237,Foggy,29.77,0,0.535,263
2024-01-02 19:00:00,Residential_West,200,93,Rainy,20.44,0,0.488,107
2024-01-02 19:00:00,Suburban_East,200,91,Snowy,31.87,0,0.553,109
2024-01-02 20:00:00,Downtown_A,200,77,Clear,24.52,0,0.381,123
2024-01-02 20:00:00,Business_Hub,500,237,Rainy,20.44,0,0.454,263
2024-01-02 20:00:00,Shopping_Mall,500,225,Rainy,17.43,0,0.372,275
2024-01-02 20:00:00,Residential_West,200,83,Clear,11.05,0,0.458,117
2024-01-02 20:00:00,Suburban_East,200,79,Foggy,13.11,1,0.372,121
2024-01-02 21:00:00,Downtown_A,200,72,Clear,12.24,0,0.42,128
2024-01-02 21:00:00,Business_Hub,500,233,Foggy,11.62,0,0.399,267
2024-01-02 21:00:00,Shopping_Mall,500,218,Rainy,25.19,0,0.504,282
2024-01-02 21:00:00,Residential_West,200,68,Clear,33.93,0,0.284,132
2024-01-02 21:00:00,Suburban_East,200,69,Rainy,34.23,0,0.405,131
2024-01-02 22:00:00,Downtown_A,200,63,Rainy,34.91,0,0.367,137
2024-01-02 22:00:00,Business_Hub,500,209,Clear,15.6,0,0.411,291
2024-01-02 22:00:00,Shopping_Mall,500,223,Clear,19.78,0,0.364,277
2024-01-02 22:00:00,Residential_West,200,74,Snowy,33.89,0,0.365,126
2024-01-02 22:00:00,Suburban_East,200,68,Snowy,17.03,0,0.35,132
2024-01-02 23:00:00,Downtown_A,200,66,Snowy,28.09,0,0.231,134
2024-01-02 23:00:00,Business_Hub,500,208,Foggy,32.07,0,0.486,292
2024-01-02 23:00:00,Shopping_Mall,500,212,Snowy,18.7,0,0.505,288
2024-01-02 23:00:00,Residential_West,200,53,Snowy,31.7,0,0.341,147
2024-01-02 23:00:00,Suburban_East,200,63,Foggy,27.71,0,0.246,137
2024-01-03 00:00:00,Downtown_A,200,65,Rainy,14.73,0,0.349,135
2024-01-03 00:00:00,Business_Hub,500,215,Clear,10.73,0,0.522,285
2024-01-03 00:00:00,Shopping_Mall,500,208,Snowy,10.03,0,0.465,292
2024-01-03 00:00:00,Residential_West,200,55,Foggy,10.16,0,0.326,145
2024-01-03 00:00:00,Suburban_East,200,60,Snowy,19.42,0,0.326,140
2024-01-03 01:00:00,Downtown_A,200,61,Foggy,12.67,0,0.369,139
2024-01-03 01:00:00,Business_Hub,500,214,Foggy,14.49,0,0.396,286
2024-01-03 01:00:00,Shopping_Mall,500,211,Foggy,27.2,0,0.48,289
2024-01-03 01:00:00,Residential_West,200,66,Rainy,21.84,0,0.243,134
2024-01-03 01:00:00,Suburban_East,200,56,Rainy,31.79,1,0.195,144
2024-01-03 02:00:00,Downtown_A,200,67,Snowy,30.54,0,0.24,133
2024-01-03 02:00:00,Business_Hub,500,212,Snowy,27.08,0,0.488,288
2024-01-03 02:00:00,Shopping_Mall,500,208,Snowy,30.65,0,0.349,292
2024-01-03 02:00:00,Residential_West,200,54,Snowy,27.01,0,0.338,146
2024-01-03 02:00:00,Suburban_East,200,64,Foggy,31.43,1,0.409,136
2024-01-03 03:00:00,Downtown_A,200,65,Clear,34.6,0,0.377,135
2024-01-03 03:00:00,Business_Hub,500,220,Foggy,31.7,0,0.383,280
2024-01-03 03:00:00,Shopping_Mall,500,223,Foggy,21.83,1,0.459,277
2024-01-03 03:00:00,Residential_West,200,73,Snowy,21.34,0,0.42,127
2024-01-03 03:00:00,Suburban_East,200,70,Clear,13.28,0,0.254,130
2024-01-03 04:00:00,Downtown_A,200,80,Clear,10.03,0,0.459,120
2024-01-03 04:00:00,Business_Hub,500,233,Foggy,20.76,0,0.487,267
2024-01-03 04:00:00,Shopping_Mall,500,226,Clear,24.76,0,0.468,274
2024-01-03 04:00:00,Residential_West,200,79,Clear,10.29,0,0.492,121
2024-01-03 04:00:00,Suburban_East,200,77,Foggy,26.42,0,0.405,123
2024-01-03 05:00:00,Downtown_A,200,77,Clear,10.99,0,0.476,123
2024-01-03 05:00:00,Business_Hub,500,238,Foggy,10.46,0,0.573,262
2024-01-03 05:00:00,Shopping_Mall,500,237,Clear,23.99,0,0.416,263
2024-01-03 05:00:00,Residential_West,200,90,Clear,12.06,0,0.368,110
2024-01-03 05:00:00,Suburban_East,200,79,Snowy,13.32,0,0.367,121
2024-01-03 06:00:00,Downtown_A,200,104,Snowy,26.76,1,0.46,96
2024-01-03 06:00:00,Business_Hub,500,253,Snowy,10.79,1,0.431,247
2024-01-03 06:00:00,Shopping_Mall,500,250,Foggy,33.68,0,0.542,250
2024-01-03 06:00:00,Residential_West,200,96,Snowy,30.37,0,0.537,104
2024-01-03 06:00:00,Suburban_East,200,100,Rainy,22.02,0,0.563,100
2024-01-03 07:00:00,Downtown_A,200,115,Rainy,12.04,0,0.508,85
2024-01-03 07:00:00,Business_Hub,500,257,Rainy,18.23,0,0.588,243
2024-01-03 07:00:00,Shopping_Mall,500,257,Clear,29.74,0,0.563,243
2024-01-03 07:00:00,Residential_West,200,125,Rainy,18.31,0,0.669,75
2024-01-03 07:00:00,Suburban_East,200,109,Foggy,14.99,0,0.544,91
2024-01-03 08:00:00,Downtown_A,200,118,Snowy,20.4,0,0.664,82
2024-01-03 08:00:00,Business_Hub,500,261,Foggy,19.28,1,0.548,239
2024-01-03 08:00:00,Shopping_Mall,500,262,Foggy,25.15,0,0.569,238
2024-01-03 08:00:00,Residential_West,200,130,Snowy,16.92,0,0.709,70
2024-01-03 08:00:00,Suburban_East,200,127,Snowy,29.4,0,0.682,73
2024-01-03 09:00:00,Downtown_A,200,135,Rainy,15.94,1,0.695,65
2024-01-03 09:00:00,Business_Hub,500,279,Rainy,12.43,0,0.556,221
2024-01-03 09:00:00,Shopping_Mall,500,276,Snowy,18.98,0,0.571,224
2024-01-03 09:00:00,Residential_West,200,126,Rainy,31.45,0,0.724,74
2024-01-03 09:00:00,Suburban_East,200,122,Foggy,13.27,1,0.628,78
2024-01-03 10:00:00,Downtown_A,200,126,Rainy,18.27,0,0.545,74
2024-01-03 10:00:00,Business_Hub,500,283,Clear,20.77,0,0.6,217
2024-01-03 10:00:00,Shopping_Mall,500,292,Foggy,19.48,0,0.517,208
2024-01-03 10:00:00,Residential_West,200,138,Foggy,21.87,0,0.661,62
2024-01-03 10:00:00,Suburban_East,200,136,Foggy,23.5,0,0.754,64
2024-01-03 11:00:00,Downtown_A,200,145,Clear,23.28,1,0.822,55
2024-01-03 11:00:00,Business_Hub,500,292,Clear,24.62,0,0.547,208
2024-01-03 11:00:00,Shopping_Mall,500,288,Rainy,34.13,0,0.555,212
2024-01-03 11:00:00,Residential_West,200,139,Snowy,16.36,0,0.769,61
2024-01-03 11:00:00,Suburban_East,200,140,Rainy,13.49,0,0.669,60
2024-01-03 12:00:00,Downtown_A,200,145,Snowy,14.06,0,0.665,55
2024-01-03 12:00:00,Business_Hub,500,284,Clear,21.09,0,0.614,216
2024-01-03 12:00:00,Shopping_Mall,500,292,Rainy,19.36,0,0.652,208
2024-01-03 12:00:00,Residential_West,200,135,Rainy,31.72,0,0.624,65
2024-01-03 12:00:00,Suburban_East,200,145,Foggy,30.67,0,0.668,55
2024-01-03 13:00:00,Downtown_A,200,144,Rainy,26.45,1,0.735,56
2024-01-03 13:00:00,Business_Hub,500,293,Clear,17.22,0,0.642,207
2024-01-03 13:00:00,Shopping_Mall,500,287,Rainy,18.18,0,0.604,213
2024-01-03 13:00:00,Residential_West,200,141,Snowy,31.72,0,0.765,59
2024-01-03 13:00:00,Suburban_East,200,142,Snowy,10.14,0,0.669,58
2024-01-03 14:00:00,Downtown_A,200,128,Foggy,23.71,0,0.679,72
2024-01-03 14:00:00,Business_Hub,500,276,Snowy,15.68,0,0.561,224
2024-01-03 14:00:00,Shopping_Mall,500,292,Rainy,22.51,0,0.608,208
2024-01-03 14:00:00,Residential_West,200,139,Rainy,21.98,0,0.785,61
2024-01-03 14:00:00,Suburban_East,200,128,Clear,16.15,0,0.62,72
2024-01-03 15:00:00,Downtown_A,200,120,Snowy,30.32,0,0.579,80
2024-01-03 15:00:00,Business_Hub,500,282,Snowy,19.5,0,0.513,218
2024-01-03 15:00:00,Shopping_Mall,500,279,Snowy,12.54,0,0.554,221
2024-01-03 15:00:00,Residential_West,200,123,Snowy,23.31,0,0.576,77
2024-01-03 15:00:00,Suburban_East,200,123,Rainy,27.9,0,0.533,77
2024-01-03 16:00:00,Downtown_A,200,115,Snowy,31.49,0,0.511,85
2024-01-03 16:00:00,Business_Hub,500,268,Snowy,12.67,0,0.473,232
2024-01-03 16:00:00,Shopping_Mall,500,276,Foggy,23.16,0,0.562,224
2024-01-03 16:00:00,Residential_West,200,119,Rainy,30.48,0,0.496,81
2024-01-03 16:00:00,Suburban_East,200,116,Rainy,19.02,1,0.602,84
2024-01-03 17:00:00,Downtown_A,200,107,Clear,15.92,0,0.589,93
2024-01-03 17:00:00,Business_Hub,500,264,Rainy,30.24,0,0.513,236
2024-01-03 17:00:00,Shopping_Mall,500,257,Snowy,24.67,0,0.444,243
2024-01-03 17:00:00,Residential_West,200,113,Clear,14.46,0,0.508,87
2024-01-03 17:00:00,Suburban_East,200,112,Snowy,23.67,0,0.506,88
2024-01-03 18:00:00,Downtown_A,200,107,Rainy,16.86,0,0.534,93
2024-01-03 18:00:00,Business_Hub,500,241,Rainy,20.7,0,0.517,259
2024-01-03 18:00:00,Shopping_Mall,500,252,Rainy,16.62,0,0.459,248
2024-01-03 18:00:00,Residential_West,200,108,Clear,18.08,0,0.559,92
2024-01-03 18:00:00,Suburban_East,200,97,Rainy,26.74,0,0.489,103
2024-01-03 19:00:00,Downtown_A,200,88,Foggy,32.0,0,0.468,112
2024-01-03 19:00:00,Business_Hub,500,229,Rainy,11.31,0,0.425,271
2024-01-03 19:00:00,Shopping_Mall,500,241,Snowy,28.27,0,0.455,259
2024-01-03 19:00:00,Residential_West,200,90,Clear,25.87,0,0.542,110
2024-01-03 19:00:00,Suburban_East,200,86,Rainy,12.42,0,0.364,114
2024-01-03 20:00:00,Downtown_A,200,76,Foggy,21.87,0,0.413,124
2024-01-03 20:00:00,Business_Hub,500,236,Snowy,13.81,1,0.396,264
2024-01-03 20:00:00,Shopping_Mall,500,230,Clear,12.32,0,0.528,270
2024-01-03 20:00:00,Residential_West,200,83,Foggy,13.19,0,0.473,117
2024-01-03 20:00:00,Suburban_East,200,83,Clear,15.68,0,0.322,117
2024-01-03 21:00:00,Downtown_A,200,76,Rainy,33.42,0,0.356,124
2024-01-03 21:00:00,Business_Hub,500,217,Foggy,31.83,0,0.423,283
2024-01-03 21:00:00,Shopping_Mall,500,213,Snowy,34.8,0,0.483,287
2024-01-03 21:00:00,Residential_West,200,72,Foggy,23.31,0,0.336,128
2024-01-03 21:00:00,Suburban_East,200,71,Snowy,17.62,0,0.283,129
2024-01-03 22:00:00,Downtown_A,200,59,Rainy,33.93,0,0.334,141
2024-01-03 22:00:00,Business_Hub,500,213,Rainy,13.31,0,0.513,287
2024-01-03 22:00:00,Shopping_Mall,500,215,Rainy,30.73,0,0.451,285
2024-01-03 22:00:00,Residential_West,200,69,Rainy,13.66,0,0.436,131
2024-01-03 22:00:00,Suburban_East,200,67,Clear,33.41,0,0.321,133
2024-01-03 23:00:00,Downtown_A,200,61,Snowy,26.02,0,0.261,139
2024-01-03 23:00:00,Business_Hub,500,219,Snowy,24.11,0,0.368,281
2024-01-03 23:00:00,Shopping_Mall,500,217,Rainy,34.87,0,0.376,283
2024-01-03 23:00:00,Residential_West,200,58,Rainy,16.63,0,0.214,142
2024-01-03 23:00:00,Suburban_East,200,59,Clear,22.74,1,0.333,141
2024-01-04 00:00:00,Downtown_A,200,62,Foggy,26.39,0,0.271,138
2024-01-04 00:00:00,Business_Hub,500,215,Clear,32.17,0,0.475,285
2024-01-04 00:00:00,Shopping_Mall,500,207,Rainy,14.42,0,0.397,293
2024-01-04 00:00:00,Residential_West,200,54,Snowy,20.4,0,0.363,146
2024-01-04 00:00:00,Suburban_East,200,57,Clear,18.09,0,0.292,143
2024-01-04 01:00:00,Downtown_A,200,63,Clear,30.04,1,0.341,137
2024-01-04 01:00:00,Business_Hub,500,206,Snowy,22.48,0,0.422,294
2024-01-04 01:00:00,Shopping_Mall,500,211,Rainy,13.75,0,0.352,289
2024-01-04 01:00:00,Residential_West,200,60,Foggy,31.49,0,0.275,140
2024-01-04 01:00:00,Suburban_East,200,69,Clear,33.88,0,0.436,131
2024-01-04 02:00:00,Downtown_A,200,71,Clear,16.98,1,0.343,129
2024-01-04 02:00:00,Business_Hub,500,209,Foggy,21.54,0,0.369,291
2024-01-04 02:00:00,Shopping_Mall,500,219,Snowy,32.23,0,0.465,281
2024-01-04 02:00:00,Residential_West,200,66,Clear,28.44,0,0.406,134
2024-01-04 02:00:00,Suburban_East,200,64,Snowy,26.48,0,0.237,136
2024-01-04 03:00:00,Downtown_A,200,72,Clear,33.91,0,0.281,128
2024-01-04 03:00:00,Business_Hub,500,214,Snowy,33.56,0,0.398,286
2024-01-04 03:00:00,Shopping_Mall,500,216,Rainy,12.46,0,0.403,284
2024-01-04 03:00:00,Residential_West,200,67,Foggy,22.87,0,0.239,133
2024-01-04 03:00:00,Suburban_East,200,76,Foggy,25.62,0,0.436,124
2024-01-04 04:00:00,Downtown_A,200,78,Rainy,11.73,1,0.413,122
2024-01-04 04:00:00,Business_Hub,500,228,Snowy,34.21,0,0.452,272
2024-01-04 04:00:00,Shopping_Mall,500,237,Foggy,25.41,0,0.524,263
2024-01-04 04:00:00,Residential_West,200,88,Clear,33.2,0,0.349,112
2024-01-04 04:00:00,Suburban_East,200,74,Clear,14.09,0,0.358,126
2024-01-04 05:00:00,Downtown_A,200,79,Foggy,14.94,0,0.481,121
2024-01-04 05:00:00,Business_Hub,500,232,Snowy,31.98,0,0.527,268
2024-01-04 05:00:00,Shopping_Mall,500,244,Clear,28.88,0,0.497,256
2024-01-04 05:00:00,Residential_West,200,92,Foggy,11.35,0,0.515,108
2024-01-04 05:00:00,Suburban_East,200,93,Clear,33.43,0,0.516,107
2024-01-04 06:00:00,Downtown_A,200,99,Snowy,34.13,0,0.54,101
2024-01-04 06:00:00,Business_Hub,500,249,Foggy,28.32,0,0.428,251
2024-01-04 06:00:00,Shopping_Mall,500,251,Snowy,13.79,0,0.462,249
2024-01-04 06:00:00,Residential_West,200,113,Clear,29.03,0,0.58,87
2024-01-04 06:00:00,Suburban_East,200,98,Clear,32.04,0,0.439,102
2024-01-04 07:00:00,Downtown_A,200,110,Foggy,30.0,0,0.489,90
2024-01-04 07:00:00,Business_Hub,500,268,Snowy,27.2,0,0.559,232
2024-01-04 07:00:00,Shopping_Mall,500,262,Foggy,10.13,0,0.532,238
2024-01-04 07:00:00,Residential_West,200,103,Snowy,21.76,0,0.445,97
2024-01-04 07:00:00,Suburban_East,200,104,Snowy,21.22,0,0.445,96
2024-01-04 08:00:00,Downtown_A,200,121,Clear,10.05,0,0.583,79
2024-01-04 08:00:00,Business_Hub,500,274,Rainy,18.89,0,0.454,226
2024-01-04 08:00:00,Shopping_Mall,500,270,Rainy,28.09,0,0.536,230
2024-01-04 08:00:00,Residential_West,200,115,Foggy,24.02,0,0.52,85
2024-01-04 08:00:00,Suburban_East,200,125,Foggy,18.05,0,0.579,75
2024-01-04 09:00:00,Downtown_A,200,131,Foggy,18.36,0,0.585,69
2024-01-04 09:00:00,Business_Hub,500,283,Foggy,19.34,0,0.569,217
2024-01-04 09:00:00,Shopping_Mall,500,281,Clear,12.22,0,0.609,219
2024-01-04 09:00:00,Residential_West,200,135,Foggy,17.49,0,0.775,65
2024-01-04 09:00:00,Suburban_East,200,131,Foggy,29.64,0,0.683,69
2024-01-04 10:00:00,Downtown_A,200,140,Clear,33.76,0,0.677,60
2024-01-04 10:00:00,Business_Hub,500,283,Rainy,18.36,0,0.579,217
2024-01-04 10:00:00,Shopping_Mall,500,285,Clear,11.4,0,0.53,215
2024-01-04 10:00:00,Residential_West,200,125,Clear,31.05,0,0.57,75
2024-01-04 10:00:00,Suburban_East,200,133,Rainy,25.78,0,0.662,67
2024-01-04 11:00:00,Downtown_A,200,145,Snowy,20.92,0,0.806,55
2024-01-04 11:00:00,Business_Hub,500,285,Foggy,19.97,1,0.592,215
2024-01-04 11:00:00,Shopping_Mall,500,290,Clear,11.72,0,0.574,210
2024-01-04 11:00:00,Residential_West,200,133,Foggy,29.68,1,0.614,67
2024-01-04 11:00:00,Suburban_East,200,134,Snowy,21.24,0,0.644,66
2024-01-04 12:00:00,Downtown_A,200,139,Foggy,25.49,0,0.602,61
2024-01-04 12:00:00,Business_Hub,500,286,Rainy,20.28,0,0.541,214
2024-01-04 12:00:00,Shopping_Mall,500,291,Snowy,19.84,0,0.594,209
2024-01-04 12:00:00,Residential_West,200,140,Rainy,28.27,1,0.758,60
2024-01-04 12:00:00,Suburban_East,200,143,Foggy,18.46,0,0.655,57
2024-01-04 13:00:00,Downtown_A,200,132,Foggy,18.74,0,0.749,68
2024-01-04 13:00:00,Business_Hub,500,286,Snowy,27.09,0,0.522,214
2024-01-04 13:00:00,Shopping_Mall,500,285,Clear,31.5,0,0.666,215
2024-01-04 13:00:00,Residential_West,200,139,Rainy,15.65,0,0.704,61
2024-01-04 13:00:00,Suburban_East,200,136,Clear,33.64,0,0.666,64
2024-01-04 14:00:00,Downtown_A,200,132,Clear,28.73,0,0.642,68
2024-01-04 14:00:00,Business_Hub,500,294,Rainy,30.16,0,0.645,206
2024-01-04 14:00:00,Shopping_Mall,500,281,Snowy,28.96,0,0.495,219
2024-01-04 14:00:00,Residential_West,200,130,Foggy,31.95,0,0.554,70
2024-01-04 14:00:00,Suburban_East,200,132,Rainy,28.77,0,0.65,68
2024-01-04 15:00:00,Downtown_A,200,130,Foggy,21.6,1,0.661,70
2024-01-04 15:00:00,Business_Hub,500,277,Foggy,21.29,0,0.475,223
2024-01-04 15:00:00,Shopping_Mall,500,294,Clear,34.11,0,0.507,206
2024-01-04 15:00:00,Residential_West,200,119,Foggy,16.91,0,0.654,81
2024-01-04 15:00:00,Suburban_East,200,129,Snowy,32.88,0,0.674,71
2024-01-04 16:00:00,Downtown_A,200,122,Snowy,25.34,0,0.669,78
2024-01-04 16:00:00,Business_Hub,500,265,Snowy,34.59,0,0.609,235
2024-01-04 16:00:00,Shopping_Mall,500,267,Foggy,30.51,0,0.613,233
2024-01-04 16:00:00,Residential_West,200,117,Rainy,12.09,0,0.645,83
2024-01-04 16:00:00,Suburban_East,200,120,Snowy,22.13,0,0.693,80
2024-01-04 17:00:00,Downtown_A,200,117,Rainy,14.15,0,0.63,83
2024-01-04 17:00:00,Business_Hub,500,254,Clear,12.33,0,0.411,246
2024-01-04 17:00:00,Shopping_Mall,500,259,Rainy,11.99,0,0.583,241
2024-01-04 17:00:00,Residential_West,200,112,Rainy,12.77,0,0.624,88
2024-01-04 17:00:00,Suburban_East,200,108,Rainy,30.54,0,0.638,92
2024-01-04 18:00:00,Downtown_A,200,99,Foggy,23.14,0,0.561,101
2024-01-04 18:00:00,Business_Hub,500,238,Rainy,12.52,0,0.399,262
2024-01-04 18:00:00,Shopping_Mall,500,248,Rainy,25.34,0,0.486,252
2024-01-04 18:00:00,Residential_West,200,95,Clear,31.04,0,0.49,105
2024-01-04 18:00:00,Suburban_East,200,100,Foggy,12.66,0,0.425,100
2024-01-04 19:00:00,Downtown_A,200,90,Snowy,14.37,0,0.351,110
2024-01-04 19:00:00,Business_Hub,500,242,Snowy,18.51,0,0.44,258
2024-01-04 19:00:00,Shopping_Mall,500,237,Snowy,15.32,0,0.417,263
2024-01-04 19:00:00,Residential_West,200,94,Foggy,15.82,0,0.558,106
2024-01-04 19:00:00,Suburban_East,200,83,Snowy,16.51,1,0.327,117
2024-01-04 20:00:00,Downtown_A,200,83,Foggy,19.49,0,0.337,117
2024-01-04 20:00:00,Business_Hub,500,239,Rainy,19.51,1,0.454,261
2024-01-04 20:00:00,Shopping_Mall,500,229,Foggy,10.68,1,0.366,271
2024-01-04 20:00:00,Residential_West,200,75,Clear,17.31,1,0.3,125
2024-01-04 20:00:00,Suburban_East,200,83,Snowy,25.53,0,0.319,117
2024-01-04 21:00:00,Downtown_A,200,74,Clear,17.04,0,0.396,126
2024-01-04 21:00:00,Business_Hub,500,223,Foggy,16.58,0,0.454,277
2024-01-04 21:00:00,Shopping_Mall,500,218,Foggy,17.53,0,0.449,282
2024-01-04 21:00:00,Residential_West,200,66,Foggy,11.61,0,0.379,134
2024-01-04 21:00:00,Suburban_East,200,66,Clear,24.83,0,0.405,134
2024-01-04 22:00:00,Downtown_A,200,69,Snowy,16.69,0,0.252,131
2024-01-04 22:00:00,Business_Hub,500,212,Clear,11.59,0,0.439,288
2024-01-04 22:00:00,Shopping_Mall,500,210,Clear,10.82,0,0.339,290
2024-01-04 22:00:00,Residential_West,200,66,Foggy,24.29,0,0.243,134
2024-01-04 22:00:00,Suburban_East,200,56,Snowy,13.44,0,0.267,144
2024-01-04 23:00:00,Downtown_A,200,57,Rainy,25.18,0,0.218,143
2024-01-04 23:00:00,Business_Hub,500,219,Snowy,13.29,0,0.385,281
2024-01-04 23:00:00,Shopping_Mall,500,215,Snowy,26.31,1,0.487,285
2024-01-04 23:00:00,Residential_West,200,68,Snowy,20.17,0,0.341,132
2024-01-04 23:00:00,Suburban_East,200,64,Clear,21.81,0,0.221,136
2024-01-05 00:00:00,Downtown_A,200,57,Clear,21.82,0,0.379,143
2024-01-05 00:00:00,Business_Hub,500,206,Foggy,17.02,0,0.406,294
2024-01-05 00:00:00,Shopping_Mall,500,208,Rainy,30.83,0,0.318,292
2024-01-05 00:00:00,Residential_West,200,60,Snowy,30.06,0,0.257,140
2024-01-05 00:00:00,Suburban_East,200,50,Clear,30.42,0,0.336,150
2024-01-05 01:00:00,Downtown_A,200,61,Clear,18.63,0,0.369,139
2024-01-05 01:00:00,Business_Hub,500,211,Snowy,21.26,1,0.462,289
2024-01-05 01:00:00,Shopping_Mall,500,216,Foggy,20.55,0,0.365,284
2024-01-05 01:00:00,Residential_West,200,62,Foggy,17.42,0,0.332,138
2024-01-05 01:00:00,Suburban_East,200,63,Clear,10.04,0,0.406,137
2024-01-05 02:00:00,Downtown_A,200,66,Rainy,26.63,0,0.367,134
2024-01-05 02:00:00,Business_Hub,500,212,Clear,13.03,0,0.457,288
2024-01-05 02:00:00,Shopping_Mall,500,214,Snowy,28.75,0,0.344,286
2024-01-05 02:00:00,Residential_West,200,65,Rainy,19.05,0,0.354,135
2024-01-05 02:00:00,Suburban_East,200,66,Foggy,25.95,0,0.405,134
2024-01-05 03:00:00,Downtown_A,200,75,Snowy,23.35,0,0.381,125
2024-01-05 03:00:00,Business_Hub,500,221,Clear,12.11,0,0.401,279
2024-01-05 03:00:00,Shopping_Mall,500,220,Rainy,23.97,0,0.522,280
2024-01-05 03:00:00,Residential_West,200,75,Rainy,31.3,0,0.444,125
2024-01-05 03:00:00,Suburban_East,200,78,Clear,17.66,0,0.306,122
2024-01-05 04:00:00,Downtown_A,200,86,Foggy,24.48,0,0.494,114
2024-01-05 04:00:00,Business_Hub,500,228,Snowy,24.55,0,0.376,272
2024-01-05 04:00:00,Shopping_Mall,500,237,Snowy,22.79,0,0.512,263
2024-01-05 04:00:00,Residential_West,200,83,Clear,32.25,0,0.444,117
2024-01-05 04:00:00,Suburban_East,200,86,Snowy,29.79,0,0.398,114
2024-01-05 05:00:00,Downtown_A,200,96,Foggy,25.14,0,0.4,104
2024-01-05 05:00:00,Business_Hub,500,249,Clear,15.71,1,0.426,251
2024-01-05 05:00:00,Shopping_Mall,500,237,Clear,19.61,0,0.48,263
2024-01-05 05:00:00,Residential_West,200,89,Rainy,17.83,0,0.377,111
2024-01-05 05:00:00,Suburban_East,200,87,Rainy,32.5,0,0.433,113
2024-01-05 06:00:00,Downtown_A,200,99,Foggy,34.87,0,0.573,101
2024-01-05 06:00:00,Business_Hub,500,251,Snowy,34.03,0,0.42,249
2024-01-05 06:00:00,Shopping_Mall,500,242,Clear,21.95,0,0.492,258
2024-01-05 06:00:00,Residential_West,200,94,Clear,30.84,0,0.404,106
2024-01-05 06:00:00,Suburban_East,200,94,Clear,22.69,0,0.409,106
2024-01-05 07:00:00,Downtown_A,200,105,Snowy,23.94,0,0.472,95
2024-01-05 07:00:00,Business_Hub,500,254,Snowy,30.42,0,0.497,246
2024-01-05 07:00:00,Shopping_Mall,500,261,Snowy,32.01,0,0.578,239
2024-01-05 07:00:00,Residential_West,200,120,Clear,13.7,0,0.54,80
2024-01-05 07:00:00,Suburban_East,200,115,Rainy,15.69,1,0.617,85
2024-01-05 08:00:00,Downtown_A,200,121,Foggy,10.95,0,0.612,79
2024-01-05 08:00:00,Business_Hub,500,272,Clear,29.86,0,0.554,228
2024-01-05 08:00:00,Shopping_Mall,500,269,Foggy,28.87,0,0.634,231
2024-01-05 08:00:00,Residential_West,200,114,Foggy,17.14,0,0.53,86
2024-01-05 08:00:00,Suburban_East,200,117,Clear,19.06,0,0.587,83
2024-01-05 09:00:00,Downtown_A,200,135,Snowy,20.19,0,0.754,65
2024-01-05 09:00:00,Business_Hub,500,280,Foggy,34.9,0,0.651,220
2024-01-05 09:00:00,Shopping_Mall,500,285,Clear,31.17,0,0.471,215
2024-01-05 09:00:00,Residential_West,200,131,Snowy,28.35,0,0.68,69
2024-01-05 09:00:00,Suburban_East,200,113,Rainy,28.07,0,0.651,87
2024-01-05 10:00:00,Downtown_A,200,132,Rainy,18.34,0,0.632,68
2024-01-05 10:00:00,Business_Hub,500,280,Rainy,10.22,1,0.566,220
2024-01-05 10:00:00,Shopping_Mall,500,289,Snowy,11.1,0,0.537,211
2024-01-05 10:00:00,Residential_West,200,137,Snowy,13.57,0,0.712,63
2024-01-05 10:00:00,Suburban_East,200,138,Foggy,27.5,0,0.743,62
2024-01-05 11:00:00,Downtown_A,200,144,Rainy,11.94,0,0.7,56
2024-01-05 11:00:00,Business_Hub,500,285,Snowy,25.8,0,0.54,215
2024-01-05 11:00:00,Shopping_Mall,500,287,Clear,33.88,0,0.614,213
2024-01-05 11:00:00,Residential_West,200,136,Rainy,16.06,0,0.68,64
2024-01-05 11:00:00,Suburban_East,200,137,Rainy,20.07,0,0.614,63
2024-01-05 12:00:00,Downtown_A,200,136,Rainy,13.81,0,0.741,64
2024-01-05 12:00:00,Business_Hub,500,285,Snowy,21.91,0,0.474,215
2024-01-05 12:00:00,Shopping_Mall,500,290,Clear,20.4,0,0.601,210
2024-01-05 12:00:00,Residential_West,200,140,Snowy,22.58,0,0.638,60
2024-01-05 12:00:00,Suburban_East,200,149,Foggy,23.16,0,0.659,51
2024-01-05 13:00:00,Downtown_A,200,144,Clear,30.1,0,0.667,56
2024-01-05 13:00:00,Business_Hub,500,282,Rainy,20.04,0,0.619,218
2024-01-05 13:00:00,Shopping_Mall,500,288,Foggy,25.74,0,0.652,212
2024-01-05 13:00:00,Residential_West,200,134,Rainy,29.58,0,0.57,66
2024-01-05 13:00:00,Suburban_East,200,144,Clear,11.57,0,0.739,56
2024-01-05 14:00:00,Downtown_A,200,130,Clear,13.25,0,0.57,70
2024-01-05 14:00:00,Business_Hub,500,290,Foggy,29.72,0,0.653,210
2024-01-05 14:00:00,Shopping_Mall,500,288,Foggy,26.88,0,0.551,212
2024-01-05 14:00:00,Residential_West,200,133,Clear,19.69,0,0.573,67
2024-01-05 14:00:00,Suburban_East,200,137,Clear,16.96,0,0.718,63
2024-01-05 15:00:00,Downtown_A,200,124,Clear,17.45,0,0.655,76
2024-01-05 15:00:00,Business_Hub,500,281,Clear,22.46,0,0.472,219
2024-01-05 15:00:00,Shopping_Mall,500,284,Snowy,21.44,0,0.641,216
2024-01-05 15:00:00,Residential_West,200,121,Clear,14.65,0,0.515,79
2024-01-05 15:00:00,Suburban_East,200,121,Rainy,15.3,0,0.588,79
2024-01-05 16:00:00,Downtown_A,200,125,Clear,28.85,0,0.568,75
2024-01-05 16:00:00,Business_Hub,500,269,Foggy,26.29,0,0.517,231
2024-01-05 16:00:00,Shopping_Mall,500,275,Foggy,21.7,0,0.529,225
2024-01-05 16:00:00,Residential_West,200,113,Snowy,19.19,0,0.482,87
2024-01-05 16:00:00,Suburban_East,200,120,Clear,27.2,0,0.554,80
2024-01-05 17:00:00,Downtown_A,200,105,Rainy,10.48,0,0.607,95
2024-01-05 17:00:00,Business_Hub,500,259,Clear,32.65,0,0.499,241
2024-01-05 17:00:00,Shopping_Mall,500,247,Clear,34.09,0,0.539,253
2024-01-05 17:00:00,Residential_West,200,104,Snowy,15.5,0,0.575,96
2024-01-05 17:00:00,Suburban_East,200,115,Rainy,10.42,0,0.646,85
2024-01-05 18:00:00,Downtown_A,200,98,Foggy,18.3,0,0.443,102
2024-01-05 18:00:00,Business_Hub,500,250,Snowy,18.7,0,0.548,250
2024-01-05 18:00:00,Shopping_Mall,500,250,Clear,23.67,0,0.569,250
2024-01-05 18:00:00,Residential_West,200,100,Foggy,21.45,0,0.521,100
2024-01-05 18:00:00,Suburban_East,200,98,Rainy,25.08,0,0.436,102
2024-01-05 19:00:00,Downtown_A,200,88,Foggy,11.45,1,0.352,112
2024-01-05 19:00:00,Business_Hub,500,239,Foggy,29.42,0,0.571,261
2024-01-05 19:00:00,Shopping_Mall,500,240,Snowy,13.52,0,0.525,260
2024-01-05 19:00:00,Residential_West,200,91,Clear,23.18,1,0.384,109
2024-01-05 19:00:00,Suburban_East,200,96,Snowy,16.5,0,0.413,104
2024-01-05 20:00:00,Downtown_A,200,78,Snowy,11.52,0,0.384,122
2024-01-05 20:00:00,Business_Hub,500,232,Rainy,10.2,0,0.502,268
2024-01-05 20:00:00,Shopping_Mall,500,224,Snowy,29.03,0,0.54,276
2024-01-05 20:00:00,Residential_West,200,79,Rainy,11.91,0,0.485,121
2024-01-05 20:00:00,Suburban_East,200,79,Clear,21.46,0,0.404,121
2024-01-05 21:00:00,Downtown_A,200,78,Foggy,15.23,0,0.463,122
2024-01-05 21:00:00,Business_Hub,500,223,Rainy,12.72,0,0.394,277
2024-01-05 21:00:00,Shopping_Mall,500,223,Foggy,27.79,1,0.446,277
2024-01-05 21:00:00,Residential_West,200,63,Snowy,14.4,0,0.302,137
2024-01-05 21:00:00,Suburban_East,200,74,Rainy,14.75,0,0.273,126
2024-01-05 22:00:00,Downtown_A,200,65,Snowy,19.82,0,0.42,135
2024-01-05 22:00:00,Business_Hub,500,218,Foggy,16.18,0,0.491,282
2024-01-05 22:00:00,Shopping_Mall,500,210,Rainy,31.38,0,0.433,290
2024-01-05 22:00:00,Residential_West,200,67,Foggy,18.93,1,0.402,133
2024-01-05 22:00:00,Suburban_East,200,68,Foggy,14.45,0,0.284,132
2024-01-05 23:00:00,Downtown_A,200,55,Rainy,20.72,0,0.337,145
2024-01-05 23:00:00,Business_Hub,500,221,Clear,13.85,1,0.366,279
2024-01-05 23:00:00,Shopping_Mall,500,210,Clear,11.12,0,0.511,290
2024-01-05 23:00:00,Residential_West,200,54,Snowy,11.44,0,0.321,146
2024-01-05 23:00:00,Suburban_East,200,53,Clear,29.69,0,0.22,147
2024-01-06 00:00:00,Downtown_A,200,70,Rainy,32.56,0,0.381,130
2024-01-06 00:00:00,Business_Hub,500,234,Snowy,22.65,0,0.563,266
2024-01-06 00:00:00,Shopping_Mall,500,231,Clear,20.78,0,0.418,269
2024-01-06 00:00:00,Residential_West,200,79,Clear,22.92,0,0.408,121
2024-01-06 00:00:00,Suburban_East,200,75,Snowy,31.15,0,0.454,125
2024-01-06 01:00:00,Downtown_A,200,74,Snowy,21.91,0,0.423,126
2024-01-06 01:00:00,Business_Hub,500,233,Snowy,24.85,0,0.403,267
2024-01-06 01:00:00,Shopping_Mall,500,224,Snowy,11.73,1,0.475,276
2024-01-06 01:00:00,Residential_West,200,68,Foggy,11.19,0,0.402,132
2024-01-06 01:00:00,Suburban_East,200,82,Foggy,26.37,0,0.465,118
2024-01-06 02:00:00,Downtown_A,200,85,Snowy,33.28,0,0.381,115
2024-01-06 02:00:00,Business_Hub,500,240,Clear,10.0,0,0.489,260
2024-01-06 02:00:00,Shopping_Mall,500,231,Snowy,15.09,0,0.557,269
2024-01-06 02:00:00,Residential_West,200,85,Foggy,10.04,0,0.412,115
2024-01-06 02:00:00,Suburban_East,200,91,Snowy,25.24,0,0.525,109
2024-01-06 03:00:00,Downtown_A,200,95,Foggy,30.42,0,0.539,105
2024-01-06 03:00:00,Business_Hub,500,245,Snowy,15.51,0,0.551,255
2024-01-06 03:00:00,Shopping_Mall,500,240,Foggy,26.53,0,0.488,260
2024-01-06 03:00:00,Residential_West,200,100,Snowy,22.94,0,0.433,100
2024-01-06 03:00:00,Suburban_East,200,93,Rainy,16.63,0,0.491,107
2024-01-06 04:00:00,Downtown_A,200,105,Rainy,29.52,0,0.577,95
2024-01-06 04:00:00,Business_Hub,500,245,Clear,33.32,0,0.424,255
2024-01-06 04:00:00,Shopping_Mall,500,255,Clear,13.05,0,0.502,245
2024-01-06 04:00:00,Residential_West,200,104,Clear,16.85,0,0.59,96
2024-01-06 04:00:00,Suburban_East,200,97,Foggy,13.93,0,0.452,103
2024-01-06 05:00:00,Downtown_A,200,104,Foggy,24.05,1,0.573,96
2024-01-06 05:00:00,Business_Hub,500,247,Foggy,19.68,1,0.427,253
2024-01-06 05:00:00,Shopping_Mall,500,259,Snowy,30.97,0,0.421,241
2024-01-06 05:00:00,Residential_West,200,102,Snowy,27.65,0,0.551,98
2024-01-06 05:00:00,Suburban_East,200,107,Clear,22.62,0,0.543,93
2024-01-06 06:00:00,Downtown_A,200,118,Snowy,33.81,0,0.65,82
2024-01-06 06:00:00,Business_Hub,500,271,Clear,13.93,0,0.618,229
2024-01-06 06:00:00,Shopping_Mall,500,273,Clear,11.77,0,0.581,227
2024-01-06 06:00:00,Residential_West,200,118,Rainy,30.82,1,0.677,82
2024-01-06 06:00:00,Suburban_East,200,120,Snowy,14.79,0,0.558,80
2024-01-06 07:00:00,Downtown_A,200,127,Clear,28.32,0,0.722,73
2024-01-06 07:00:00,Business_Hub,500,277,Clear,11.8,0,0.591,223
2024-01-06 07:00:00,Shopping_Mall,500,271,Clear,26.04,0,0.518,229
2024-01-06 07:00:00,Residential_West,200,124,Rainy,25.03,1,0.604,76
2024-01-06 07:00:00,Suburban_East,200,132,Snowy,20.8,1,0.625,68
2024-01-06 08:00:00,Downtown_A,200,140,Rainy,23.69,1,0.636,60
2024-01-06 08:00:00,Business_Hub,500,286,Rainy,27.61,0,0.583,214
2024-01-06 08:00:00,Shopping_Mall,500,284,Rainy,22.92,0,0.521,216
2024-01-06 08:00:00,Residential_West,200,131,Foggy,26.42,1,0.681,69
2024-01-06 08:00:00,Suburban_East,200,136,Rainy,11.71,0,0.595,64
2024-01-06 09:00:00,Downtown_A,200,149,Snowy,25.59,0,0.784,51
2024-01-06 09:00:00,Business_Hub,500,304,Clear,23.14,0,0.63,196
2024-01-06 09:00:00,Shopping_Mall,500,303,Foggy,33.67,0,0.506,197
2024-01-06 09:00:00,Residential_West,200,151,Rainy,25.63,0,0.696,49
2024-01-06 09:00:00,Suburban_East,200,149,Clear,10.38,0,0.655,51
2024-01-06 10:00:00,Downtown_A,200,153,Foggy,28.14,0,0.857,47
2024-01-06 10:00:00,Business_Hub,500,296,Rainy,34.43,0,0.64,204
2024-01-06 10:00:00,Shopping_Mall,500,304,Snowy,12.11,0,0.527,196
2024-01-06 10:00:00,Residential_West,200,153,Foggy,20.86,0,0.837,47
2024-01-06 10:00:00,Suburban_East,200,154,Clear,26.77,0,0.793,46
2024-01-06 11:00:00,Downtown_A,200,158,Snowy,14.98,0,0.731,42
2024-01-06 11:00:00,Business_Hub,500,304,Foggy,32.78,0,0.562,196
2024-01-06 11:00:00,Shopping_Mall,500,305,Rainy,25.17,0,0.595,195
2024-01-06 11:00:00,Residential_West,200,160,Snowy,17.08,0,0.865,40
2024-01-06 11:00:00,Suburban_East,200,160,Rainy,28.57,0,0.779,40
2024-01-06 12:00:00,Downtown_A,200,156,Clear,15.16,0,0.754,44
2024-01-06 12:00:00,Business_Hub,500,310,Foggy,19.21,0,0.587,190
2024-01-06 12:00:00,Shopping_Mall,500,315,Clear,31.84,0,0.621,185
2024-01-06 12:00:00,Residential_West,200,163,Foggy,21.06,0,0.882,37
2024-01-06 12:00:00,Suburban_East,200,157,Clear,15.03,0,0.774,43
2024-01-06 13:00:00,Downtown_A,200,162,Snowy,22.28,1,0.792,38
2024-01-06 13:00:00,Business_Hub,500,309,Rainy,20.22,1,0.6,191
2024-01-06 13:00:00,Shopping_Mall,500,306,Clear,11.76,0,0.534,194
2024-01-06 13:00:00,Residential_West,200,162,Foggy,21.16,0,0.873,38
2024-01-06 13:00:00,Suburban_East,200,160,Foggy,16.25,0,0.702,40
2024-01-06 14:00:00,Downtown_A,200,143,Foggy,31.82,0,0.686,57
2024-01-06 14:00:00,Business_Hub,500,307,Snowy,33.82,0,0.557,193
2024-01-06 14:00:00,Shopping_Mall,500,305,Clear,17.97,1,0.698,195
2024-01-06 14:00:00,Residential_West,200,143,Clear,22.58,0,0.631,57
2024-01-06 14:00:00,Suburban_East,200,156,Snowy,21.55,0,0.848,44
2024-01-06 15:00:00,Downtown_A,200,152,Clear,14.01,0,0.663,48
2024-01-06 15:00:00,Business_Hub,500,301,Snowy,20.74,0,0.548,199
2024-01-06 15:00:00,Shopping_Mall,500,293,Clear,28.31,0,0.659,207
2024-01-06 15:00:00,Residential_West,200,146,Foggy,24.55,0,0.701,54
2024-01-06 15:00:00,Suburban_East,200,150,Snowy,16.13,0,0.692,50
2024-01-06 16:00:00,Downtown_A,200,133,Foggy,24.3,1,0.609,67
2024-01-06 16:00:00,Business_Hub,500,287,Clear,20.72,0,0.557,213
2024-01-06 16:00:00,Shopping_Mall,500,295,Rainy,18.19,0,0.524,205
2024-01-06 16:00:00,Residential_West,200,145,Clear,23.31,0,0.74,55
2024-01-06 16:00:00,Suburban_East,200,135,Foggy,34.51,0,0.642,65
2024-01-06 17:00:00,Downtown_A,200,131,Rainy,32.39,0,0.578,69
2024-01-06 17:00:00,Business_Hub,500,266,Clear,31.43,0,0.436,234
2024-01-06 17:00:00,Shopping_Mall,500,281,Clear,25.71,0,0.544,219
2024-01-06 17:00:00,Residential_West,200,131,Clear,31.85,0,0.722,69
2024-01-06 17:00:00,Suburban_East,200,139,Rainy,29.79,0,0.62,61
2024-01-06 18:00:00,Downtown_A,200,121,Snowy,10.33,0,0.682,79
2024-01-06 18:00:00,Business_Hub,500,268,Rainy,32.54,0,0.566,232
2024-01-06 18:00:00,Shopping_Mall,500,274,Foggy,23.64,1,0.642,226
2024-01-06 18:00:00,Residential_West,200,108,Clear,30.1,0,0.53,92
2024-01-06 18:00:00,Suburban_East,200,114,Foggy,25.21,0,0.54,86
2024-01-06 19:00:00,Downtown_A,200,106,Foggy,28.07,0,0.505,94
2024-01-06 19:00:00,Business_Hub,500,262,Foggy,25.8,0,0.521,238
2024-01-06 19:00:00,Shopping_Mall,500,253,Foggy,11.66,0,0.427,247
2024-01-06 19:00:00,Residential_West,200,116,Snowy,26.94,0,0.63,84
2024-01-06 19:00:00,Suburban_East,200,111,Snowy,25.51,0,0.458,89
2024-01-06 20:00:00,Downtown_A,200,97,Clear,13.97,0,0.563,103
2024-01-06 20:00:00,Business_Hub,500,247,Clear,26.35,0,0.515,253
2024-01-06 20:00:00,Shopping_Mall,500,259,Rainy,20.37,0,0.449,241
2024-01-06 20:00:00,Residential_West,200,105,Foggy,17.85,0,0.502,95
2024-01-06 20:00:00,Suburban_East,200,98,Foggy,28.64,0,0.572,102
2024-01-06 21:00:00,Downtown_A,200,84,Rainy,19.57,0,0.437,116
2024-01-06 21:00:00,Business_Hub,500,247,Rainy,23.33,0,0.448,253
2024-01-06 21:00:00,Shopping_Mall,500,244,Clear,18.11,0,0.538,256
2024-01-06 21:00:00,Residential_West,200,94,Foggy,30.59,0,0.414,106
2024-01-06 21:00:00,Suburban_East,200,86,Snowy,29.45,0,0.485,114
2024-01-06 22:00:00,Downtown_A,200,80,Clear,21.6,0,0.386,120
2024-01-06 22:00:00,Business_Hub,500,242,Foggy,16.08,0,0.467,258
2024-01-06 22:00:00,Shopping_Mall,500,235,Foggy,15.03,0,0.435,265
2024-01-06 22:00:00,Residential_West,200,84,Snowy,34.9,0,0.467,116
2024-01-06 22:00:00,Suburban_East,200,83,Foggy,34.18,0,0.43,117
2024-01-06 23:00:00,Downtown_A,200,84,Clear,28.7,0,0.501,116
2024-01-06 23:00:00,Business_Hub,500,226,Snowy,31.23,0,0.356,274
2024-01-06 23:00:00,Shopping_Mall,500,230,Foggy,26.36,0,0.363,270
2024-01-06 23:00:00,Residential_West,200,88,Snowy,22.79,0,0.348,112
2024-01-06 23:00:00,Suburban_East,200,84,Clear,31.61,0,0.508,116
2024-01-07 00:00:00,Downtown_A,200,80,Snowy,26.9,0,0.451,120
2024-01-07 00:00:00,Business_Hub,500,230,Foggy,24.92,1,0.476,270
2024-01-07 00:00:00,Shopping_Mall,500,228,Snowy,21.73,0,0.462,272
2024-01-07 00:00:00,Residential_West,200,82,Rainy,30.11,0,0.409,118
2024-01-07 00:00:00,Suburban_East,200,77,Rainy,19.06,0,0.376,123
2024-01-07 01:00:00,Downtown_A,200,81,Snowy,14.18,0,0.327,119
2024-01-07 01:00:00,Business_Hub,500,236,Rainy,23.87,0,0.502,264
2024-01-07 01:00:00,Shopping_Mall,500,236,Clear,14.48,0,0.534,264
2024-01-07 01:00:00,Residential_West,200,91,Rainy,11.52,0,0.522,109
2024-01-07 01:00:00,Suburban_East,200,78,Snowy,27.49,0,0.295,122
2024-01-07 02:00:00,Downtown_A,200,80,Clear,24.61,0,0.38,120
2024-01-07 02:00:00,Business_Hub,500,250,Rainy,24.58,0,0.529,250
2024-01-07 02:00:00,Shopping_Mall,500,233,Foggy,15.77,1,0.372,267
2024-01-07 02:00:00,Residential_West,200,84,Snowy,32.07,0,0.443,116
2024-01-07 02:00:00,Suburban_East,200,87,Foggy,19.39,0,0.512,113
2024-01-07 03:00:00,Downtown_A,200,90,Clear,34.93,0,0.527,110
2024-01-07 03:00:00,Business_Hub,500,242,Foggy,33.52,0,0.579,258
2024-01-07 03:00:00,Shopping_Mall,500,245,Foggy,11.68,1,0.416,255
2024-01-07 03:00:00,Residential_West,200,93,Snowy,23.8,0,0.553,107
2024-01-07 03:00:00,Suburban_East,200,93,Rainy,15.73,0,0.448,107
2024-01-07 04:00:00,Downtown_A,200,97,Clear,23.25,1,0.418,103
2024-01-07 04:00:00,Business_Hub,500,248,Foggy,20.99,0,0.429,252
2024-01-07 04:00:00,Shopping_Mall,500,246,Rainy,10.51,0,0.452,254
2024-01-07 04:00:00,Residential_West,200,105,Foggy,26.85,0,0.498,95
2024-01-07 04:00:00,Suburban_East,200,102,Foggy,11.91,1,0.439,98
2024-01-07 05:00:00,Downtown_A,200,106,Rainy,22.11,0,0.484,94
2024-01-07 05:00:00,Business_Hub,500,266,Rainy,29.51,0,0.459,234
2024-01-07 05:00:00,Shopping_Mall,500,261,Foggy,16.84,0,0.484,239
2024-01-07 05:00:00,Residential_West,200,109,Clear,27.88,0,0.506,91
2024-01-07 05:00:00,Suburban_East,200,105,Rainy,28.13,0,0.498,95
2024-01-07 06:00:00,Downtown_A,200,125,Snowy,11.12,0,0.697,75
2024-01-07 06:00:00,Business_Hub,500,273,Foggy,32.24,0,0.559,227
2024-01-07 06:00:00,Shopping_Mall,500,269,Snowy,23.99,0,0.586,231
2024-01-07 06:00:00,Residential_West,200,112,Clear,31.49,0,0.592,88
2024-01-07 06:00:00,Suburban_East,200,117,Rainy,32.58,0,0.637,83
2024-01-07 07:00:00,Downtown_A,200,120,Rainy,24.19,0,0.664,80
2024-01-07 07:00:00,Business_Hub,500,291,Snowy,33.31,0,0.528,209
2024-01-07 07:00:00,Shopping_Mall,500,279,Snowy,24.27,0,0.514,221
2024-01-07 07:00:00,Residential_West,200,125,Rainy,32.58,0,0.562,75
2024-01-07 07:00:00,Suburban_East,200,126,Snowy,24.28,0,0.645,74
2024-01-07 08:00:00,Downtown_A,200,146,Snowy,18.44,0,0.703,54
2024-01-07 08:00:00,Business_Hub,500,287,Clear,14.38,0,0.589,213
2024-01-07 08:00:00,Shopping_Mall,500,286,Snowy,24.72,0,0.647,214
2024-01-07 08:00:00,Residential_West,200,136,Rainy,29.81,0,0.705,64
2024-01-07 08:00:00,Suburban_East,200,136,Snowy,14.99,0,0.672,64
2024-01-07 09:00:00,Downtown_A,200,150,Snowy,11.0,0,0.697,50
2024-01-07 09:00:00,Business_Hub,500,295,Snowy,10.16,0,0.672,205
2024-01-07 09:00:00,Shopping_Mall,500,294,Snowy,22.18,0,0.628,206
2024-01-07 09:00:00,Residential_West,200,145,Clear,26.86,0,0.791,55
2024-01-07 09:00:00,Suburban_East,200,155,Clear,22.76,0,0.684,45
2024-01-07 10:00:00,Downtown_A,200,154,Snowy,25.66,0,0.77,46
2024-01-07 10:00:00,Business_Hub,500,309,Clear,30.98,0,0.689,191
2024-01-07 10:00:00,Shopping_Mall,500,304,Snowy,21.64,0,0.555,196
2024-01-07 10:00:00,Residential_West,200,152,Foggy,17.03,0,0.843,48
2024-01-07 10:00:00,Suburban_East,200,160,Snowy,24.21,0,0.778,40
2024-01-07 11:00:00,Downtown_A,200,156,Rainy,26.93,0,0.722,44
2024-01-07 11:00:00,Business_Hub,500,307,Clear,28.74,0,0.527,193
2024-01-07 11:00:00,Shopping_Mall,500,311,Clear,15.86,0,0.54,189
2024-01-07 11:00:00,Residential_West,200,161,Clear,26.33,0,0.758,39
2024-01-07 11:00:00,Suburban_East,200,159,Rainy,33.68,0,0.754,41
2024-01-07 12:00:00,Downtown_A,200,155,Rainy,21.39,0,0.731,45
2024-01-07 12:00:00,Business_Hub,500,314,Foggy,25.57,1,0.637,186
2024-01-07 12:00:00,Shopping_Mall,500,304,Snowy,31.24,0,0.524,196
2024-01-07 12:00:00,Residential_West,200,153,Clear,33.39,0,0.863,47
2024-01-07 12:00:00,Suburban_East,200,163,Clear,16.0,0,0.727,37
2024-01-07 13:00:00,Downtown_A,200,157,Snowy,34.2,0,0.74,43
2024-01-07 13:00:00,Business_Hub,500,300,Rainy,32.62,0,0.594,200
2024-01-07 13:00:00,Shopping_Mall,500,308,Snowy,32.61,0,0.571,192
2024-01-07 13:00:00,Residential_West,200,153,Snowy,18.92,0,0.745,47
2024-01-07 13:00:00,Suburban_East,200,167,Foggy,27.28,0,0.794,33
2024-01-07 14:00:00,Downtown_A,200,152,Clear,31.58,0,0.728,48
2024-01-07 14:00:00,Business_Hub,500,302,Clear,23.29,0,0.539,198
2024-01-07 14:00:00,Shopping_Mall,500,295,Rainy,25.81,0,0.609,205
2024-01-07 14:00:00,Residential_West,200,154,Rainy,32.56,0,0.748,46
2024-01-07 14:00:00,Suburban_East,200,158,Foggy,31.83,0,0.876,42
2024-01-07 15:00:00,Downtown_A,200,154,Foggy,19.99,0,0.81,46
2024-01-07 15:00:00,Business_Hub,500,297,Snowy,19.04,0,0.609,203
2024-01-07 15:00:00,Shopping_Mall,500,298,Clear,11.68,0,0.613,202
2024-01-07 15:00:00,Residential_West,200,150,Rainy,29.74,0,0.671,50
2024-01-07 15:00:00,Suburban_East,200,158,Clear,30.47,1,0.802,42
2024-01-07 16:00:00,Downtown_A,200,130,Foggy,10.68,0,0.56,70
2024-01-07 16:00:00,Business_Hub,500,285,Clear,25.35,0,0.514,215
2024-01-07 16:00:00,Shopping_Mall,500,280,Clear,11.91,0,0.625,220
2024-01-07 16:00:00,Residential_West,200,145,Rainy,30.14,0,0.784,55
2024-01-07 16:00:00,Suburban_East,200,132,Rainy,14.57,0,0.728,68
2024-01-07 17:00:00,Downtown_A,200,116,Clear,19.62,0,0.595,84
2024-01-07 17:00:00,Business_Hub,500,282,Rainy,11.91,0,0.488,218
2024-01-07 17:00:00,Shopping_Mall,500,279,Snowy,21.89,0,0.578,221
2024-01-07 17:00:00,Residential_West,200,132,Clear,33.2,0,0.754,68
2024-01-07 17:00:00,Suburban_East,200,125,Foggy,12.91,0,0.57,75
2024-01-07 18:00:00,Downtown_A,200,120,Snowy,15.79,0,0.515,80
2024-01-07 18:00:00,Business_Hub,500,272,Foggy,30.37,0,0.632,228
2024-01-07 18:00:00,Shopping_Mall,500,263,Foggy,28.75,0,0.447,237
2024-01-07 18:00:00,Residential_West,200,116,Clear,11.75,0,0.588,84
2024-01-07 18:00:00,Suburban_East,200,118,Rainy,13.91,0,0.655,82
2024-01-07 19:00:00,Downtown_A,200,107,Rainy,23.93,0,0.539,93
2024-01-07 19:00:00,Business_Hub,500,268,Clear,30.91,0,0.628,232
2024-01-07 19:00:00,Shopping_Mall,500,259,Snowy,25.89,0,0.511,241
2024-01-07 19:00:00,Residential_West,200,116,Clear,29.52,0,0.586,84
2024-01-07 19:00:00,Suburban_East,200,106,Rainy,13.66,0,0.519,94
2024-01-07 20:00:00,Downtown_A,200,106,Foggy,29.2,0,0.516,94
2024-01-07 20:00:00,Business_Hub,500,250,Snowy,22.1,0,0.487,250
2024-01-07 20:00:00,Shopping_Mall,500,253,Snowy,23.99,0,0.471,247
2024-01-07 20:00:00,Residential_West,200,91,Foggy,34.14,0,0.498,109
2024-01-07 20:00:00,Suburban_East,200,95,Rainy,21.01,0,0.509,105
2024-01-07 21:00:00,Downtown_A,200,98,Snowy,16.65,1,0.466,102
2024-01-07 21:00:00,Business_Hub,500,242,Clear,20.77,0,0.516,258
2024-01-07 21:00:00,Shopping_Mall,500,240,Rainy,25.57,0,0.42,260
2024-01-07 21:00:00,Residential_West,200,93,Foggy,13.26,0,0.448,107
2024-01-07 21:00:00,Suburban_East,200,82,Rainy,32.45,0,0.398,118
2024-01-07 22:00:00,Downtown_A,200,81,Rainy,13.99,0,0.308,119
2024-01-07 22:00:00,Business_Hub,500,234,Snowy,10.59,0,0.383,266
2024-01-07 22:00:00,Shopping_Mall,500,237,Rainy,33.17,0,0.559,263
2024-01-07 22:00:00,Residential_West,200,83,Snowy,19.82,0,0.399,117
2024-01-07 22:00:00,Suburban_East,200,84,Snowy,16.2,0,0.477,116
2024-01-07 23:00:00,Downtown_A,200,81,Foggy,34.35,0,0.378,119
2024-01-07 23:00:00,Business_Hub,500,236,Snowy,13.3,0,0.426,264
2024-01-07 23:00:00,Shopping_Mall,500,226,Foggy,20.65,0,0.391,274
2024-01-07 23:00:00,Residential_West,200,78,Clear,12.19,0,0.335,122
2024-01-07 23:00:00,Suburban_East,200,84,Rainy,18.44,0,0.359,116
2024-01-08 00:00:00,Downtown_A,200,45,Foggy,27.35,0,0.192,155
2024-01-08 00:00:00,Business_Hub,500,208,Clear,30.14,0,0.359,292
2024-01-08 00:00:00,Shopping_Mall,500,209,Foggy,20.19,0,0.372,291
2024-01-08 00:00:00,Residential_West,200,59,Rainy,10.87,0,0.229,141
2024-01-08 00:00:00,Suburban_East,200,55,Clear,18.62,0,0.303,145
2024-01-08 01:00:00,Downtown_A,200,64,Clear,15.75,0,0.282,136
2024-01-08 01:00:00,Business_Hub,500,215,Clear,23.64,0,0.495,285
2024-01-08 01:00:00,Shopping_Mall,500,205,Snowy,28.45,0,0.319,295
2024-01-08 01:00:00,Residential_West,200,55,Rainy,21.11,0,0.191,145
2024-01-08 01:00:00,Suburban_East,200,65,Rainy,29.85,0,0.248,135
2024-01-08 02:00:00,Downtown_A,200,70,Clear,29.2,0,0.308,130
2024-01-08 02:00:00,Business_Hub,500,216,Rainy,18.26,0,0.421,284
2024-01-08 02:00:00,Shopping_Mall,500,213,Snowy,16.97,0,0.513,287
2024-01-08 02:00:00,Residential_West,200,67,Snowy,10.41,0,0.255,133
2024-01-08 02:00:00,Suburban_East,200,68,Foggy,22.79,0,0.291,132
2024-01-08 03:00:00,Downtown_A,200,68,Rainy,26.85,0,0.298,132
2024-01-08 03:00:00,Business_Hub,500,227,Rainy,29.15,0,0.473,273
2024-01-08 03:00:00,Shopping_Mall,500,215,Foggy,16.9,0,0.33,285
2024-01-08 03:00:00,Residential_West,200,75,Clear,26.53,0,0.322,125
2024-01-08 03:00:00,Suburban_East,200,66,Rainy,13.27,0,0.28,134
2024-01-08 04:00:00,Downtown_A,200,75,Rainy,20.28,0,0.371,125
2024-01-08 04:00:00,Business_Hub,500,236,Rainy,12.04,0,0.378,264
2024-01-08 04:00:00,Shopping_Mall,500,230,Foggy,28.11,0,0.445,270
2024-01-08 04:00:00,Residential_West,200,78,Clear,34.13,0,0.417,122
2024-01-08 04:00:00,Suburban_East,200,80,Foggy,19.07,0,0.413,120
2024-01-08 05:00:00,Downtown_A,200,94,Foggy,18.52,1,0.538,106
2024-01-08 05:00:00,Business_Hub,500,234,Foggy,28.17,0,0.511,266
2024-01-08 05:00:00,Shopping_Mall,500,238,Foggy,29.8,0,0.575,262
2024-01-08 05:00:00,Residential_West,200,91,Foggy,28.91,0,0.414,109
2024-01-08 05:00:00,Suburban_East,200,90,Clear,25.84,0,0.535,110
2024-01-08 06:00:00,Downtown_A,200,105,Snowy,13.16,0,0.536,95
2024-01-08 06:00:00,Business_Hub,500,243,Rainy,32.96,0,0.571,257
2024-01-08 06:00:00,Shopping_Mall,500,248,Snowy,17.47,0,0.542,252
2024-01-08 06:00:00,Residential_West,200,95,Snowy,18.91,0,0.378,105
2024-01-08 06:00:00,Suburban_East,200,100,Snowy,30.59,0,0.57,100
2024-01-08 07:00:00,Downtown_A,200,108,Snowy,23.72,0,0.551,92
2024-01-08 07:00:00,Business_Hub,500,252,Snowy,22.0,0,0.452,248
2024-01-08 07:00:00,Shopping_Mall,500,267,Snowy,34.68,0,0.45,233
2024-01-08 07:00:00,Residential_West,200,115,Rainy,21.6,0,0.674,85
2024-01-08 07:00:00,Suburban_East,200,110,Clear,20.07,0,0.545,90
2024-01-08 08:00:00,Downtown_A,200,114,Snowy,28.46,0,0.497,86
2024-01-08 08:00:00,Business_Hub,500,275,Foggy,27.52,0,0.474,225
2024-01-08 08:00:00,Shopping_Mall,500,269,Clear,29.51,0,0.584,231
2024-01-08 08:00:00,Residential_West,200,125,Foggy,21.08,0,0.678,75
2024-01-08 08:00:00,Suburban_East,200,118,Rainy,23.09,0,0.515,82
2024-01-08 09:00:00,Downtown_A,200,130,Clear,23.53,0,0.61,70
2024-01-08 09:00:00,Business_Hub,500,284,Rainy,17.39,1,0.515,216
2024-01-08 09:00:00,Shopping_Mall,500,289,Snowy,27.23,0,0.583,211
2024-01-08 09:00:00,Residential_West,200,132,Foggy,23.62,0,0.74,68
2024-01-08 09:00:00,Suburban_East,200,120,Snowy,26.02,0,0.679,80
2024-01-08 10:00:00,Downtown_A,200,137,Snowy,33.54,0,0.696,63
2024-01-08 10:00:00,Business_Hub,500,280,Foggy,11.42,0,0.606,220
2024-01-08 10:00:00,Shopping_Mall,500,279,Snowy,33.27,0,0.593,221
2024-01-08 10:00:00,Residential_West,200,140,Foggy,33.37,0,0.661,60
2024-01-08 10:00:00,Suburban_East,200,135,Rainy,30.39,0,0.769,65
2024-01-08 11:00:00,Downtown_A,200,133,Rainy,14.05,0,0.58,67
2024-01-08 11:00:00,Business_Hub,500,282,Foggy,34.65,0,0.487,218
2024-01-08 11:00:00,Shopping_Mall,500,280,Clear,21.05,0,0.583,220
2024-01-08 11:00:00,Residential_West,200,139,Clear,14.51,0,0.786,61
2024-01-08 11:00:00,Suburban_East,200,141,Rainy,20.04,0,0.71,59
2024-01-08 12:00:00,Downtown_A,200,138,Clear,25.5,0,0.623,62
2024-01-08 12:00:00,Business_Hub,500,285,Snowy,24.88,0,0.513,215
2024-01-08 12:00:00,Shopping_Mall,500,280,Rainy,23.25,0,0.621,220
2024-01-08 12:00:00,Residential_West,200,144,Clear,19.91,0,0.739,56
2024-01-08 12:00:00,Suburban_East,200,139,Foggy,25.36,0,0.682,61
2024-01-08 13:00:00,Downtown_A,200,138,Foggy,24.67,0,0.654,62
2024-01-08 13:00:00,Business_Hub,500,288,Rainy,18.99,0,0.602,212
2024-01-08 13:00:00,Shopping_Mall,500,284,Clear,13.11,0,0.507,216
2024-01-08 13:00:00,Residential_West,200,140,Clear,10.26,0,0.716,60
2024-01-08 13:00:00,Suburban_East,200,125,Foggy,33.76,0,0.555,75
2024-01-08 14:00:00,Downtown_A,200,131,Snowy,25.26,0,0.581,69
2024-01-08 14:00:00,Business_Hub,500,288,Rainy,24.99,1,0.499,212
2024-01-08 14:00:00,Shopping_Mall,500,278,Snowy,14.92,0,0.545,222
2024-01-08 14:00:00,Residential_West,200,131,Foggy,18.83,0,0.595,69
2024-01-08 14:00:00,Suburban_East,200,140,Clear,21.13,0,0.726,60
2024-01-08 15:00:00,Downtown_A,200,129,Snowy,23.53,0,0.594,71
2024-01-08 15:00:00,Business_Hub,500,281,Clear,30.49,0,0.576,219
2024-01-08 15:00:00,Shopping_Mall,500,271,Clear,23.09,0,0.6,229
2024-01-08 15:00:00,Residential_West,200,125,Snowy,13.57,0,0.613,75
2024-01-08 15:00:00,Suburban_East,200,129,Snowy,11.28,0,0.594,71
2024-01-08 16:00:00,Downtown_A,200,105,Snowy,14.85,0,0.502,95
2024-01-08 16:00:00,Business_Hub,500,280,Snowy,11.78,0,0.461,220
2024-01-08 16:00:00,Shopping_Mall,500,275,Clear,12.84,1,0.562,225
2024-01-08 16:00:00,Residential_West,200,120,Rainy,14.63,0,0.656,80
2024-01-08 16:00:00,Suburban_East,200,117,Rainy,21.36,0,0.674,83
2024-01-08 17:00:00,Downtown_A,200,111,Clear,13.17,0,0.642,89
2024-01-08 17:00:00,Business_Hub,500,252,Snowy,27.27,0,0.476,248
2024-01-08 17:00:00,Shopping_Mall,500,260,Rainy,19.55,0,0.429,240
2024-01-08 17:00:00,Residential_West,200,116,Snowy,20.34,0,0.562,84
2024-01-08 17:00:00,Suburban_East,200,117,Foggy,14.43,0,0.601,83
2024-01-08 18:00:00,Downtown_A,200,100,Foggy,12.87,0,0.546,100
2024-01-08 18:00:00,Business_Hub,500,252,Foggy,14.48,0,0.438,248
2024-01-08 18:00:00,Shopping_Mall,500,252,Snowy,29.54,0,0.499,248
2024-01-08 18:00:00,Residential_West,200,109,Snowy,29.56,1,0.571,91
2024-01-08 18:00:00,Suburban_East,200,102,Foggy,22.25,0,0.576,98
2024-01-08 19:00:00,Downtown_A,200,87,Rainy,14.52,0,0.483,113
2024-01-08 19:00:00,Business_Hub,500,245,Snowy,19.3,0,0.474,255
2024-01-08 19:00:00,Shopping_Mall,500,235,Rainy,11.49,0,0.384,265
2024-01-08 19:00:00,Residential_West,200,88,Clear,25.47,0,0.45,112
2024-01-08 19:00:00,Suburban_East,200,84,Foggy,26.89,0,0.332,116
2024-01-08 20:00:00,Downtown_A,200,77,Snowy,27.52,0,0.419,123
2024-01-08 20:00:00,Business_Hub,500,224,Rainy,24.39,0,0.536,276
2024-01-08 20:00:00,Shopping_Mall,500,242,Rainy,11.73,0,0.498,258
2024-01-08 20:00:00,Residential_West,200,73,Snowy,29.51,0,0.316,127
2024-01-08 20:00:00,Suburban_East,200,84,Snowy,14.89,0,0.433,116
2024-01-08 21:00:00,Downtown_A,200,66,Clear,13.33,0,0.256,134
2024-01-08 21:00:00,Business_Hub,500,230,Clear,17.98,0,0.463,270
2024-01-08 21:00:00,Shopping_Mall,500,214,Clear,28.37,0,0.51,286
2024-01-08 21:00:00,Residential_West,200,74,Snowy,11.52,0,0.305,126
2024-01-08 21:00:00,Suburban_East,200,72,Foggy,20.18,0,0.403,128
2024-01-08 22:00:00,Downtown_A,200,65,Foggy,13.04,0,0.23,135
2024-01-08 22:00:00,Business_Hub,500,215,Clear,30.25,0,0.393,285
2024-01-08 22:00:00,Shopping_Mall,500,216,Snowy,14.12,0,0.446,284
2024-01-08 22:00:00,Residential_West,200,66,Rainy,17.66,0,0.388,134
2024-01-08 22:00:00,Suburban_East,200,57,Foggy,14.43,0,0.308,143
2024-01-08 23:00:00,Downtown_A,200,70,Clear,15.35,0,0.405,130
2024-01-08 23:00:00,Business_Hub,500,217,Snowy,31.59,0,0.337,283
2024-01-08 23:00:00,Shopping_Mall,500,209,Clear,10.5,0,0.377,291
2024-01-08 23:00:00,Residential_West,200,60,Rainy,32.15,0,0.313,140
2024-01-08 23:00:00,Suburban_East,200,66,Clear,28.0,0,0.234,134
2024-01-09 00:00:00,Downtown_A,200,61,Snowy,32.58,0,0.256,139
2024-01-09 00:00:00,Business_Hub,500,208,Clear,26.87,0,0.358,292
2024-01-09 00:00:00,Shopping_Mall,500,213,Foggy,33.29,0,0.389,287
2024-01-09 00:00:00,Residential_West,200,63,Clear,33.36,0,0.376,137
2024-01-09 00:00:00,Suburban_East,200,63,Rainy,18.21,0,0.353,137
2024-01-09 01:00:00,Downtown_A,200,65,Clear,28.23,0,0.261,135
2024-01-09 01:00:00,Business_Hub,500,211,Rainy,15.16,0,0.384,289
2024-01-09 01:00:00,Shopping_Mall,500,204,Rainy,20.13,0,0.435,296
2024-01-09 01:00:00,Residential_West,200,64,Foggy,29.88,0,0.402,136
2024-01-09 01:00:00,Suburban_East,200,58,Rainy,14.57,1,0.343,142
2024-01-09 02:00:00,Downtown_A,200,57,Snowy,16.69,0,0.197,143
2024-01-09 02:00:00,Business_Hub,500,209,Foggy,30.22,0,0.334,291
2024-01-09 02:00:00,Shopping_Mall,500,219,Rainy,16.84,1,0.509,281
2024-01-09 02:00:00,Residential_West,200,63,Rainy,27.06,0,0.235,137
2024-01-09 02:00:00,Suburban_East,200,76,Snowy,17.65,0,0.382,124
2024-01-09 03:00:00,Downtown_A,200,71,Clear,13.43,1,0.29,129
2024-01-09 03:00:00,Business_Hub,500,227,Foggy,31.78,0,0.504,273
2024-01-09 03:00:00,Shopping_Mall,500,215,Snowy,13.29,0,0.487,285
2024-01-09 03:00:00,Residential_West,200,75,Snowy,25.96,0,0.325,125
2024-01-09 03:00:00,Suburban_East,200,77,Clear,21.89,0,0.457,123
2024-01-09 04:00:00,Downtown_A,200,74,Clear,25.9,0,0.437,126
2024-01-09 04:00:00,Business_Hub,500,228,Snowy,25.11,0,0.472,272
2024-01-09 04:00:00,Shopping_Mall,500,231,Rainy,20.06,0,0.504,269
2024-01-09 04:00:00,Residential_West,200,81,Clear,19.07,0,0.446,119
2024-01-09 04:00:00,Suburban_East,200,77,Rainy,18.15,0,0.367,123
2024-01-09 05:00:00,Downtown_A,200,91,Rainy,25.78,0,0.425,109
2024-01-09 05:00:00,Business_Hub,500,244,Foggy,34.89,1,0.467,256
2024-01-09 05:00:00,Shopping_Mall,500,235,Rainy,19.23,0,0.414,265
2024-01-09 05:00:00,Residential_West,200,91,Clear,10.83,0,0.443,109
2024-01-09 05:00:00,Suburban_East,200,78,Rainy,34.57,0,0.373,122
2024-01-09 06:00:00,Downtown_A,200,101,Clear,21.7,0,0.524,99
2024-01-09 06:00:00,Business_Hub,500,247,Clear,30.51,0,0.558,253
2024-01-09 06:00:00,Shopping_Mall,500,244,Rainy,33.27,0,0.439,256
2024-01-09 06:00:00,Residential_West,200,88,Clear,34.89,0,0.489,112
2024-01-09 06:00:00,Suburban_East,200,98,Foggy,21.97,0,0.401,102
2024-01-09 07:00:00,Downtown_A,200,113,Snowy,32.88,0,0.486,87
2024-01-09 07:00:00,Business_Hub,500,256,Rainy,31.9,0,0.436,244
2024-01-09 07:00:00,Shopping_Mall,500,262,Clear,12.98,0,0.47,238
2024-01-09 07:00:00,Residential_West,200,104,Foggy,15.86,0,0.544,96
2024-01-09 07:00:00,Suburban_East,200,102,Rainy,15.82,0,0.594,98
2024-01-09 08:00:00,Downtown_A,200,126,Clear,27.16,0,0.598,74
2024-01-09 08:00:00,Business_Hub,500,267,Rainy,31.65,0,0.609,233
2024-01-09 08:00:00,Shopping_Mall,500,268,Foggy,18.02,0,0.634,232
2024-01-09 08:00:00,Residential_West,200,127,Rainy,23.46,1,0.591,73
2024-01-09 08:00:00,Suburban_East,200,115,Foggy,33.85,0,0.476,85
2024-01-09 09:00:00,Downtown_A,200,134,Foggy,30.69,0,0.574,66
2024-01-09 09:00:00,Business_Hub,500,272,Snowy,14.62,0,0.491,228
2024-01-09 09:00:00,Shopping_Mall,500,274,Foggy,20.43,0,0.46,226
2024-01-09 09:00:00,Residential_West,200,117,Snowy,18.48,0,0.506,83
2024-01-09 09:00:00,Suburban_East,200,127,Rainy,18.01,0,0.734,73
2024-01-09 10:00:00,Downtown_A,200,132,Snowy,18.16,0,0.687,68
2024-01-09 10:00:00,Business_Hub,500,286,Clear,30.53,0,0.624,214
2024-01-09 10:00:00,Shopping_Mall,500,287,Clear,22.07,0,0.508,213
2024-01-09 10:00:00,Residential_West,200,132,Foggy,33.37,1,0.583,68
2024-01-09 10:00:00,Suburban_East,200,131,Rainy,33.81,0,0.613,69
2024-01-09 11:00:00,Downtown_A,200,134,Foggy,27.28,0,0.659,66
2024-01-09 11:00:00,Business_Hub,500,288,Foggy,20.28,0,0.635,212
2024-01-09 11:00:00,Shopping_Mall,500,278,Rainy,12.19,0,0.48,222
2024-01-09 11:00:00,Residential_West,200,136,Snowy,16.52,1,0.635,64
2024-01-09 11:00:00,Suburban_East,200,138,Foggy,14.48,0,0.737,62
2024-01-09 12:00:00,Downtown_A,200,138,Snowy,21.94,0,0.786,62
2024-01-09 12:00:00,Business_Hub,500,291,Snowy,14.8,0,0.636,209
2024-01-09 12:00:00,Shopping_Mall,500,291,Snowy,30.51,0,0.644,209
2024-01-09 12:00:00,Residential_West,200,144,Rainy,18.9,0,0.754,56
2024-01-09 12:00:00,Suburban_East,200,146,Clear,20.65,1,0.706,54
2024-01-09 13:00:00,Downtown_A,200,140,Snowy,26.07,0,0.732,60
2024-01-09 13:00:00,Business_Hub,500,283,Clear,14.83,0,0.631,217
2024-01-09 13:00:00,Shopping_Mall,500,295,Snowy,12.75,0,0.585,205
2024-01-09 13:00:00,Residential_West,200,145,Snowy,24.39,0,0.63,55
2024-01-09 13:00:00,Suburban_East,200,133,Foggy,16.02,0,0.71,67
2024-01-09 14:00:00,Downtown_A,200,131,Rainy,19.93,0,0.737,69
2024-01-09 14:00:00,Business_Hub,500,283,Foggy,33.15,0,0.628,217
2024-01-09 14:00:00,Shopping_Mall,500,286,Foggy,12.02,0,0.649,214
2024-01-09 14:00:00,Residential_West,200,142,Foggy,32.91,0,0.756,58
2024-01-09 14:00:00,Suburban_East,200,141,Rainy,22.55,0,0.673,59
2024-01-09 15:00:00,Downtown_A,200,125,Foggy,11.24,0,0.641,75
2024-01-09 15:00:00,Business_Hub,500,270,Foggy,22.18,0,0.589,230
2024-01-09 15:00:00,Shopping_Mall,500,277,Clear,21.12,0,0.506,223
2024-01-09 15:00:00,Residential_West,200,131,Clear,20.77,0,0.669,69
2024-01-09 15:00:00,Suburban_East,200,127,Clear,31.21,0,0.68,73
2024-01-09 16:00:00,Downtown_A,200,126,Clear,28.62,0,0.691,74
2024-01-09 16:00:00,Business_Hub,500,273,Rainy,26.84,0,0.45,227
2024-01-09 16:00:00,Shopping_Mall,500,266,Foggy,26.54,0,0.559,234
2024-01-09 16:00:00,Residential_West,200,126,Rainy,17.3,0,0.553,74
2024-01-09 16:00:00,Suburban_East,200,112,Clear,19.89,0,0.653,88
2024-01-09 17:00:00,Downtown_A,200,109,Clear,32.45,0,0.606,91
2024-01-09 17:00:00,Business_Hub,500,255,Rainy,22.77,0,0.499,245
2024-01-09 17:00:00,Shopping_Mall,500,264,Rainy,34.43,0,0.439,236
2024-01-09 17:00:00,Residential_West,200,115,Foggy,31.42,1,0.585,85
2024-01-09 17:00:00,Suburban_East,200,112,Foggy,29.24,1,0.558,88
2024-01-09 18:00:00,Downtown_A,200,90,Rainy,22.43,0,0.48,110
2024-01-09 18:00:00,Business_Hub,500,254,Foggy,30.39,0,0.43,246
2024-01-09 18:00:00,Shopping_Mall,500,247,Rainy,15.17,0,0.565,253
2024-01-09 18:00:00,Residential_West,200,88,Snowy,31.19,0,0.357,112
2024-01-09 18:00:00,Suburban_East,200,93,Clear,12.98,0,0.506,107
2024-01-09 19:00:00,Downtown_A,200,88,Rainy,11.04,0,0.397,112
2024-01-09 19:00:00,Business_Hub,500,245,Snowy,17.66,0,0.523,255
2024-01-09 19:00:00,Shopping_Mall,500,240,Rainy,23.19,0,0.519,260
2024-01-09 19:00:00,Residential_West,200,87,Foggy,11.43,0,0.441,113
2024-01-09 19:00:00,Suburban_East,200,86,Clear,25.43,1,0.471,114
2024-01-09 20:00:00,Downtown_A,200,81,Rainy,14.59,0,0.457,119
2024-01-09 20:00:00,Business_Hub,500,230,Clear,25.06,0,0.457,270
2024-01-09 20:00:00,Shopping_Mall,500,219,Rainy,30.33,0,0.442,281
2024-01-09 20:00:00,Residential_West,200,81,Rainy,20.91,0,0.46,119
2024-01-09 20:00:00,Suburban_East,200,71,Rainy,11.74,0,0.367,129
2024-01-09 21:00:00,Downtown_A,200,69,Clear,18.2,0,0.323,131
2024-01-09 21:00:00,Business_Hub,500,221,Snowy,11.02,0,0.409,279
2024-01-09 21:00:00,Shopping_Mall,500,218,Rainy,22.13,0,0.461,282
2024-01-09 21:00:00,Residential_West,200,71,Rainy,21.44,0,0.378,129
2024-01-09 21:00:00,Suburban_East,200,74,Foggy,12.65,0,0.427,126
2024-01-09 22:00:00,Downtown_A,200,61,Foggy,19.45,1,0.306,139
2024-01-09 22:00:00,Business_Hub,500,212,Snowy,10.91,0,0.417,288
2024-01-09 22:00:00,Shopping_Mall,500,214,Rainy,12.51,0,0.497,286
2024-01-09 22:00:00,Residential_West,200,62,Snowy,24.44,0,0.333,138
2024-01-09 22:00:00,Suburban_East,200,59,Foggy,15.78,0,0.216,141
2024-01-09 23:00:00,Downtown_A,200,55,Rainy,34.25,0,0.374,145
2024-01-09 23:00:00,Business_Hub,500,219,Snowy,27.13,0,0.395,281
2024-01-09 23:00:00,Shopping_Mall,500,215,Snowy,17.05,0,0.37,285
2024-01-09 23:00:00,Residential_West,200,65,Rainy,11.6,0,0.347,135
2024-01-09 23:00:00,Suburban_East,200,61,Foggy,23.98,0,0.249,139
2024-01-10 00:00:00,Downtown_A,200,59,Rainy,10.26,0,0.316,141
2024-01-10 00:00:00,Business_Hub,500,211,Foggy,13.15,0,0.492,289
2024-01-10 00:00:00,Shopping_Mall,500,207,Clear,14.8,0,0.49,293
2024-01-10 00:00:00,Residential_West,200,67,Rainy,17.74,0,0.289,133
2024-01-10 00:00:00,Suburban_East,200,60,Snowy,25.64,0,0.335,140
2024-01-10 01:00:00,Downtown_A,200,62,Foggy,15.64,0,0.285,138
2024-01-10 01:00:00,Business_Hub,500,210,Clear,21.07,0,0.414,290
2024-01-10 01:00:00,Shopping_Mall,500,210,Snowy,15.09,0,0.361,290
2024-01-10 01:00:00,Residential_West,200,69,Clear,10.22,0,0.249,131
2024-01-10 01:00:00,Suburban_East,200,51,Clear,12.17,0,0.215,149
2024-01-10 02:00:00,Downtown_A,200,64,Clear,34.42,0,0.386,136
2024-01-10 02:00:00,Business_Hub,500,219,Clear,26.92,0,0.427,281
2024-01-10 02:00:00,Shopping_Mall,500,214,Foggy,25.69,1,0.394,286
2024-01-10 02:00:00,Residential_West,200,66,Snowy,29.95,0,0.43,134
2024-01-10 02:00:00,Suburban_East,200,64,Foggy,33.86,1,0.277,136
2024-01-10 03:00:00,Downtown_A,200,68,Foggy,34.42,0,0.249,132
2024-01-10 03:00:00,Business_Hub,500,220,Rainy,28.52,0,0.514,280
2024-01-10 03:00:00,Shopping_Mall,500,228,Rainy,28.9,0,0.487,272
2024-01-10 03:00:00,Residential_West,200,66,Rainy,33.11,0,0.378,134
2024-01-10 03:00:00,Suburban_East,200,82,Clear,14.2,0,0.368,118
2024-01-10 04:00:00,Downtown_A,200,76,Rainy,26.85,0,0.397,124
2024-01-10 04:00:00,Business_Hub,500,229,Snowy,20.48,0,0.426,271
2024-01-10 04:00:00,Shopping_Mall,500,230,Foggy,13.28,0,0.361,270
2024-01-10 04:00:00,Residential_West,200,66,Snowy,34.48,0,0.332,134
2024-01-10 04:00:00,Suburban_East,200,84,Foggy,23.4,0,0.463,116
2024-01-10 05:00:00,Downtown_A,200,89,Foggy,21.88,0,0.434,111
2024-01-10 05:00:00,Business_Hub,500,235,Foggy,28.17,0,0.48,265
2024-01-10 05:00:00,Shopping_Mall,500,239,Rainy,23.94,0,0.422,261
2024-01-10 05:00:00,Residential_West,200,89,Rainy,30.99,0,0.403,111
2024-01-10 05:00:00,Suburban_East,200,92,Rainy,13.23,0,0.483,108
2024-01-10 06:00:00,Downtown_A,200,99,Foggy,11.88,0,0.44,101
2024-01-10 06:00:00,Business_Hub,500,257,Snowy,34.7,0,0.578,243
2024-01-10 06:00:00,Shopping_Mall,500,259,Snowy,23.04,0,0.615,241
2024-01-10 06:00:00,Residential_West,200,98,Rainy,14.61,0,0.582,102
2024-01-10 06:00:00,Suburban_East,200,99,Rainy,21.43,0,0.516,101
2024-01-10 07:00:00,Downtown_A,200,104,Clear,29.05,0,0.532,96
2024-01-10 07:00:00,Business_Hub,500,266,Rainy,22.74,1,0.527,234
2024-01-10 07:00:00,Shopping_Mall,500,248,Snowy,25.38,1,0.553,252
2024-01-10 07:00:00,Residential_West,200,110,Rainy,32.26,0,0.541,90
2024-01-10 07:00:00,Suburban_East,200,113,Snowy,17.06,0,0.559,87
2024-01-10 08:00:00,Downtown_A,200,120,Snowy,28.25,0,0.517,80
2024-01-10 08:00:00,Business_Hub,500,266,Foggy,17.91,0,0.445,234
2024-01-10 08:00:00,Shopping_Mall,500,269,Snowy,29.85,0,0.552,231
2024-01-10 08:00:00,Residential_West,200,122,Foggy,12.28,0,0.698,78
2024-01-10 08:00:00,Suburban_East,200,120,Snowy,23.35,0,0.503,80
2024-01-10 09:00:00,Downtown_A,200,131,Clear,34.89,0,0.705,69
2024-01-10 09:00:00,Business_Hub,500,288,Clear,11.39,0,0.557,212
2024-01-10 09:00:00,Shopping_Mall,500,289,Foggy,25.08,0,0.49,211
2024-01-10 09:00:00,Residential_West,200,137,Clear,26.7,0,0.688,63
2024-01-10 09:00:00,Suburban_East,200,130,Snowy,14.26,0,0.72,70
2024-01-10 10:00:00,Downtown_A,200,130,Foggy,18.4,0,0.706,70
2024-01-10 10:00:00,Business_Hub,500,275,Clear,30.25,0,0.609,225
2024-01-10 10:00:00,Shopping_Mall,500,284,Snowy,14.64,0,0.52,216
2024-01-10 10:00:00,Residential_West,200,126,Foggy,34.17,0,0.633,74
2024-01-10 10:00:00,Suburban_East,200,139,Rainy,26.5,0,0.712,61
2024-01-10 11:00:00,Downtown_A,200,139,Snowy,19.86,0,0.621,61
2024-01-10 11:00:00,Business_Hub,500,292,Clear,32.23,0,0.677,208
2024-01-10 11:00:00,Shopping_Mall,500,287,Snowy,16.84,0,0.509,213
2024-01-10 11:00:00,Residential_West,200,130,Foggy,33.71,0,0.613,70
2024-01-10 11:00:00,Suburban_East,200,132,Foggy,34.37,0,0.561,68
2024-01-10 12:00:00,Downtown_A,200,150,Foggy,20.13,0,0.847,50
2024-01-10 12:00:00,Business_Hub,500,282,Snowy,12.21,0,0.634,218
2024-01-10 12:00:00,Shopping_Mall,500,290,Rainy,19.89,0,0.628,210
2024-01-10 12:00:00,Residential_West,200,136,Clear,21.51,0,0.743,64
2024-01-10 12:00:00,Suburban_East,200,146,Foggy,12.24,0,0.739,54
2024-01-10 13:00:00,Downtown_A,200,131,Snowy,20.28,0,0.609,69
2024-01-10 13:00:00,Business_Hub,500,285,Foggy,31.79,0,0.548,215
2024-01-10 13:00:00,Shopping_Mall,500,282,Clear,11.7,0,0.553,218
2024-01-10 13:00:00,Residential_West,200,138,Foggy,28.67,0,0.746,62
2024-01-10 13:00:00,Suburban_East,200,129,Foggy,17.82,0,0.674,71
2024-01-10 14:00:00,Downtown_A,200,126,Rainy,21.1,0,0.669,74
2024-01-10 14:00:00,Business_Hub,500,280,Foggy,21.16,0,0.632,220
2024-01-10 14:00:00,Shopping_Mall,500,288,Foggy,21.45,0,0.598,212
2024-01-10 14:00:00,Residential_West,200,128,Foggy,16.87,0,0.626,72
2024-01-10 14:00:00,Suburban_East,200,138,Foggy,23.67,0,0.768,62
2024-01-10 15:00:00,Downtown_A,200,119,Snowy,15.82,0,0.584,81
2024-01-10 15:00:00,Business_Hub,500,273,Clear,11.32,0,0.547,227
2024-01-10 15:00:00,Shopping_Mall,500,275,Snowy,33.19,0,0.561,225
2024-01-10 15:00:00,Residential_West,200,125,Rainy,32.49,0,0.68,75
2024-01-10 15:00:00,Suburban_East,200,129,Clear,30.86,0,0.633,71
2024-01-10 16:00:00,Downtown_A,200,117,Snowy,30.59,0,0.591,83
2024-01-10 16:00:00,Business_Hub,500,280,Snowy,17.32,0,0.633,220
2024-01-10 16:00:00,Shopping_Mall,500,272,Clear,12.58,0,0.603,228
2024-01-10 16:00:00,Residential_West,200,116,Rainy,23.2,0,0.578,84
2024-01-10 16:00:00,Suburban_East,200,121,Clear,28.56,0,0.679,79
2024-01-10 17:00:00,Downtown_A,200,106,Clear,11.23,0,0.493,94
2024-01-10 17:00:00,Business_Hub,500,258,Snowy,30.53,1,0.493,242
2024-01-10 17:00:00,Shopping_Mall,500,257,Foggy,12.81,0,0.505,243
2024-01-10 17:00:00,Residential_West,200,114,Foggy,21.6,0,0.538,86
2024-01-10 17:00:00,Suburban_East,200,103,Snowy,10.62,0,0.536,97
2024-01-10 18:00:00,Downtown_A,200,103,Rainy,10.54,0,0.61,97
2024-01-10 18:00:00,Business_Hub,500,252,Snowy,26.18,0,0.54,248
2024-01-10 18:00:00,Shopping_Mall,500,249,Snowy,12.43,0,0.406,251
2024-01-10 18:00:00,Residential_West,200,104,Rainy,11.38,0,0.539,96
2024-01-10 18:00:00,Suburban_East,200,103,Foggy,19.95,1,0.543,97
2024-01-10 19:00:00,Downtown_A,200,89,Foggy,19.0,0,0.413,111
2024-01-10 19:00:00,Business_Hub,500,246,Rainy,17.67,0,0.524,254
2024-01-10 19:00:00,Shopping_Mall,500,234,Snowy,26.39,0,0.437,266
2024-01-10 19:00:00,Residential_West,200,94,Foggy,34.58,0,0.548,106
2024-01-10 19:00:00,Suburban_East,200,90,Snowy,30.53,0,0.524,110
2024-01-10 20:00:00,Downtown_A,200,85,Foggy,21.15,0,0.5,115
2024-01-10 20:00:00,Business_Hub,500,228,Foggy,32.78,0,0.423,272
2024-01-10 20:00:00,Shopping_Mall,500,228,Foggy,24.56,0,0.424,272
2024-01-10 20:00:00,Residential_West,200,85,Rainy,14.66,0,0.476,115
2024-01-10 20:00:00,Suburban_East,200,85,Foggy,12.74,0,0.328,115
2024-01-10 21:00:00,Downtown_A,200,73,Clear,18.74,0,0.465,127
2024-01-10 21:00:00,Business_Hub,500,225,Snowy,27.17,0,0.466,275
2024-01-10 21:00:00,Shopping_Mall,500,228,Clear,13.15,0,0.494,272
2024-01-10 21:00:00,Residential_West,200,75,Rainy,22.82,0,0.468,125
2024-01-10 21:00:00,Suburban_East,200,73,Rainy,24.47,0,0.331,127
2024-01-10 22:00:00,Downtown_A,200,68,Foggy,26.82,0,0.407,132
2024-01-10 22:00:00,Business_Hub,500,220,Foggy,26.01,0,0.53,280
2024-01-10 22:00:00,Shopping_Mall,500,209,Snowy,15.44,0,0.46,291
2024-01-10 22:00:00,Residential_West,200,66,Clear,15.29,0,0.24,134
2024-01-10 22:00:00,Suburban_East,200,65,Foggy,28.84,0,0.407,135
2024-01-10 23:00:00,Downtown_A,200,69,Snowy,27.09,0,0.424,131
2024-01-10 23:00:00,Business_Hub,500,207,Snowy,14.14,0,0.404,293
2024-01-10 23:00:00,Shopping_Mall,500,216,Clear,18.86,0,0.529,284
2024-01-10 23:00:00,Residential_West,200,62,Rainy,14.92,1,0.263,138
2024-01-10 23:00:00,Suburban_East,200,60,Snowy,14.22,1,0.241,140
2024-01-11 00:00:00,Downtown_A,200,63,Clear,21.73,0,0.35,137
2024-01-11 00:00:00,Business_Hub,500,209,Foggy,13.6,0,0.482,291
2024-01-11 00:00:00,Shopping_Mall,500,216,Rainy,21.31,0,0.36,284
2024-01-11 00:00:00,Residential_West,200,58,Foggy,14.17,1,0.358,142
2024-01-11 00:00:00,Suburban_East,200,57,Rainy,15.73,0,0.316,143
2024-01-11 01:00:00,Downtown_A,200,66,Snowy,16.65,0,0.241,134
2024-01-11 01:00:00,Business_Hub,500,216,Clear,20.62,0,0.446,284
2024-01-11 01:00:00,Shopping_Mall,500,210,Foggy,26.86,1,0.357,290
2024-01-11 01:00:00,Residential_West,200,65,Snowy,31.43,0,0.246,135
2024-01-11 01:00:00,Suburban_East,200,58,Clear,20.75,0,0.28,142
2024-01-11 02:00:00,Downtown_A,200,70,Rainy,33.51,1,0.437,130
2024-01-11 02:00:00,Business_Hub,500,211,Clear,16.32,0,0.37,289
2024-01-11 02:00:00,Shopping_Mall,500,217,Rainy,18.74,0,0.461,283
2024-01-11 02:00:00,Residential_West,200,64,Snowy,19.38,0,0.378,136
2024-01-11 02:00:00,Suburban_East,200,66,Rainy,34.5,0,0.277,134
2024-01-11 03:00:00,Downtown_A,200,70,Rainy,10.42,1,0.285,130
2024-01-11 03:00:00,Business_Hub,500,225,Rainy,11.92,0,0.55,275
2024-01-11 03:00:00,Shopping_Mall,500,218,Foggy,32.9,0,0.472,282
2024-01-11 03:00:00,Residential_West,200,69,Clear,11.54,0,0.44,131
2024-01-11 03:00:00,Suburban_East,200,73,Rainy,16.79,0,0.369,127
2024-01-11 04:00:00,Downtown_A,200,76,Rainy,20.47,0,0.348,124
2024-01-11 04:00:00,Business_Hub,500,228,Snowy,34.65,0,0.498,272
2024-01-11 04:00:00,Shopping_Mall,500,228,Foggy,28.19,0,0.367,272
2024-01-11 04:00:00,Residential_West,200,79,Clear,31.07,0,0.344,121
2024-01-11 04:00:00,Suburban_East,200,85,Clear,28.82,0,0.36,115
2024-01-11 05:00:00,Downtown_A,200,94,Rainy,23.37,1,0.396,106
2024-01-11 05:00:00,Business_Hub,500,246,Snowy,19.76,0,0.478,254
2024-01-11 05:00:00,Shopping_Mall,500,239,Foggy,25.11,0,0.541,261
2024-01-11 05:00:00,Residential_West,200,84,Rainy,26.09,0,0.339,116
2024-01-11 05:00:00,Suburban_East,200,88,Snowy,28.4,0,0.43,112
2024-01-11 06:00:00,Downtown_A,200,93,Foggy,27.93,0,0.557,107
2024-01-11 06:00:00,Business_Hub,500,250,Foggy,13.6,0,0.469,250
2024-01-11 06:00:00,Shopping_Mall,500,250,Foggy,14.99,0,0.491,250
2024-01-11 06:00:00,Residential_West,200,98,Clear,21.07,0,0.539,102
2024-01-11 06:00:00,Suburban_East,200,103,Foggy,18.79,0,0.533,97
2024-01-11 07:00:00,Downtown_A,200,107,Clear,20.39,0,0.449,93
2024-01-11 07:00:00,Business_Hub,500,262,Snowy,27.53,0,0.514,238
2024-01-11 07:00:00,Shopping_Mall,500,264,Clear,34.89,0,0.61,236
2024-01-11 07:00:00,Residential_West,200,124,Rainy,32.61,0,0.703,76
2024-01-11 07:00:00,Suburban_East,200,107,Clear,22.31,0,0.554,93
2024-01-11 08:00:00,Downtown_A,200,111,Rainy,21.58,0,0.638,89
2024-01-11 08:00:00,Business_Hub,500,268,Rainy,23.57,0,0.623,232
2024-01-11 08:00:00,Shopping_Mall,500,266,Clear,14.54,0,0.557,234
2024-01-11 08:00:00,Residential_West,200,118,Foggy,20.16,1,0.5,82
2024-01-11 08:00:00,Suburban_East,200,116,Snowy,10.71,0,0.583,84
2024-01-11 09:00:00,Downtown_A,200,136,Foggy,24.65,0,0.652,64
2024-01-11 09:00:00,Business_Hub,500,271,Clear,34.32,0,0.586,229
2024-01-11 09:00:00,Shopping_Mall,500,281,Foggy,11.97,0,0.545,219
2024-01-11 09:00:00,Residential_West,200,135,Rainy,31.14,0,0.712,65
2024-01-11 09:00:00,Suburban_East,200,124,Snowy,15.86,0,0.528,76
2024-01-11 10:00:00,Downtown_A,200,128,Rainy,31.45,0,0.541,72
2024-01-11 10:00:00,Business_Hub,500,278,Rainy,29.75,0,0.652,222
2024-01-11 10:00:00,Shopping_Mall,500,285,Clear,25.59,0,0.532,215
2024-01-11 10:00:00,Residential_West,200,132,Snowy,33.68,0,0.583,68
2024-01-11 10:00:00,Suburban_East,200,134,Snowy,27.23,0,0.75,66
2024-01-11 11:00:00,Downtown_A,200,146,Snowy,29.78,0,0.673,54
2024-01-11 11:00:00,Business_Hub,500,290,Snowy,14.57,0,0.538,210
2024-01-11 11:00:00,Shopping_Mall,500,290,Snowy,24.39,0,0.555,210
2024-01-11 11:00:00,Residential_West,200,138,Snowy,24.98,0,0.776,62
2024-01-11 11:00:00,Suburban_East,200,137,Clear,21.49,0,0.776,63
2024-01-11 12:00:00,Downtown_A,200,141,Foggy,15.25,0,0.706,59
2024-01-11 12:00:00,Business_Hub,500,287,Clear,14.31,0,0.638,213
2024-01-11 12:00:00,Shopping_Mall,500,284,Foggy,29.06,0,0.66,216
2024-01-11 12:00:00,Residential_West,200,141,Clear,30.09,0,0.658,59
2024-01-11 12:00:00,Suburban_East,200,140,Rainy,31.66,0,0.691,60
2024-01-11 13:00:00,Downtown_A,200,140,Foggy,12.24,0,0.734,60
2024-01-11 13:00:00,Business_Hub,500,291,Rainy,10.4,0,0.508,209
2024-01-11 13:00:00,Shopping_Mall,500,286,Foggy,29.72,0,0.664,214
2024-01-11 13:00:00,Residential_West,200,132,Foggy,30.06,0,0.703,68
2024-01-11 13:00:00,Suburban_East,200,141,Clear,13.18,0,0.689,59
2024-01-11 14:00:00,Downtown_A,200,137,Rainy,24.53,0,0.737,63
2024-01-11 14:00:00,Business_Hub,500,280,Snowy,22.84,1,0.498,220
2024-01-11 14:00:00,Shopping_Mall,500,273,Snowy,18.52,0,0.616,227
2024-01-11 14:00:00,Residential_West,200,138,Clear,30.8,0,0.658,62
2024-01-11 14:00:00,Suburban_East,200,134,Snowy,32.71,0,0.685,66
2024-01-11 15:00:00,Downtown_A,200,117,Clear,12.67,0,0.591,83
2024-01-11 15:00:00,Business_Hub,500,277,Clear,21.18,0,0.488,223
2024-01-11 15:00:00,Shopping_Mall,500,279,Snowy,23.6,0,0.596,221
2024-01-11 15:00:00,Residential_West,200,124,Foggy,16.95,0,0.713,76
2024-01-11 15:00:00,Suburban_East,200,118,Snowy,28.99,0,0.59,82
2024-01-11 16:00:00,Downtown_A,200,127,Clear,33.63,1,0.603,73
2024-01-11 16:00:00,Business_Hub,500,267,Clear,31.31,0,0.551,233
2024-01-11 16:00:00,Shopping_Mall,500,268,Foggy,14.72,0,0.581,232
2024-01-11 16:00:00,Residential_West,200,124,Rainy,22.33,0,0.574,76
2024-01-11 16:00:00,Suburban_East,200,119,Rainy,13.18,1,0.68,81
2024-01-11 17:00:00,Downtown_A,200,111,Snowy,34.73,0,0.554,89
2024-01-11 17:00:00,Business_Hub,500,258,Snowy,19.58,0,0.439,242
2024-01-11 17:00:00,Shopping_Mall,500,261,Snowy,22.74,0,0.595,239
2024-01-11 17:00:00,Residential_West,200,108,Snowy,32.0,0,0.515,92
2024-01-11 17:00:00,Suburban_East,200,106,Foggy,12.56,0,0.493,94
2024-01-11 18:00:00,Downtown_A,200,100,Snowy,21.78,1,0.56,100
2024-01-11 18:00:00,Business_Hub,500,252,Snowy,29.58,0,0.552,248
2024-01-11 18:00:00,Shopping_Mall,500,236,Snowy,14.37,0,0.497,264
2024-01-11 18:00:00,Residential_West,200,112,Snowy,11.57,0,0.495,88
2024-01-11 18:00:00,Suburban_East,200,96,Foggy,33.08,0,0.547,104
2024-01-11 19:00:00,Downtown_A,200,91,Clear,16.37,0,0.501,109
2024-01-11 19:00:00,Business_Hub,500,240,Rainy,17.57,0,0.391,260
2024-01-11 19:00:00,Shopping_Mall,500,239,Clear,30.91,0,0.434,261
2024-01-11 19:00:00,Residential_West,200,102,Clear,18.29,0,0.444,98
2024-01-11 19:00:00,Suburban_East,200,95,Foggy,12.91,1,0.477,105
2024-01-11 20:00:00,Downtown_A,200,76,Rainy,12.31,0,0.307,124
2024-01-11 20:00:00,Business_Hub,500,234,Foggy,33.44,0,0.408,266
2024-01-11 20:00:00,Shopping_Mall,500,227,Clear,33.88,0,0.522,273
2024-01-11 20:00:00,Residential_West,200,76,Clear,33.0,0,0.28,124
2024-01-11 20:00:00,Suburban_East,200,75,Foggy,27.04,0,0.355,125
2024-01-11 21:00:00,Downtown_A,200,65,Foggy,18.77,0,0.364,135
2024-01-11 21:00:00,Business_Hub,500,219,Snowy,10.38,0,0.411,281
2024-01-11 21:00:00,Shopping_Mall,500,223,Foggy,14.76,0,0.418,277
2024-01-11 21:00:00,Residential_West,200,73,Foggy,11.76,0,0.289,127
2024-01-11 21:00:00,Suburban_East,200,67,Rainy,32.78,0,0.336,133
2024-01-11 22:00:00,Downtown_A,200,63,Foggy,18.85,0,0.384,137
2024-01-11 22:00:00,Business_Hub,500,209,Snowy,32.99,0,0.396,291
2024-01-11 22:00:00,Shopping_Mall,500,223,Rainy,14.23,0,0.497,277
2024-01-11 22:00:00,Residential_West,200,66,Rainy,12.15,0,0.232,134
2024-01-11 22:00:00,Suburban_East,200,62,Snowy,19.72,0,0.214,138
2024-01-11 23:00:00,Downtown_A,200,56,Snowy,30.91,0,0.364,144
2024-01-11 23:00:00,Business_Hub,500,211,Snowy,18.52,0,0.518,289
2024-01-11 23:00:00,Shopping_Mall,500,217,Rainy,33.21,0,0.522,283
2024-01-11 23:00:00,Residential_West,200,72,Clear,25.55,0,0.391,128
2024-01-11 23:00:00,Suburban_East,200,67,Snowy,30.67,0,0.405,133
2024-01-12 00:00:00,Downtown_A,200,63,Foggy,13.54,0,0.257,137
2024-01-12 00:00:00,Business_Hub,500,214,Rainy,21.31,0,0.435,286
2024-01-12 00:00:00,Shopping_Mall,500,212,Foggy,27.46,0,0.388,288
2024-01-12 00:00:00,Residential_West,200,59,Rainy,28.11,0,0.329,141
2024-01-12 00:00:00,Suburban_East,200,58,Clear,14.09,0,0.287,142
2024-01-12 01:00:00,Downtown_A,200,68,Foggy,19.18,0,0.341,132
2024-01-12 01:00:00,Business_Hub,500,208,Foggy,28.21,0,0.421,292
2024-01-12 01:00:00,Shopping_Mall,500,217,Clear,28.09,0,0.402,283
2024-01-12 01:00:00,Residential_West,200,60,Clear,19.0,0,0.324,140
2024-01-12 01:00:00,Suburban_East,200,61,Foggy,14.83,1,0.29,139
2024-01-12 02:00:00,Downtown_A,200,60,Clear,34.47,0,0.211,140
2024-01-12 02:00:00,Business_Hub,500,203,Clear,16.08,0,0.359,297
2024-01-12 02:00:00,Shopping_Mall,500,213,Rainy,26.62,0,0.418,287
2024-01-12 02:00:00,Residential_West,200,63,Rainy,30.61,0,0.349,137
2024-01-12 02:00:00,Suburban_East,200,64,Clear,16.71,1,0.416,136
2024-01-12 03:00:00,Downtown_A,200,70,Snowy,10.94,0,0.285,130
2024-01-12 03:00:00,Business_Hub,500,211,Snowy,15.23,0,0.511,289
2024-01-12 03:00:00,Shopping_Mall,500,231,Rainy,21.75,0,0.543,269
2024-01-12 03:00:00,Residential_West,200,62,Snowy,11.5,1,0.243,138
2024-01-12 03:00:00,Suburban_East,200,76,Snowy,33.39,1,0.403,124
2024-01-12 04:00:00,Downtown_A,200,83,Snowy,12.66,0,0.509,117
2024-01-12 04:00:00,Business_Hub,500,232,Snowy,16.17,0,0.502,268
2024-01-12 04:00:00,Shopping_Mall,500,234,Clear,30.83,0,0.517,266
2024-01-12 04:00:00,Residential_West,200,90,Foggy,28.75,0,0.48,110
2024-01-12 04:00:00,Suburban_East,200,69,Rainy,21.01,0,0.333,131
2024-01-12 05:00:00,Downtown_A,200,89,Rainy,31.83,0,0.504,111
2024-01-12 05:00:00,Business_Hub,500,238,Clear,17.48,0,0.439,262
2024-01-12 05:00:00,Shopping_Mall,500,243,Foggy,31.41,0,0.428,257
2024-01-12 05:00:00,Residential_West,200,87,Clear,28.38,0,0.412,113
2024-01-12 05:00:00,Suburban_East,200,82,Foggy,21.63,0,0.364,118
2024-01-12 06:00:00,Downtown_A,200,97,Rainy,19.68,0,0.416,103
2024-01-12 06:00:00,Business_Hub,500,241,Foggy,28.04,1,0.481,259
2024-01-12 06:00:00,Shopping_Mall,500,250,Snowy,26.65,0,0.555,250
2024-01-12 06:00:00,Residential_West,200,105,Clear,23.24,0,0.616,95
2024-01-12 06:00:00,Suburban_East,200,100,Snowy,25.56,0,0.508,100
2024-01-12 07:00:00,Downtown_A,200,108,Foggy,31.03,1,0.498,92
2024-01-12 07:00:00,Business_Hub,500,251,Snowy,11.56,0,0.583,249
2024-01-12 07:00:00,Shopping_Mall,500,256,Foggy,18.68,0,0.458,244
2024-01-12 07:00:00,Residential_West,200,111,Foggy,27.56,0,0.509,89
2024-01-12 07:00:00,Suburban_East,200,111,Rainy,33.35,0,0.526,89
2024-01-12 08:00:00,Downtown_A,200,125,Snowy,23.68,0,0.655,75
2024-01-12 08:00:00,Business_Hub,500,272,Clear,12.93,0,0.595,228
2024-01-12 08:00:00,Shopping_Mall,500,271,Snowy,20.15,1,0.538,229
2024-01-12 08:00:00,Residential_West,200,115,Foggy,33.76,0,0.497,85
2024-01-12 08:00:00,Suburban_East,200,128,Rainy,27.65,0,0.661,72
2024-01-12 09:00:00,Downtown_A,200,125,Clear,13.27,0,0.603,75
2024-01-12 09:00:00,Business_Hub,500,275,Rainy,31.03,0,0.466,225
2024-01-12 09:00:00,Shopping_Mall,500,281,Foggy,29.29,1,0.594,219
2024-01-12 09:00:00,Residential_West,200,130,Foggy,31.85,0,0.56,70
2024-01-12 09:00:00,Suburban_East,200,132,Clear,15.82,0,0.578,68
2024-01-12 10:00:00,Downtown_A,200,132,Rainy,33.99,0,0.602,68
2024-01-12 10:00:00,Business_Hub,500,281,Clear,10.62,0,0.644,219
2024-01-12 10:00:00,Shopping_Mall,500,289,Rainy,12.89,0,0.589,211
2024-01-12 10:00:00,Residential_West,200,132,Clear,16.26,0,0.604,68
2024-01-12 10:00:00,Suburban_East,200,134,Rainy,34.26,0,0.691,66
2024-01-12 11:00:00,Downtown_A,200,143,Rainy,22.37,0,0.682,57
2024-01-12 11:00:00,Business_Hub,500,289,Foggy,28.76,0,0.507,211
2024-01-12 11:00:00,Shopping_Mall,500,303,Clear,10.21,0,0.603,197
2024-01-12 11:00:00,Residential_West,200,134,Clear,17.08,0,0.581,66
2024-01-12 11:00:00,Suburban_East,200,145,Clear,14.6,0,0.744,55
2024-01-12 12:00:00,Downtown_A,200,137,Clear,26.4,0,0.724,63
2024-01-12 12:00:00,Business_Hub,500,285,Snowy,10.15,0,0.62,215
2024-01-12 12:00:00,Shopping_Mall,500,292,Foggy,33.14,0,0.538,208
2024-01-12 12:00:00,Residential_West,200,141,Rainy,28.49,0,0.737,59
2024-01-12 12:00:00,Suburban_East,200,135,Clear,17.17,0,0.669,65
2024-01-12 13:00:00,Downtown_A,200,147,Rainy,17.54,0,0.706,53
2024-01-12 13:00:00,Business_Hub,500,290,Rainy,10.73,0,0.534,210
2024-01-12 13:00:00,Shopping_Mall,500,291,Foggy,23.34,0,0.662,209
2024-01-12 13:00:00,Residential_West,200,144,Rainy,16.46,0,0.725,56
2024-01-12 13:00:00,Suburban_East,200,136,Foggy,17.71,0,0.76,64
2024-01-12 14:00:00,Downtown_A,200,130,Rainy,23.26,0,0.557,70
2024-01-12 14:00:00,Business_Hub,500,288,Snowy,22.54,0,0.594,212
2024-01-12 14:00:00,Shopping_Mall,500,283,Rainy,29.18,1,0.563,217
2024-01-12 14:00:00,Residential_West,200,129,Rainy,27.32,0,0.602,71
2024-01-12 14:00:00,Suburban_East,200,130,Clear,33.24,1,0.578,70
2024-01-12 15:00:00,Downtown_A,200,136,Clear,32.67,0,0.594,64
2024-01-12 15:00:00,Business_Hub,500,277,Snowy,25.05,0,0.605,223
2024-01-12 15:00:00,Shopping_Mall,500,274,Snowy,20.26,0,0.466,226
2024-01-12 15:00:00,Residential_West,200,129,Snowy,14.95,0,0.717,71
2024-01-12 15:00:00,Suburban_East,200,131,Rainy,15.98,0,0.637,69
2024-01-12 16:00:00,Downtown_A,200,115,Snowy,23.99,0,0.502,85
2024-01-12 16:00:00,Business_Hub,500,264,Clear,28.66,0,0.59,236
2024-01-12 16:00:00,Shopping_Mall,500,266,Rainy,29.82,0,0.581,234
2024-01-12 16:00:00,Residential_West,200,125,Foggy,16.16,0,0.654,75
2024-01-12 16:00:00,Suburban_East,200,113,Foggy,16.53,0,0.576,87
2024-01-12 17:00:00,Downtown_A,200,113,Snowy,17.73,0,0.615,87
2024-01-12 17:00:00,Business_Hub,500,263,Snowy,30.08,0,0.441,237
2024-01-12 17:00:00,Shopping_Mall,500,249,Foggy,24.05,0,0.455,251
2024-01-12 17:00:00,Residential_West,200,104,Rainy,17.61,0,0.582,96
2024-01-12 17:00:00,Suburban_East,200,117,Snowy,17.57,0,0.486,83
2024-01-12 18:00:00,Downtown_A,200,110,Foggy,22.45,0,0.631,90
2024-01-12 18:00:00,Business_Hub,500,252,Rainy,31.43,0,0.448,248
2024-01-12 18:00:00,Shopping_Mall,500,249,Clear,24.78,0,0.444,251
2024-01-12 18:00:00,Residential_West,200,95,Rainy,20.69,0,0.553,105
2024-01-12 18:00:00,Suburban_East,200,98,Clear,31.44,0,0.408,102
2024-01-12 19:00:00,Downtown_A,200,86,Snowy,33.34,0,0.331,114
2024-01-12 19:00:00,Business_Hub,500,240,Rainy,32.21,0,0.569,260
2024-01-12 19:00:00,Shopping_Mall,500,233,Rainy,12.83,0,0.395,267
2024-01-12 19:00:00,Residential_West,200,89,Clear,20.85,0,0.544,111
2024-01-12 19:00:00,Suburban_East,200,95,Clear,17.19,0,0.575,105
2024-01-12 20:00:00,Downtown_A,200,77,Clear,14.39,0,0.285,123
2024-01-12 20:00:00,Business_Hub,500,228,Clear,17.17,0,0.539,272
2024-01-12 20:00:00,Shopping_Mall,500,228,Clear,23.6,0,0.413,272
2024-01-12 20:00:00,Residential_West,200,78,Clear,32.03,0,0.394,122
2024-01-12 20:00:00,Suburban_East,200,74,Foggy,13.92,0,0.356,126
2024-01-12 21:00:00,Downtown_A,200,73,Rainy,11.37,0,0.328,127
2024-01-12 21:00:00,Business_Hub,500,224,Clear,20.0,0,0.411,276
2024-01-12 21:00:00,Shopping_Mall,500,203,Rainy,31.26,0,0.494,297
2024-01-12 21:00:00,Residential_West,200,69,Clear,27.21,0,0.325,131
2024-01-12 21:00:00,Suburban_East,200,76,Snowy,17.82,0,0.331,124
2024-01-12 22:00:00,Downtown_A,200,61,Rainy,19.13,0,0.227,139
2024-01-12 22:00:00,Business_Hub,500,215,Clear,28.49,0,0.488,285
2024-01-12 22:00:00,Shopping_Mall,500,209,Rainy,11.36,0,0.473,291
2024-01-12 22:00:00,Residential_West,200,59,Rainy,13.27,0,0.357,141
2024-01-12 22:00:00,Suburban_East,200,64,Snowy,29.26,0,0.324,136
2024-01-12 23:00:00,Downtown_A,200,70,Rainy,14.93,0,0.297,130
2024-01-12 23:00:00,Business_Hub,500,206,Clear,19.69,0,0.498,294
2024-01-12 23:00:00,Shopping_Mall,500,219,Clear,13.91,0,0.525,281
2024-01-12 23:00:00,Residential_West,200,55,Clear,24.78,0,0.369,145
2024-01-12 23:00:00,Suburban_East,200,63,Rainy,32.74,0,0.364,137
2024-01-13 00:00:00,Downtown_A,200,73,Rainy,31.38,0,0.385,127
2024-01-13 00:00:00,Business_Hub,500,219,Snowy,29.53,0,0.415,281
2024-01-13 00:00:00,Shopping_Mall,500,235,Foggy,25.73,0,0.425,265
2024-01-13 00:00:00,Residential_West,200,72,Clear,33.94,0,0.305,128
2024-01-13 00:00:00,Suburban_East,200,70,Rainy,17.66,0,0.329,130
2024-01-13 01:00:00,Downtown_A,200,82,Clear,12.07,0,0.363,118
2024-01-13 01:00:00,Business_Hub,500,235,Rainy,14.52,0,0.457,265
2024-01-13 01:00:00,Shopping_Mall,500,229,Clear,29.18,0,0.499,271
2024-01-13 01:00:00,Residential_West,200,79,Snowy,33.42,0,0.484,121
2024-01-13 01:00:00,Suburban_East,200,71,Snowy,22.75,0,0.423,129
2024-01-13 02:00:00,Downtown_A,200,84,Rainy,12.89,0,0.499,116
2024-01-13 02:00:00,Business_Hub,500,223,Clear,15.74,0,0.452,277
2024-01-13 02:00:00,Shopping_Mall,500,235,Snowy,18.91,0,0.423,265
2024-01-13 02:00:00,Residential_West,200,83,Clear,22.08,0,0.475,117
2024-01-13 02:00:00,Suburban_East,200,81,Foggy,26.81,0,0.34,119
2024-01-13 03:00:00,Downtown_A,200,86,Rainy,33.36,0,0.35,114
2024-01-13 03:00:00,Business_Hub,500,243,Clear,26.4,0,0.509,257
2024-01-13 03:00:00,Shopping_Mall,500,234,Foggy,25.95,0,0.424,266
2024-01-13 03:00:00,Residential_West,200,90,Snowy,21.14,0,0.376,110
2024-01-13 03:00:00,Suburban_East,200,87,Rainy,22.45,0,0.449,113
2024-01-13 04:00:00,Downtown_A,200,101,Foggy,11.81,0,0.54,99
2024-01-13 04:00:00,Business_Hub,500,251,Rainy,15.72,0,0.578,249
2024-01-13 04:00:00,Shopping_Mall,500,236,Foggy,32.19,0,0.373,264
2024-01-13 04:00:00,Residential_West,200,93,Clear,27.57,1,0.448,107
2024-01-13 04:00:00,Suburban_East,200,88,Snowy,31.77,0,0.531,112
2024-01-13 05:00:00,Downtown_A,200,113,Rainy,19.05,0,0.603,87
2024-01-13 05:00:00,Business_Hub,500,252,Rainy,26.07,0,0.524,248
2024-01-13 05:00:00,Shopping_Mall,500,258,Clear,28.72,0,0.475,242
2024-01-13 05:00:00,Residential_West,200,110,Rainy,18.14,0,0.637,90
2024-01-13 05:00:00,Suburban_East,200,102,Clear,21.77,0,0.585,98
2024-01-13 06:00:00,Downtown_A,200,116,Rainy,32.41,0,0.497,84
2024-01-13 06:00:00,Business_Hub,500,266,Rainy,18.64,0,0.523,234
2024-01-13 06:00:00,Shopping_Mall,500,272,Clear,18.65,0,0.514,228
2024-01-13 06:00:00,Residential_West,200,123,Rainy,15.21,0,0.535,77
2024-01-13 06:00:00,Suburban_East,200,116,Snowy,10.53,0,0.518,84
2024-01-13 07:00:00,Downtown_A,200,134,Snowy,18.91,0,0.751,66
2024-01-13 07:00:00,Business_Hub,500,286,Clear,27.51,0,0.664,214
2024-01-13 07:00:00,Shopping_Mall,500,281,Foggy,34.61,0,0.477,219
2024-01-13 07:00:00,Residential_West,200,132,Foggy,25.9,0,0.617,68
2024-01-13 07:00:00,Suburban_East,200,125,Rainy,16.62,0,0.698,75
2024-01-13 08:00:00,Downtown_A,200,150,Clear,22.64,0,0.807,50
2024-01-13 08:00:00,Business_Hub,500,292,Snowy,19.58,0,0.671,208
2024-01-13 08:00:00,Shopping_Mall,500,295,Snowy,21.69,0,0.595,205
2024-01-13 08:00:00,Residential_West,200,139,Foggy,30.07,0,0.688,61
2024-01-13 08:00:00,Suburban_East,200,140,Rainy,25.84,0,0.735,60
2024-01-13 09:00:00,Downtown_A,200,151,Foggy,22.44,0,0.723,49
2024-01-13 09:00:00,Business_Hub,500,295,Foggy,34.32,0,0.576,205
2024-01-13 09:00:00,Shopping_Mall,500,292,Foggy,24.35,0,0.645,208
2024-01-13 09:00:00,Residential_West,200,156,Foggy,20.17,0,0.747,44
2024-01-13 09:00:00,Suburban_East,200,150,Snowy,10.46,0,0.71,50
2024-01-13 10:00:00,Downtown_A,200,147,Foggy,22.05,0,0.652,53
2024-01-13 10:00:00,Business_Hub,500,309,Snowy,18.92,0,0.608,191
2024-01-13 10:00:00,Shopping_Mall,500,306,Clear,34.96,1,0.514,194
2024-01-13 10:00:00,Residential_West,200,153,Snowy,11.67,0,0.703,47
2024-01-13 10:00:00,Suburban_East,200,157,Rainy,15.3,0,0.768,43
2024-01-13 11:00:00,Downtown_A,200,157,Clear,22.93,1,0.823,43
2024-01-13 11:00:00,Business_Hub,500,311,Clear,22.3,0,0.703,189
2024-01-13 11:00:00,Shopping_Mall,500,317,Rainy,22.05,0,0.651,183
2024-01-13 11:00:00,Residential_West,200,153,Snowy,32.79,0,0.854,47
2024-01-13 11:00:00,Suburban_East,200,152,Snowy,22.16,0,0.765,48
2024-01-13 12:00:00,Downtown_A,200,161,Clear,29.36,0,0.839,39
2024-01-13 12:00:00,Business_Hub,500,314,Snowy,16.62,1,0.622,186
2024-01-13 12:00:00,Shopping_Mall,500,314,Clear,11.93,0,0.572,186
2024-01-13 12:00:00,Residential_West,200,164,Foggy,34.06,0,0.851,36
2024-01-13 12:00:00,Suburban_East,200,163,Snowy,28.27,0,0.819,37
2024-01-13 13:00:00,Downtown_A,200,155,Rainy,20.27,0,0.822,45
2024-01-13 13:00:00,Business_Hub,500,313,Foggy,13.3,0,0.536,187
2024-01-13 13:00:00,Shopping_Mall,500,313,Clear,22.08,0,0.581,187
2024-01-13 13:00:00,Residential_West,200,165,Rainy,34.05,0,0.744,35
2024-01-13 13:00:00,Suburban_East,200,155,Foggy,22.54,0,0.766,45
2024-01-13 14:00:00,Downtown_A,200,161,Rainy,21.95,0,0.859,39
2024-01-13 14:00:00,Business_Hub,500,302,Clear,22.55,0,0.539,198
2024-01-13 14:00:00,Shopping_Mall,500,301,Clear,30.24,0,0.603,199
2024-01-13 14:00:00,Residential_West,200,168,Clear,29.15,1,0.793,32
2024-01-13 14:00:00,Suburban_East,200,153,Rainy,12.07,1,0.692,47
2024-01-13 15:00:00,Downtown_A,200,150,Clear,16.32,0,0.709,50
2024-01-13 15:00:00,Business_Hub,500,304,Clear,31.8,0,0.599,196
2024-01-13 15:00:00,Shopping_Mall,500,295,Clear,25.29,0,0.661,205
2024-01-13 15:00:00,Residential_West,200,149,Clear,34.33,0,0.827,51
2024-01-13 15:00:00,Suburban_East,200,148,Rainy,32.38,1,0.748,52
2024-01-13 16:00:00,Downtown_A,200,139,Clear,29.12,0,0.597,61
2024-01-13 16:00:00,Business_Hub,500,293,Foggy,21.84,0,0.664,207
2024-01-13 16:00:00,Shopping_Mall,500,291,Foggy,29.49,0,0.569,209
2024-01-13 16:00:00,Residential_West,200,144,Foggy,17.11,0,0.74,56
2024-01-13 16:00:00,Suburban_East,200,144,Foggy,18.06,0,0.653,56
2024-01-13 17:00:00,Downtown_A,200,132,Rainy,32.6,0,0.727,68
2024-01-13 17:00:00,Business_Hub,500,277,Foggy,33.12,0,0.463,223
2024-01-13 17:00:00,Shopping_Mall,500,280,Clear,26.75,0,0.525,220
2024-01-13 17:00:00,Residential_West,200,128,Snowy,32.39,0,0.637,72
2024-01-13 17:00:00,Suburban_East,200,124,Foggy,10.59,0,0.545,76
2024-01-13 18:00:00,Downtown_A,200,118,Clear,34.81,0,0.509,82
2024-01-13 18:00:00,Business_Hub,500,273,Clear,13.51,0,0.456,227
2024-01-13 18:00:00,Shopping_Mall,500,270,Foggy,33.75,0,0.549,230
2024-01-13 18:00:00,Residential_West,200,112,Foggy,11.95,0,0.528,88
2024-01-13 18:00:00,Suburban_East,200,113,Clear,26.33,0,0.661,87
2024-01-13 19:00:00,Downtown_A,200,109,Clear,13.23,0,0.638,91
2024-01-13 19:00:00,Business_Hub,500,262,Foggy,16.42,0,0.432,238
2024-01-13 19:00:00,Shopping_Mall,500,257,Clear,10.78,1,0.51,243
2024-01-13 19:00:00,Residential_West,200,100,Rainy,26.71,1,0.473,100
2024-01-13 19:00:00,Suburban_East,200,110,Rainy,21.07,1,0.571,90
2024-01-13 20:00:00,Downtown_A,200,101,Clear,15.2,0,0.501,99
2024-01-13 20:00:00,Business_Hub,500,241,Clear,28.45,0,0.531,259
2024-01-13 20:00:00,Shopping_Mall,500,242,Clear,11.41,0,0.556,258
2024-01-13 20:00:00,Residential_West,200,101,Foggy,11.24,0,0.604,99
2024-01-13 20:00:00,Suburban_East,200,102,Foggy,30.74,0,0.599,98
2024-01-13 21:00:00,Downtown_A,200,102,Snowy,16.69,0,0.495,98
2024-01-13 21:00:00,Business_Hub,500,250,Clear,26.14,0,0.588,250
2024-01-13 21:00:00,Shopping_Mall,500,240,Clear,14.21,0,0.412,260
2024-01-13 21:00:00,Residential_West,200,93,Clear,26.37,0,0.506,107
2024-01-13 21:00:00,Suburban_East,200,90,Foggy,19.33,0,0.389,110
2024-01-13 22:00:00,Downtown_A,200,78,Rainy,22.98,0,0.47,122
2024-01-13 22:00:00,Business_Hub,500,237,Clear,13.02,0,0.459,263
2024-01-13 22:00:00,Shopping_Mall,500,223,Clear,27.1,0,0.464,277
2024-01-13 22:00:00,Residential_West,200,88,Clear,24.03,0,0.496,112
2024-01-13 22:00:00,Suburban_East,200,82,Clear,18.72,0,0.505,118
2024-01-13 23:00:00,Downtown_A,200,79,Foggy,30.26,0,0.311,121
2024-01-13 23:00:00,Business_Hub,500,230,Snowy,10.46,0,0.392,270
2024-01-13 23:00:00,Shopping_Mall,500,230,Clear,27.27,0,0.42,270
2024-01-13 23:00:00,Residential_West,200,72,Foggy,22.39,0,0.303,128
2024-01-13 23:00:00,Suburban_East,200,75,Snowy,20.6,0,0.289,125
2024-01-14 00:00:00,Downtown_A,200,83,Rainy,31.6,0,0.412,117
2024-01-14 00:00:00,Business_Hub,500,227,Foggy,27.85,0,0.393,273
2024-01-14 00:00:00,Shopping_Mall,500,225,Snowy,23.86,0,0.433,275
2024-01-14 00:00:00,Residential_West,200,87,Rainy,26.59,0,0.482,113
2024-01-14 00:00:00,Suburban_East,200,78,Snowy,30.44,0,0.329,122
2024-01-14 01:00:00,Downtown_A,200,72,Snowy,15.69,0,0.364,128
2024-01-14 01:00:00,Business_Hub,500,233,Rainy,28.84,1,0.381,267
2024-01-14 01:00:00,Shopping_Mall,500,226,Snowy,23.94,0,0.506,274
2024-01-14 01:00:00,Residential_West,200,77,Clear,21.47,0,0.392,123
2024-01-14 01:00:00,Suburban_East,200,82,Clear,34.97,0,0.409,118
2024-01-14 02:00:00,Downtown_A,200,78,Clear,31.14,0,0.341,122
2024-01-14 02:00:00,Business_Hub,500,232,Foggy,19.34,0,0.372,268
2024-01-14 02:00:00,Shopping_Mall,500,237,Clear,17.29,0,0.497,263
2024-01-14 02:00:00,Residential_West,200,90,Snowy,22.82,0,0.412,110
2024-01-14 02:00:00,Suburban_East,200,95,Snowy,10.2,0,0.378,105
2024-01-14 03:00:00,Downtown_A,200,91,Clear,20.99,0,0.366,109
2024-01-14 03:00:00,Business_Hub,500,250,Clear,33.95,0,0.484,250
2024-01-14 03:00:00,Shopping_Mall,500,237,Snowy,19.93,0,0.561,263
2024-01-14 03:00:00,Residential_West,200,97,Snowy,22.59,0,0.401,103
2024-01-14 03:00:00,Suburban_East,200,92,Snowy,23.57,0,0.551,108
2024-01-14 04:00:00,Downtown_A,200,103,Rainy,32.09,0,0.498,97
2024-01-14 04:00:00,Business_Hub,500,250,Foggy,34.89,0,0.437,250
2024-01-14 04:00:00,Shopping_Mall,500,251,Foggy,23.73,0,0.566,249
2024-01-14 04:00:00,Residential_West,200,95,Foggy,19.23,0,0.532,105
2024-01-14 04:00:00,Suburban_East,200,108,Snowy,28.08,0,0.511,92
2024-01-14 05:00:00,Downtown_A,200,111,Rainy,16.49,0,0.624,89
2024-01-14 05:00:00,Business_Hub,500,258,Foggy,22.31,0,0.516,242
2024-01-14 05:00:00,Shopping_Mall,500,257,Foggy,20.12,0,0.453,243
2024-01-14 05:00:00,Residential_West,200,110,Rainy,21.47,0,0.483,90
2024-01-14 05:00:00,Suburban_East,200,109,Foggy,27.6,1,0.633,91
2024-01-14 06:00:00,Downtown_A,200,128,Snowy,16.38,0,0.633,72
2024-01-14 06:00:00,Business_Hub,500,265,Foggy,23.21,0,0.539,235
2024-01-14 06:00:00,Shopping_Mall,500,274,Clear,17.32,0,0.471,226
2024-01-14 06:00:00,Residential_West,200,126,Foggy,11.38,0,0.598,74
2024-01-14 06:00:00,Suburban_East,200,119,Rainy,27.67,0,0.603,81
2024-01-14 07:00:00,Downtown_A,200,128,Foggy,24.52,0,0.622,72
2024-01-14 07:00:00,Business_Hub,500,281,Clear,28.0,0,0.596,219
2024-01-14 07:00:00,Shopping_Mall,500,282,Foggy,26.88,0,0.605,218
2024-01-14 07:00:00,Residential_West,200,131,Rainy,33.6,0,0.57,69
2024-01-14 07:00:00,Suburban_East,200,139,Clear,12.94,1,0.765,61
2024-01-14 08:00:00,Downtown_A,200,135,Clear,32.86,0,0.691,65
2024-01-14 08:00:00,Business_Hub,500,292,Snowy,25.62,0,0.654,208
2024-01-14 08:00:00,Shopping_Mall,500,286,Clear,31.02,0,0.508,214
2024-01-14 08:00:00,Residential_West,200,134,Clear,18.01,0,0.578,66
2024-01-14 08:00:00,Suburban_East,200,139,Clear,12.31,0,0.767,61
2024-01-14 09:00:00,Downtown_A,200,150,Rainy,26.27,0,0.719,50
2024-01-14 09:00:00,Business_Hub,500,302,Foggy,11.02,0,0.654,198
2024-01-14 09:00:00,Shopping_Mall,500,297,Clear,26.68,0,0.671,203
2024-01-14 09:00:00,Residential_West,200,153,Rainy,32.35,1,0.676,47
2024-01-14 09:00:00,Suburban_East,200,140,Snowy,16.57,0,0.609,60
2024-01-14 10:00:00,Downtown_A,200,155,Clear,27.14,0,0.715,45
2024-01-14 10:00:00,Business_Hub,500,314,Snowy,11.83,0,0.532,186
2024-01-14 10:00:00,Shopping_Mall,500,308,Clear,28.03,0,0.659,192
2024-01-14 10:00:00,Residential_West,200,158,Snowy,25.54,0,0.86,42
2024-01-14 10:00:00,Suburban_East,200,143,Foggy,28.16,0,0.67,57
2024-01-14 11:00:00,Downtown_A,200,158,Clear,29.24,0,0.773,42
2024-01-14 11:00:00,Business_Hub,500,309,Rainy,33.36,0,0.622,191
2024-01-14 11:00:00,Shopping_Mall,500,313,Clear,11.34,1,0.584,187
2024-01-14 11:00:00,Residential_West,200,170,Clear,22.48,0,0.846,30
2024-01-14 11:00:00,Suburban_East,200,161,Foggy,17.66,0,0.739,39
2024-01-14 12:00:00,Downtown_A,200,162,Clear,21.55,0,0.897,38
2024-01-14 12:00:00,Business_Hub,500,302,Clear,16.93,1,0.684,198
2024-01-14 12:00:00,Shopping_Mall,500,313,Foggy,29.89,0,0.597,187
2024-01-14 12:00:00,Residential_West,200,166,Rainy,23.43,0,0.731,34
2024-01-14 12:00:00,Suburban_East,200,159,Rainy,24.55,0,0.742,41
2024-01-14 13:00:00,Downtown_A,200,156,Rainy,33.06,0,0.709,44
2024-01-14 13:00:00,Business_Hub,500,308,Foggy,12.74,0,0.702,192
2024-01-14 13:00:00,Shopping_Mall,500,310,Rainy,12.4,0,0.706,190
2024-01-14 13:00:00,Residential_West,200,158,Foggy,33.99,0,0.795,42
2024-01-14 13:00:00,Suburban_East,200,162,Snowy,25.85,1,0.778,38
2024-01-14 14:00:00,Downtown_A,200,157,Foggy,26.85,0,0.701,43
2024-01-14 14:00:00,Business_Hub,500,299,Snowy,21.58,0,0.659,201
2024-01-14 14:00:00,Shopping_Mall,500,307,Clear,13.22,0,0.575,193
2024-01-14 14:00:00,Residential_West,200,151,Snowy,20.63,0,0.818,49
2024-01-14 14:00:00,Suburban_East,200,150,Rainy,23.99,0,0.826,50
2024-01-14 15:00:00,Downtown_A,200,152,Clear,19.79,0,0.676,48
2024-01-14 15:00:00,Business_Hub,500,304,Snowy,31.01,0,0.565,196
2024-01-14 15:00:00,Shopping_Mall,500,305,Rainy,27.72,0,0.578,195
2024-01-14 15:00:00,Residential_West,200,142,Snowy,25.76,0,0.615,58
2024-01-14 15:00:00,Suburban_East,200,142,Rainy,21.39,0,0.697,58
2024-01-14 16:00:00,Downtown_A,200,139,Rainy,22.51,0,0.663,61
2024-01-14 16:00:00,Business_Hub,500,293,Clear,15.48,0,0.564,207
2024-01-14 16:00:00,Shopping_Mall,500,296,Rainy,31.4,0,0.492,204
2024-01-14 16:00:00,Residential_West,200,144,Clear,10.95,0,0.657,56
2024-01-14 16:00:00,Suburban_East,200,143,Snowy,15.98,0,0.666,57
2024-01-14 17:00:00,Downtown_A,200,132,Rainy,20.79,0,0.683,68
2024-01-14 17:00:00,Business_Hub,500,271,Clear,11.76,0,0.63,229
2024-01-14 17:00:00,Shopping_Mall,500,280,Rainy,20.3,0,0.651,220
2024-01-14 17:00:00,Residential_West,200,136,Clear,20.92,0,0.769,64
2024-01-14 17:00:00,Suburban_East,200,129,Foggy,20.34,0,0.626,71
2024-01-14 18:00:00,Downtown_A,200,131,Clear,21.78,0,0.693,69
2024-01-14 18:00:00,Business_Hub,500,265,Clear,11.68,0,0.477,235
2024-01-14 18:00:00,Shopping_Mall,500,272,Foggy,10.83,1,0.61,228
2024-01-14 18:00:00,Residential_West,200,125,Rainy,27.45,0,0.549,75
2024-01-14 18:00:00,Suburban_East,200,119,Foggy,20.2,0,0.579,81
2024-01-14 19:00:00,Downtown_A,200,100,Snowy,11.38,0,0.576,100
2024-01-14 19:00:00,Business_Hub,500,256,Snowy,24.99,0,0.484,244
2024-01-14 19:00:00,Shopping_Mall,500,254,Foggy,32.3,0,0.558,246
2024-01-14 19:00:00,Residential_West,200,119,Foggy,19.72,0,0.572,81
2024-01-14 19:00:00,Suburban_East,200,112,Rainy,23.74,0,0.609,88
2024-01-14 20:00:00,Downtown_A,200,97,Foggy,24.28,0,0.448,103
2024-01-14 20:00:00,Business_Hub,500,243,Snowy,21.04,0,0.441,257
2024-01-14 20:00:00,Shopping_Mall,500,252,Snowy,20.39,0,0.502,248
2024-01-14 20:00:00,Residential_West,200,103,Snowy,16.73,0,0.48,97
2024-01-14 20:00:00,Suburban_East,200,101,Snowy,30.14,0,0.484,99
2024-01-14 21:00:00,Downtown_A,200,89,Snowy,11.23,0,0.491,111
2024-01-14 21:00:00,Business_Hub,500,245,Snowy,26.09,0,0.414,255
2024-01-14 21:00:00,Shopping_Mall,500,236,Snowy,14.46,0,0.459,264
2024-01-14 21:00:00,Residential_West,200,88,Clear,18.1,1,0.504,112
2024-01-14 21:00:00,Suburban_East,200,94,Clear,13.05,0,0.377,106
2024-01-14 22:00:00,Downtown_A,200,76,Snowy,24.08,0,0.375,124
2024-01-14 22:00:00,Business_Hub,500,240,Clear,19.54,0,0.422,260
2024-01-14 22:00:00,Shopping_Mall,500,242,Clear,18.64,0,0.57,258
2024-01-14 22:00:00,Residential_West,200,89,Snowy,11.43,0,0.361,111
2024-01-14 22:00:00,Suburban_East,200,95,Rainy,16.1,0,0.541,105
2024-01-14 23:00:00,Downtown_A,200,83,Foggy,13.22,0,0.432,117
2024-01-14 23:00:00,Business_Hub,500,229,Rainy,25.1,1,0.413,271
2024-01-14 23:00:00,Shopping_Mall,500,231,Rainy,25.93,0,0.409,269
2024-01-14 23:00:00,Residential_West,200,81,Clear,20.27,0,0.336,119
2024-01-14 23:00:00,Suburban_East,200,85,Rainy,15.01,0,0.379,115
2024-01-15 00:00:00,Downtown_A,200,54,Rainy,18.08,0,0.258,146
2024-01-15 00:00:00,Business_Hub,500,213,Foggy,30.97,0,0.386,287
2024-01-15 00:00:00,Shopping_Mall,500,206,Clear,34.03,0,0.375,294
2024-01-15 00:00:00,Residential_West,200,55,Snowy,32.71,0,0.227,145
2024-01-15 00:00:00,Suburban_East,200,64,Rainy,12.55,0,0.239,136
2024-01-15 01:00:00,Downtown_A,200,67,Foggy,16.43,0,0.247,133
2024-01-15 01:00:00,Business_Hub,500,221,Rainy,20.04,0,0.386,279
2024-01-15 01:00:00,Shopping_Mall,500,207,Rainy,21.41,0,0.475,293
2024-01-15 01:00:00,Residential_West,200,67,Clear,21.36,0,0.395,133
2024-01-15 01:00:00,Suburban_East,200,61,Foggy,15.69,0,0.248,139
2024-01-15 02:00:00,Downtown_A,200,62,Rainy,29.85,0,0.338,138
2024-01-15 02:00:00,Business_Hub,500,220,Snowy,16.78,0,0.51,280
2024-01-15 02:00:00,Shopping_Mall,500,216,Foggy,33.55,0,0.528,284
2024-01-15 02:00:00,Residential_West,200,65,Clear,12.52,0,0.245,135
2024-01-15 02:00:00,Suburban_East,200,70,Rainy,14.58,0,0.33,130
2024-01-15 03:00:00,Downtown_A,200,74,Snowy,25.79,0,0.336,126
2024-01-15 03:00:00,Business_Hub,500,211,Rainy,16.02,0,0.412,289
2024-01-15 03:00:00,Shopping_Mall,500,220,Rainy,27.15,0,0.483,280
2024-01-15 03:00:00,Residential_West,200,74,Snowy,33.28,1,0.387,126
2024-01-15 03:00:00,Suburban_East,200,64,Foggy,15.35,0,0.292,136
2024-01-15 04:00:00,Downtown_A,200,85,Snowy,31.26,0,0.515,115
2024-01-15 04:00:00,Business_Hub,500,236,Clear,21.08,0,0.42,264
2024-01-15 04:00:00,Shopping_Mall,500,230,Foggy,20.23,0,0.541,270
2024-01-15 04:00:00,Residential_West,200,82,Foggy,30.41,1,0.333,118
2024-01-15 04:00:00,Suburban_East,200,77,Snowy,34.06,0,0.445,123
2024-01-15 05:00:00,Downtown_A,200,89,Rainy,29.26,0,0.384,111
2024-01-15 05:00:00,Business_Hub,500,234,Snowy,17.82,0,0.424,266
2024-01-15 05:00:00,Shopping_Mall,500,248,Foggy,17.25,0,0.515,252
2024-01-15 05:00:00,Residential_West,200,91,Foggy,12.7,0,0.412,109
2024-01-15 05:00:00,Suburban_East,200,85,Foggy,15.84,0,0.493,115
2024-01-15 06:00:00,Downtown_A,200,101,Foggy,13.34,0,0.48,99
2024-01-15 06:00:00,Business_Hub,500,250,Clear,23.47,0,0.523,250
2024-01-15 06:00:00,Shopping_Mall,500,251,Rainy,23.78,0,0.531,249
2024-01-15 06:00:00,Residential_West,200,96,Snowy,33.03,0,0.403,104
2024-01-15 06:00:00,Suburban_East,200,101,Foggy,32.39,0,0.57,99
2024-01-15 07:00:00,Downtown_A,200,102,Snowy,27.8,0,0.551,98
2024-01-15 07:00:00,Business_Hub,500,267,Rainy,22.29,0,0.627,233
2024-01-15 07:00:00,Shopping_Mall,500,258,Rainy,19.08,0,0.604,242
2024-01-15 07:00:00,Residential_West,200,107,Foggy,26.27,0,0.474,93
2024-01-15 07:00:00,Suburban_East,200,119,Snowy,25.95,0,0.543,81
2024-01-15 08:00:00,Downtown_A,200,123,Clear,31.71,0,0.523,77
2024-01-15 08:00:00,Business_Hub,500,265,Clear,34.9,0,0.43,235
2024-01-15 08:00:00,Shopping_Mall,500,267,Rainy,18.26,0,0.621,233
2024-01-15 08:00:00,Residential_West,200,117,Rainy,18.38,0,0.512,83
2024-01-15 08:00:00,Suburban_East,200,112,Clear,27.22,0,0.595,88
2024-01-15 09:00:00,Downtown_A,200,123,Snowy,20.19,1,0.652,77
2024-01-15 09:00:00,Business_Hub,500,285,Foggy,33.67,0,0.521,215
2024-01-15 09:00:00,Shopping_Mall,500,272,Foggy,14.35,0,0.619,228
2024-01-15 09:00:00,Residential_West,200,128,Foggy,12.65,0,0.616,72
2024-01-15 09:00:00,Suburban_East,200,126,Clear,28.34,0,0.726,74
2024-01-15 10:00:00,Downtown_A,200,133,Rainy,34.39,0,0.675,67
2024-01-15 10:00:00,Business_Hub,500,288,Foggy,15.07,0,0.561,212
2024-01-15 10:00:00,Shopping_Mall,500,286,Foggy,16.33,1,0.491,214
2024-01-15 10:00:00,Residential_West,200,141,Rainy,13.82,0,0.625,59
2024-01-15 10:00:00,Suburban_East,200,125,Clear,26.7,0,0.659,75
2024-01-15 11:00:00,Downtown_A,200,134,Snowy,33.04,1,0.648,66
2024-01-15 11:00:00,Business_Hub,500,293,Foggy,13.25,0,0.536,207
2024-01-15 11:00:00,Shopping_Mall,500,287,Rainy,14.59,0,0.516,213
2024-01-15 11:00:00,Residential_West,200,145,Rainy,30.39,0,0.764,55
2024-01-15 11:00:00,Suburban_East,200,130,Clear,23.02,0,0.577,70
2024-01-15 12:00:00,Downtown_A,200,126,Clear,14.48,0,0.61,74
2024-01-15 12:00:00,Business_Hub,500,291,Snowy,18.23,0,0.487,209
2024-01-15 12:00:00,Shopping_Mall,500,289,Clear,32.44,0,0.482,211
2024-01-15 12:00:00,Residential_West,200,145,Foggy,11.77,0,0.712,55
2024-01-15 12:00:00,Suburban_East,200,142,Foggy,27.46,0,0.734,58
2024-01-15 13:00:00,Downtown_A,200,140,Rainy,16.48,0,0.604,60
2024-01-15 13:00:00,Business_Hub,500,285,Snowy,29.84,0,0.538,215
2024-01-15 13:00:00,Shopping_Mall,500,286,Rainy,10.73,0,0.669,214
2024-01-15 13:00:00,Residential_West,200,130,Snowy,14.3,0,0.723,70
2024-01-15 13:00:00,Suburban_East,200,134,Clear,27.41,0,0.591,66
2024-01-15 14:00:00,Downtown_A,200,131,Foggy,27.61,0,0.72,69
2024-01-15 14:00:00,Business_Hub,500,284,Snowy,28.61,0,0.649,216
2024-01-15 14:00:00,Shopping_Mall,500,283,Snowy,17.11,0,0.623,217
2024-01-15 14:00:00,Residential_West,200,141,Clear,29.63,0,0.672,59
2024-01-15 14:00:00,Suburban_East,200,128,Clear,32.0,0,0.634,72
2024-01-15 15:00:00,Downtown_A,200,129,Foggy,21.7,0,0.691,71
2024-01-15 15:00:00,Business_Hub,500,279,Rainy,18.7,0,0.497,221
2024-01-15 15:00:00,Shopping_Mall,500,284,Snowy,13.96,0,0.562,216
2024-01-15 15:00:00,Residential_West,200,126,Clear,27.6,0,0.621,74
2024-01-15 15:00:00,Suburban_East,200,125,Clear,25.46,0,0.719,75
2024-01-15 16:00:00,Downtown_A,200,118,Snowy,23.45,0,0.569,82
2024-01-15 16:00:00,Business_Hub,500,264,Snowy,15.67,0,0.487,236
2024-01-15 16:00:00,Shopping_Mall,500,272,Snowy,11.67,0,0.478,228
2024-01-15 16:00:00,Residential_West,200,106,Rainy,34.39,0,0.542,94
2024-01-15 16:00:00,Suburban_East,200,115,Rainy,34.24,0,0.596,85
2024-01-15 17:00:00,Downtown_A,200,111,Foggy,27.6,0,0.49,89
2024-01-15 17:00:00,Business_Hub,500,265,Clear,17.93,0,0.621,235
2024-01-15 17:00:00,Shopping_Mall,500,259,Rainy,21.36,0,0.587,241
2024-01-15 17:00:00,Residential_West,200,98,Snowy,34.93,0,0.48,102
2024-01-15 17:00:00,Suburban_East,200,111,Rainy,11.2,0,0.607,89
2024-01-15 18:00:00,Downtown_A,200,107,Clear,21.83,0,0.465,93
2024-01-15 18:00:00,Business_Hub,500,252,Rainy,13.26,0,0.586,248
2024-01-15 18:00:00,Shopping_Mall,500,246,Snowy,11.16,0,0.432,254
2024-01-15 18:00:00,Residential_West,200,98,Foggy,16.17,0,0.489,102
2024-01-15 18:00:00,Suburban_East,200,100,Rainy,28.68,0,0.483,100
2024-01-15 19:00:00,Downtown_A,200,89,Rainy,14.49,0,0.454,111
2024-01-15 19:00:00,Business_Hub,500,245,Foggy,16.96,0,0.413,255
2024-01-15 19:00:00,Shopping_Mall,500,240,Snowy,21.04,1,0.507,260
2024-01-15 19:00:00,Residential_West,200,91,Clear,15.09,0,0.431,109
2024-01-15 19:00:00,Suburban_East,200,84,Foggy,16.76,0,0.457,116
2024-01-15 20:00:00,Downtown_A,200,84,Rainy,12.39,0,0.379,116
2024-01-15 20:00:00,Business_Hub,500,216,Foggy,14.28,0,0.343,284
2024-01-15 20:00:00,Shopping_Mall,500,227,Clear,13.89,0,0.484,273
2024-01-15 20:00:00,Residential_West,200,81,Foggy,33.19,1,0.403,119
2024-01-15 20:00:00,Suburban_East,200,84,Clear,10.45,1,0.338,116
2024-01-15 21:00:00,Downtown_A,200,75,Clear,13.38,0,0.292,125
2024-01-15 21:00:00,Business_Hub,500,215,Foggy,23.85,0,0.393,285
2024-01-15 21:00:00,Shopping_Mall,500,222,Rainy,13.83,0,0.529,278
2024-01-15 21:00:00,Residential_West,200,70,Rainy,21.3,0,0.287,130
2024-01-15 21:00:00,Suburban_East,200,74,Foggy,16.31,1,0.28,126
2024-01-15 22:00:00,Downtown_A,200,64,Snowy,22.23,0,0.389,136
2024-01-15 22:00:00,Business_Hub,500,219,Snowy,23.44,0,0.47,281
2024-01-15 22:00:00,Shopping_Mall,500,222,Foggy,34.22,0,0.48,278
2024-01-15 22:00:00,Residential_West,200,63,Snowy,29.68,0,0.293,137
2024-01-15 22:00:00,Suburban_East,200,61,Foggy,28.35,0,0.383,139
2024-01-15 23:00:00,Downtown_A,200,59,Rainy,30.11,0,0.358,141
2024-01-15 23:00:00,Business_Hub,500,213,Rainy,31.14,0,0.487,287
2024-01-15 23:00:00,Shopping_Mall,500,198,Clear,12.28,0,0.49,302
2024-01-15 23:00:00,Residential_West,200,52,Snowy,18.92,0,0.296,148
2024-01-15 23:00:00,Suburban_East,200,53,Clear,14.26,0,0.216,147
2024-01-16 00:00:00,Downtown_A,200,64,Snowy,11.98,0,0.317,136
2024-01-16 00:00:00,Business_Hub,500,211,Snowy,16.86,0,0.385,289
2024-01-16 00:00:00,Shopping_Mall,500,202,Snowy,34.98,0,0.358,298
2024-01-16 00:00:00,Residential_West,200,56,Foggy,18.61,0,0.246,144
2024-01-16 00:00:00,Suburban_East,200,64,Foggy,10.47,0,0.397,136
2024-01-16 01:00:00,Downtown_A,200,57,Rainy,29.07,0,0.213,143
2024-01-16 01:00:00,Business_Hub,500,215,Foggy,25.03,0,0.332,285
2024-01-16 01:00:00,Shopping_Mall,500,213,Snowy,23.24,0,0.328,287
2024-01-16 01:00:00,Residential_West,200,72,Snowy,28.82,0,0.344,128
2024-01-16 01:00:00,Suburban_East,200,62,Clear,20.2,0,0.386,138
2024-01-16 02:00:00,Downtown_A,200,69,Snowy,18.23,0,0.42,131
2024-01-16 02:00:00,Business_Hub,500,208,Snowy,15.83,1,0.43,292
2024-01-16 02:00:00,Shopping_Mall,500,221,Rainy,29.99,0,0.346,279
2024-01-16 02:00:00,Residential_West,200,65,Foggy,27.17,0,0.277,135
2024-01-16 02:00:00,Suburban_East,200,57,Snowy,33.68,0,0.347,143
2024-01-16 03:00:00,Downtown_A,200,68,Rainy,30.68,0,0.417,132
2024-01-16 03:00:00,Business_Hub,500,216,Rainy,17.65,1,0.439,284
2024-01-16 03:00:00,Shopping_Mall,500,217,Rainy,15.34,0,0.452,283
2024-01-16 03:00:00,Residential_West,200,64,Rainy,21.02,0,0.337,136
2024-01-16 03:00:00,Suburban_East,200,69,Rainy,13.89,0,0.424,131
2024-01-16 04:00:00,Downtown_A,200,70,Foggy,33.28,1,0.257,130
2024-01-16 04:00:00,Business_Hub,500,222,Clear,14.44,0,0.347,278
2024-01-16 04:00:00,Shopping_Mall,500,229,Snowy,14.26,0,0.401,271
2024-01-16 04:00:00,Residential_West,200,74,Clear,23.34,0,0.389,126
2024-01-16 04:00:00,Suburban_East,200,81,Foggy,20.41,0,0.372,119
2024-01-16 05:00:00,Downtown_A,200,83,Snowy,14.7,0,0.377,117
2024-01-16 05:00:00,Business_Hub,500,233,Rainy,10.15,0,0.368,267
2024-01-16 05:00:00,Shopping_Mall,500,243,Foggy,21.78,0,0.399,257
2024-01-16 05:00:00,Residential_West,200,84,Clear,32.65,0,0.373,116
2024-01-16 05:00:00,Suburban_East,200,85,Snowy,28.09,0,0.46,115
2024-01-16 06:00:00,Downtown_A,200,104,Rainy,31.16,0,0.505,96
2024-01-16 06:00:00,Business_Hub,500,243,Foggy,32.08,0,0.392,257
2024-01-16 06:00:00,Shopping_Mall,500,255,Clear,33.57,0,0.454,245
2024-01-16 06:00:00,Residential_West,200,95,Clear,15.37,0,0.5,105
2024-01-16 06:00:00,Suburban_East,200,95,Foggy,22.76,1,0.524,105
2024-01-16 07:00:00,Downtown_A,200,107,Rainy,19.78,0,0.491,93
2024-01-16 07:00:00,Business_Hub,500,261,Snowy,17.05,0,0.542,239
2024-01-16 07:00:00,Shopping_Mall,500,256,Foggy,22.62,0,0.559,244
2024-01-16 07:00:00,Residential_West,200,111,Rainy,29.43,0,0.494,89
2024-01-16 07:00:00,Suburban_East,200,106,Snowy,15.76,0,0.502,94
2024-01-16 08:00:00,Downtown_A,200,119,Clear,30.15,0,0.499,81
2024-01-16 08:00:00,Business_Hub,500,262,Snowy,30.1,0,0.474,238
2024-01-16 08:00:00,Shopping_Mall,500,268,Clear,31.16,0,0.47,232
2024-01-16 08:00:00,Residential_West,200,115,Foggy,33.69,0,0.482,85
2024-01-16 08:00:00,Suburban_East,200,116,Foggy,17.99,0,0.509,84
2024-01-16 09:00:00,Downtown_A,200,134,Snowy,21.79,0,0.657,66
2024-01-16 09:00:00,Business_Hub,500,276,Clear,34.12,0,0.586,224
2024-01-16 09:00:00,Shopping_Mall,500,279,Foggy,20.93,0,0.584,221
2024-01-16 09:00:00,Residential_West,200,128,Clear,29.11,0,0.565,72
2024-01-16 09:00:00,Suburban_East,200,122,Snowy,34.8,0,0.578,78
2024-01-16 10:00:00,Downtown_A,200,133,Foggy,13.88,0,0.719,67
2024-01-16 10:00:00,Business_Hub,500,290,Snowy,31.14,0,0.601,210
2024-01-16 10:00:00,Shopping_Mall,500,291,Foggy,17.85,0,0.599,209
2024-01-16 10:00:00,Residential_West,200,139,Foggy,34.82,0,0.642,61
2024-01-16 10:00:00,Suburban_East,200,139,Rainy,31.05,0,0.661,61
2024-01-16 11:00:00,Downtown_A,200,131,Foggy,28.01,0,0.567,69
2024-01-16 11:00:00,Business_Hub,500,301,Clear,18.81,0,0.686,199
2024-01-16 11:00:00,Shopping_Mall,500,289,Clear,31.91,0,0.59,211
2024-01-16 11:00:00,Residential_West,200,139,Clear,26.32,0,0.726,61
2024-01-16 11:00:00,Suburban_East,200,139,Clear,10.72,0,0.7,61
2024-01-16 12:00:00,Downtown_A,200,134,Snowy,25.2,0,0.613,66
2024-01-16 12:00:00,Business_Hub,500,289,Snowy,30.43,0,0.569,211
2024-01-16 12:00:00,Shopping_Mall,500,286,Clear,27.3,0,0.585,214
2024-01-16 12:00:00,Residential_West,200,148,Foggy,26.79,0,0.783,52
2024-01-16 12:00:00,Suburban_East,200,138,Clear,30.44,1,0.665,62
2024-01-16 13:00:00,Downtown_A,200,135,Clear,17.99,0,0.763,65
2024-01-16 13:00:00,Business_Hub,500,294,Snowy,19.98,0,0.628,206
2024-01-16 13:00:00,Shopping_Mall,500,293,Snowy,34.51,0,0.565,207
2024-01-16 13:00:00,Residential_West,200,142,Snowy,18.13,0,0.625,58
2024-01-16 13:00:00,Suburban_East,200,129,Foggy,28.89,0,0.613,71
2024-01-16 14:00:00,Downtown_A,200,141,Clear,13.69,0,0.731,59
2024-01-16 14:00:00,Business_Hub,500,291,Foggy,31.81,0,0.521,209
2024-01-16 14:00:00,Shopping_Mall,500,284,Foggy,25.1,0,0.571,216
2024-01-16 14:00:00,Residential_West,200,130,Clear,10.96,0,0.572,70
2024-01-16 14:00:00,Suburban_East,200,132,Snowy,24.81,0,0.679,68
2024-01-16 15:00:00,Downtown_A,200,129,Snowy,19.84,0,0.616,71
2024-01-16 15:00:00,Business_Hub,500,280,Rainy,29.92,0,0.582,220
2024-01-16 15:00:00,Shopping_Mall,500,273,Clear,17.83,0,0.583,227
2024-01-16 15:00:00,Residential_West,200,133,Foggy,16.65,0,0.751,67
2024-01-16 15:00:00,Suburban_East,200,126,Clear,16.14,0,0.695,74
2024-01-16 16:00:00,Downtown_A,200,123,Snowy,29.34,0,0.516,77
2024-01-16 16:00:00,Business_Hub,500,267,Rainy,31.29,0,0.439,233
2024-01-16 16:00:00,Shopping_Mall,500,267,Clear,26.36,1,0.538,233
2024-01-16 16:00:00,Residential_West,200,123,Clear,24.8,0,0.67,77
2024-01-16 16:00:00,Suburban_East,200,116,Clear,25.19,0,0.503,84
2024-01-16 17:00:00,Downtown_A,200,110,Clear,23.86,0,0.503,90
2024-01-16 17:00:00,Business_Hub,500,264,Snowy,28.99,0,0.495,236
2024-01-16 17:00:00,Shopping_Mall,500,267,Snowy,10.28,0,0.525,233
2024-01-16 17:00:00,Residential_West,200,113,Clear,21.47,0,0.629,87
2024-01-16 17:00:00,Suburban_East,200,109,Foggy,21.91,0,0.581,91
2024-01-16 18:00:00,Downtown_A,200,93,Clear,24.07,0,0.561,107
2024-01-16 18:00:00,Business_Hub,500,250,Foggy,28.12,0,0.408,250
2024-01-16 18:00:00,Shopping_Mall,500,242,Foggy,14.04,0,0.444,258
2024-01-16 18:00:00,Residential_West,200,105,Foggy,19.17,0,0.577,95
2024-01-16 18:00:00,Suburban_East,200,93,Snowy,23.34,0,0.539,107
2024-01-16 19:00:00,Downtown_A,200,94,Rainy,24.11,0,0.545,106
2024-01-16 19:00:00,Business_Hub,500,246,Clear,10.54,0,0.465,254
2024-01-16 19:00:00,Shopping_Mall,500,234,Rainy,31.15,0,0.446,266
2024-01-16 19:00:00,Residential_West,200,87,Rainy,20.62,0,0.398,113
2024-01-16 19:00:00,Suburban_East,200,87,Rainy,19.93,0,0.468,113
2024-01-16 20:00:00,Downtown_A,200,80,Snowy,12.79,0,0.464,120
2024-01-16 20:00:00,Business_Hub,500,233,Snowy,33.76,0,0.565,267
2024-01-16 20:00:00,Shopping_Mall,500,226,Snowy,33.61,0,0.392,274
2024-01-16 20:00:00,Residential_West,200,76,Foggy,22.61,0,0.428,124
2024-01-16 20:00:00,Suburban_East,200,80,Clear,31.44,0,0.306,120
2024-01-16 21:00:00,Downtown_A,200,63,Snowy,22.93,0,0.318,137
2024-01-16 21:00:00,Business_Hub,500,225,Snowy,33.34,0,0.503,275
2024-01-16 21:00:00,Shopping_Mall,500,225,Clear,18.27,0,0.499,275
2024-01-16 21:00:00,Residential_West,200,67,Clear,30.06,0,0.315,133
2024-01-16 21:00:00,Suburban_East,200,69,Foggy,11.78,0,0.321,131
2024-01-16 22:00:00,Downtown_A,200,65,Foggy,32.77,0,0.399,135
2024-01-16 22:00:00,Business_Hub,500,224,Rainy,24.41,0,0.452,276
2024-01-16 22:00:00,Shopping_Mall,500,221,Rainy,33.26,0,0.369,279
2024-01-16 22:00:00,Residential_West,200,60,Clear,27.94,1,0.287,140
2024-01-16 22:00:00,Suburban_East,200,77,Clear,25.6,0,0.377,123
2024-01-16 23:00:00,Downtown_A,200,70,Snowy,33.44,0,0.33,130
2024-01-16 23:00:00,Business_Hub,500,210,Clear,34.02,0,0.451,290
2024-01-16 23:00:00,Shopping_Mall,500,216,Foggy,25.03,0,0.476,284
2024-01-16 23:00:00,Residential_West,200,62,Rainy,24.67,0,0.264,138
2024-01-16 23:00:00,Suburban_East,200,69,Foggy,22.03,0,0.34,131
2024-01-17 00:00:00,Downtown_A,200,53,Rainy,14.26,0,0.357,147
2024-01-17 00:00:00,Business_Hub,500,207,Rainy,20.18,0,0.398,293
2024-01-17 00:00:00,Shopping_Mall,500,220,Rainy,30.46,0,0.439,280
2024-01-17 00:00:00,Residential_West,200,70,Clear,33.32,0,0.312,130
2024-01-17 00:00:00,Suburban_East,200,54,Rainy,33.33,0,0.352,146
2024-01-17 01:00:00,Downtown_A,200,69,Snowy,30.51,0,0.289,131
2024-01-17 01:00:00,Business_Hub,500,208,Snowy,20.96,0,0.373,292
2024-01-17 01:00:00,Shopping_Mall,500,207,Clear,16.85,0,0.468,293
2024-01-17 01:00:00,Residential_West,200,64,Foggy,11.19,0,0.333,136
2024-01-17 01:00:00,Suburban_East,200,58,Rainy,26.9,0,0.223,142
2024-01-17 02:00:00,Downtown_A,200,70,Clear,34.61,0,0.25,130
2024-01-17 02:00:00,Business_Hub,500,220,Snowy,33.35,0,0.434,280
2024-01-17 02:00:00,Shopping_Mall,500,218,Snowy,13.15,0,0.525,282
2024-01-17 02:00:00,Residential_West,200,74,Clear,11.9,0,0.372,126
2024-01-17 02:00:00,Suburban_East,200,70,Clear,23.87,0,0.367,130
2024-01-17 03:00:00,Downtown_A,200,74,Snowy,10.59,0,0.271,126
2024-01-17 03:00:00,Business_Hub,500,226,Clear,25.86,0,0.521,274
2024-01-17 03:00:00,Shopping_Mall,500,222,Clear,16.66,0,0.423,278
2024-01-17 03:00:00,Residential_West,200,70,Foggy,16.4,0,0.428,130
2024-01-17 03:00:00,Suburban_East,200,75,Foggy,33.2,0,0.295,125
2024-01-17 04:00:00,Downtown_A,200,76,Snowy,18.47,0,0.284,124
2024-01-17 04:00:00,Business_Hub,500,236,Rainy,27.39,0,0.455,264
2024-01-17 04:00:00,Shopping_Mall,500,229,Foggy,14.72,0,0.541,271
2024-01-17 04:00:00,Residential_West,200,89,Snowy,11.06,0,0.452,111
2024-01-17 04:00:00,Suburban_East,200,75,Snowy,28.94,0,0.429,125
2024-01-17 05:00:00,Downtown_A,200,84,Foggy,13.24,0,0.518,116
2024-01-17 05:00:00,Business_Hub,500,249,Foggy,29.13,0,0.525,251
2024-01-17 05:00:00,Shopping_Mall,500,240,Clear,13.65,0,0.493,260
2024-01-17 05:00:00,Residential_West,200,90,Snowy,11.92,0,0.483,110
2024-01-17 05:00:00,Suburban_East,200,79,Foggy,23.53,0,0.49,121
2024-01-17 06:00:00,Downtown_A,200,99,Foggy,30.4,1,0.584,101
2024-01-17 06:00:00,Business_Hub,500,246,Clear,25.27,0,0.56,254
2024-01-17 06:00:00,Shopping_Mall,500,243,Rainy,21.68,0,0.488,257
2024-01-17 06:00:00,Residential_West,200,97,Rainy,32.56,0,0.474,103
2024-01-17 06:00:00,Suburban_East,200,98,Snowy,18.52,0,0.489,102
2024-01-17 07:00:00,Downtown_A,200,108,Foggy,16.31,0,0.476,92
2024-01-17 07:00:00,Business_Hub,500,258,Rainy,27.82,0,0.469,242
2024-01-17 07:00:00,Shopping_Mall,500,255,Foggy,12.5,0,0.591,245
2024-01-17 07:00:00,Residential_West,200,117,Rainy,25.41,0,0.63,83
2024-01-17 07:00:00,Suburban_East,200,104,Snowy,14.56,1,0.618,96
2024-01-17 08:00:00,Downtown_A,200,116,Foggy,18.52,0,0.548,84
2024-01-17 08:00:00,Business_Hub,500,273,Snowy,27.91,0,0.627,227
2024-01-17 08:00:00,Shopping_Mall,500,272,Rainy,27.38,0,0.639,228
2024-01-17 08:00:00,Residential_West,200,113,Snowy,31.09,0,0.604,87
2024-01-17 08:00:00,Suburban_East,200,122,Foggy,20.17,0,0.64,78
2024-01-17 09:00:00,Downtown_A,200,130,Snowy,15.04,0,0.596,70
2024-01-17 09:00:00,Business_Hub,500,280,Foggy,28.38,0,0.493,220
2024-01-17 09:00:00,Shopping_Mall,500,280,Clear,20.48,0,0.483,220
2024-01-17 09:00:00,Residential_West,200,128,Rainy,16.13,0,0.646,72
2024-01-17 09:00:00,Suburban_East,200,119,Snowy,14.79,0,0.584,81
2024-01-17 10:00:00,Downtown_A,200,138,Rainy,11.42,0,0.672,62
2024-01-17 10:00:00,Business_Hub,500,279,Clear,24.45,0,0.494,221
2024-01-17 10:00:00,Shopping_Mall,500,289,Snowy,26.62,0,0.66,211
2024-01-17 10:00:00,Residential_West,200,135,Rainy,34.97,0,0.589,65
2024-01-17 10:00:00,Suburban_East,200,130,Snowy,23.49,0,0.552,70
2024-01-17 11:00:00,Downtown_A,200,145,Snowy,27.17,0,0.73,55
2024-01-17 11:00:00,Business_Hub,500,279,Rainy,12.4,0,0.491,221
2024-01-17 11:00:00,Shopping_Mall,500,291,Snowy,22.71,0,0.493,209
2024-01-17 11:00:00,Residential_West,200,144,Clear,32.41,0,0.642,56
2024-01-17 11:00:00,Suburban_East,200,142,Rainy,23.19,0,0.764,58
2024-01-17 12:00:00,Downtown_A,200,140,Clear,34.6,0,0.717,60
2024-01-17 12:00:00,Business_Hub,500,293,Clear,31.11,0,0.686,207
2024-01-17 12:00:00,Shopping_Mall,500,292,Clear,26.54,1,0.522,208
2024-01-17 12:00:00,Residential_West,200,142,Rainy,28.14,0,0.663,58
2024-01-17 12:00:00,Suburban_East,200,136,Snowy,25.03,0,0.675,64
2024-01-17 13:00:00,Downtown_A,200,131,Rainy,17.97,0,0.582,69
2024-01-17 13:00:00,Business_Hub,500,283,Foggy,11.81,0,0.504,217
2024-01-17 13:00:00,Shopping_Mall,500,290,Snowy,26.58,0,0.645,210
2024-01-17 13:00:00,Residential_West,200,138,Clear,27.89,0,0.753,62
2024-01-17 13:00:00,Suburban_East,200,147,Clear,19.0,0,0.691,53
2024-01-17 14:00:00,Downtown_A,200,138,Rainy,24.85,0,0.631,62
2024-01-17 14:00:00,Business_Hub,500,286,Clear,17.0,0,0.551,214
2024-01-17 14:00:00,Shopping_Mall,500,282,Clear,28.82,0,0.587,218
2024-01-17 14:00:00,Residential_West,200,131,Rainy,14.66,0,0.571,69
2024-01-17 14:00:00,Suburban_East,200,134,Clear,14.23,0,0.579,66
2024-01-17 15:00:00,Downtown_A,200,116,Clear,22.38,0,0.594,84
2024-01-17 15:00:00,Business_Hub,500,286,Foggy,23.64,1,0.583,214
2024-01-17 15:00:00,Shopping_Mall,500,278,Rainy,25.22,0,0.492,222
2024-01-17 15:00:00,Residential_West,200,129,Snowy,17.62,0,0.651,71
2024-01-17 15:00:00,Suburban_East,200,122,Foggy,21.74,0,0.554,78
2024-01-17 16:00:00,Downtown_A,200,108,Foggy,34.15,0,0.504,92
2024-01-17 16:00:00,Business_Hub,500,273,Rainy,21.52,0,0.503,227
2024-01-17 16:00:00,Shopping_Mall,500,269,Foggy,10.52,0,0.607,231
2024-01-17 16:00:00,Residential_West,200,122,Clear,10.84,0,0.644,78
2024-01-17 16:00:00,Suburban_East,200,117,Foggy,13.98,0,0.555,83
2024-01-17 17:00:00,Downtown_A,200,104,Snowy,10.84,0,0.499,96
2024-01-17 17:00:00,Business_Hub,500,267,Rainy,16.88,0,0.599,233
2024-01-17 17:00:00,Shopping_Mall,500,266,Rainy,30.82,0,0.589,234
2024-01-17 17:00:00,Residential_West,200,112,Foggy,10.27,0,0.536,88
2024-01-17 17:00:00,Suburban_East,200,119,Clear,30.62,0,0.664,81
2024-01-17 18:00:00,Downtown_A,200,99,Rainy,13.94,0,0.462,101
2024-01-17 18:00:00,Business_Hub,500,247,Rainy,16.86,0,0.425,253
2024-01-17 18:00:00,Shopping_Mall,500,248,Foggy,26.5,0,0.467,252
2024-01-17 18:00:00,Residential_West,200,93,Rainy,19.92,0,0.41,107
2024-01-17 18:00:00,Suburban_East,200,99,Foggy,14.68,1,0.464,101
2024-01-17 19:00:00,Downtown_A,200,77,Foggy,14.27,0,0.389,123
2024-01-17 19:00:00,Business_Hub,500,245,Snowy,16.1,0,0.553,255
2024-01-17 19:00:00,Shopping_Mall,500,242,Clear,16.16,1,0.556,258
2024-01-17 19:00:00,Residential_West,200,91,Clear,33.04,0,0.543,109
2024-01-17 19:00:00,Suburban_East,200,93,Snowy,19.74,0,0.421,107
2024-01-17 20:00:00,Downtown_A,200,72,Rainy,15.84,1,0.379,128
2024-01-17 20:00:00,Business_Hub,500,224,Foggy,27.38,0,0.539,276
2024-01-17 20:00:00,Shopping_Mall,500,223,Snowy,32.96,0,0.386,277
2024-01-17 20:00:00,Residential_West,200,84,Snowy,22.09,0,0.481,116
2024-01-17 20:00:00,Suburban_East,200,75,Clear,20.41,0,0.35,125
2024-01-17 21:00:00,Downtown_A,200,69,Clear,15.02,0,0.442,131
2024-01-17 21:00:00,Business_Hub,500,219,Clear,33.04,0,0.383,281
2024-01-17 21:00:00,Shopping_Mall,500,218,Snowy,26.04,0,0.516,282
2024-01-17 21:00:00,Residential_West,200,63,Clear,25.01,0,0.268,137
2024-01-17 21:00:00,Suburban_East,200,73,Foggy,15.48,0,0.276,127
2024-01-17 22:00:00,Downtown_A,200,64,Clear,26.24,0,0.36,136
2024-01-17 22:00:00,Business_Hub,500,222,Rainy,33.7,0,0.429,278
2024-01-17 22:00:00,Shopping_Mall,500,205,Clear,11.87,1,0.412,295
2024-01-17 22:00:00,Residential_West,200,65,Snowy,21.26,0,0.229,135
2024-01-17 22:00:00,Suburban_East,200,60,Clear,12.73,0,0.367,140
2024-01-17 23:00:00,Downtown_A,200,53,Rainy,20.67,0,0.229,147
2024-01-17 23:00:00,Business_Hub,500,215,Foggy,15.17,0,0.436,285
2024-01-17 23:00:00,Shopping_Mall,500,207,Foggy,30.0,0,0.415,293
2024-01-17 23:00:00,Residential_West,200,51,Rainy,15.45,0,0.266,149
2024-01-17 23:00:00,Suburban_East,200,57,Rainy,22.02,0,0.269,143
2024-01-18 00:00:00,Downtown_A,200,56,Snowy,29.83,0,0.214,144
2024-01-18 00:00:00,Business_Hub,500,205,Foggy,28.4,0,0.414,295
2024-01-18 00:00:00,Shopping_Mall,500,207,Foggy,16.71,0,0.339,293
2024-01-18 00:00:00,Residential_West,200,57,Clear,28.66,0,0.248,143
2024-01-18 00:00:00,Suburban_East,200,65,Foggy,21.44,0,0.227,135
2024-01-18 01:00:00,Downtown_A,200,54,Snowy,27.2,0,0.336,146
2024-01-18 01:00:00,Business_Hub,500,210,Snowy,29.49,0,0.341,290
2024-01-18 01:00:00,Shopping_Mall,500,214,Snowy,16.07,1,0.525,286
2024-01-18 01:00:00,Residential_West,200,63,Snowy,28.14,0,0.4,137
2024-01-18 01:00:00,Suburban_East,200,54,Snowy,15.36,0,0.316,146
2024-01-18 02:00:00,Downtown_A,200,68,Clear,14.63,0,0.308,132
2024-01-18 02:00:00,Business_Hub,500,212,Rainy,23.44,1,0.431,288
2024-01-18 02:00:00,Shopping_Mall,500,223,Foggy,11.03,0,0.419,277
2024-01-18 02:00:00,Residential_West,200,58,Rainy,29.21,0,0.2,142
2024-01-18 02:00:00,Suburban_East,200,65,Clear,29.07,0,0.229,135
2024-01-18 03:00:00,Downtown_A,200,64,Clear,22.85,0,0.228,136
2024-01-18 03:00:00,Business_Hub,500,222,Foggy,15.92,0,0.427,278
2024-01-18 03:00:00,Shopping_Mall,500,224,Rainy,26.9,0,0.542,276
2024-01-18 03:00:00,Residential_West,200,75,Foggy,10.39,0,0.4,125
2024-01-18 03:00:00,Suburban_East,200,75,Rainy,16.3,0,0.407,125
2024-01-18 04:00:00,Downtown_A,200,80,Snowy,22.54,0,0.419,120
2024-01-18 04:00:00,Business_Hub,500,230,Clear,28.78,0,0.49,270
2024-01-18 04:00:00,Shopping_Mall,500,229,Rainy,24.37,0,0.516,271
2024-01-18 04:00:00,Residential_West,200,72,Rainy,20.23,0,0.333,128
2024-01-18 04:00:00,Suburban_East,200,78,Foggy,34.91,0,0.436,122
2024-01-18 05:00:00,Downtown_A,200,91,Rainy,27.76,0,0.437,109
2024-01-18 05:00:00,Business_Hub,500,245,Snowy,10.17,0,0.464,255
2024-01-18 05:00:00,Shopping_Mall,500,238,Rainy,11.39,0,0.557,262
2024-01-18 05:00:00,Residential_West,200,89,Foggy,18.4,0,0.361,111
2024-01-18 05:00:00,Suburban_East,200,95,Clear,23.04,1,0.455,105
2024-01-18 06:00:00,Downtown_A,200,103,Rainy,18.38,0,0.416,97
2024-01-18 06:00:00,Business_Hub,500,254,Snowy,17.15,0,0.466,246
2024-01-18 06:00:00,Shopping_Mall,500,245,Clear,22.41,0,0.51,255
2024-01-18 06:00:00,Residential_West,200,96,Foggy,23.87,0,0.536,104
2024-01-18 06:00:00,Suburban_East,200,90,Foggy,27.85,0,0.537,110
2024-01-18 07:00:00,Downtown_A,200,115,Snowy,14.6,0,0.531,85
2024-01-18 07:00:00,Business_Hub,500,258,Foggy,28.71,0,0.578,242
2024-01-18 07:00:00,Shopping_Mall,500,261,Clear,27.0,0,0.616,239
2024-01-18 07:00:00,Residential_West,200,105,Clear,18.59,1,0.537,95
2024-01-18 07:00:00,Suburban_East,200,108,Foggy,14.21,0,0.622,92
2024-01-18 08:00:00,Downtown_A,200,123,Snowy,21.79,0,0.534,77
2024-01-18 08:00:00,Business_Hub,500,268,Foggy,15.3,0,0.489,232
2024-01-18 08:00:00,Shopping_Mall,500,261,Foggy,23.05,0,0.596,239
2024-01-18 08:00:00,Residential_West,200,117,Foggy,21.13,1,0.532,83
2024-01-18 08:00:00,Suburban_East,200,116,Clear,12.07,0,0.575,84
2024-01-18 09:00:00,Downtown_A,200,126,Foggy,11.35,0,0.665,74
2024-01-18 09:00:00,Business_Hub,500,271,Clear,13.37,1,0.493,229
2024-01-18 09:00:00,Shopping_Mall,500,283,Clear,22.81,0,0.56,217
2024-01-18 09:00:00,Residential_West,200,121,Foggy,17.96,0,0.538,79
2024-01-18 09:00:00,Suburban_East,200,125,Clear,15.85,0,0.685,75
2024-01-18 10:00:00,Downtown_A,200,131,Rainy,19.06,0,0.665,69
2024-01-18 10:00:00,Business_Hub,500,298,Rainy,28.74,0,0.616,202
2024-01-18 10:00:00,Shopping_Mall,500,278,Clear,19.82,0,0.553,222
2024-01-18 10:00:00,Residential_West,200,133,Foggy,25.08,0,0.59,67
2024-01-18 10:00:00,Suburban_East,200,125,Foggy,18.09,0,0.584,75
2024-01-18 11:00:00,Downtown_A,200,141,Clear,21.78,0,0.722,59
2024-01-18 11:00:00,Business_Hub,500,281,Foggy,14.5,1,0.537,219
2024-01-18 11:00:00,Shopping_Mall,500,286,Snowy,31.64,0,0.622,214
2024-01-18 11:00:00,Residential_West,200,144,Snowy,27.59,0,0.772,56
2024-01-18 11:00:00,Suburban_East,200,142,Rainy,22.58,0,0.708,58
2024-01-18 12:00:00,Downtown_A,200,138,Foggy,33.41,0,0.625,62
2024-01-18 12:00:00,Business_Hub,500,287,Snowy,13.8,1,0.476,213
2024-01-18 12:00:00,Shopping_Mall,500,291,Clear,22.62,1,0.616,209
2024-01-18 12:00:00,Residential_West,200,143,Foggy,26.48,0,0.738,57
2024-01-18 12:00:00,Suburban_East,200,138,Foggy,22.98,1,0.703,62
2024-01-18 13:00:00,Downtown_A,200,141,Rainy,23.95,0,0.607,59
2024-01-18 13:00:00,Business_Hub,500,281,Foggy,26.07,0,0.462,219
2024-01-18 13:00:00,Shopping_Mall,500,291,Snowy,32.59,0,0.659,209
2024-01-18 13:00:00,Residential_West,200,127,Foggy,30.53,1,0.625,73
2024-01-18 13:00:00,Suburban_East,200,150,Rainy,10.94,0,0.757,50
2024-01-18 14:00:00,Downtown_A,200,131,Rainy,31.93,0,0.686,69
2024-01-18 14:00:00,Business_Hub,500,282,Snowy,33.41,0,0.644,218
2024-01-18 14:00:00,Shopping_Mall,500,277,Snowy,23.08,0,0.651,223
2024-01-18 14:00:00,Residential_West,200,139,Snowy,34.46,0,0.711,61
2024-01-18 14:00:00,Suburban_East,200,144,Rainy,20.4,0,0.719,56
2024-01-18 15:00:00,Downtown_A,200,131,Foggy,28.93,0,0.679,69
2024-01-18 15:00:00,Business_Hub,500,275,Clear,34.46,1,0.524,225
2024-01-18 15:00:00,Shopping_Mall,500,275,Snowy,28.02,0,0.533,225
2024-01-18 15:00:00,Residential_West,200,129,Rainy,22.06,0,0.613,71
2024-01-18 15:00:00,Suburban_East,200,128,Snowy,17.99,0,0.648,72
2024-01-18 16:00:00,Downtown_A,200,119,Snowy,26.72,0,0.514,81
2024-01-18 16:00:00,Business_Hub,500,279,Clear,28.86,0,0.641,221
2024-01-18 16:00:00,Shopping_Mall,500,272,Snowy,31.53,0,0.588,228
2024-01-18 16:00:00,Residential_West,200,118,Foggy,25.02,0,0.657,82
2024-01-18 16:00:00,Suburban_East,200,116,Foggy,25.63,0,0.488,84
2024-01-18 17:00:00,Downtown_A,200,121,Snowy,23.84,0,0.641,79
2024-01-18 17:00:00,Business_Hub,500,264,Clear,11.78,0,0.508,236
2024-01-18 17:00:00,Shopping_Mall,500,260,Foggy,31.45,0,0.598,240
2024-01-18 17:00:00,Residential_West,200,108,Foggy,22.25,0,0.496,92
2024-01-18 17:00:00,Suburban_East,200,112,Rainy,15.79,1,0.512,88
2024-01-18 18:00:00,Downtown_A,200,100,Foggy,20.29,0,0.523,100
2024-01-18 18:00:00,Business_Hub,500,256,Clear,20.46,0,0.419,244
2024-01-18 18:00:00,Shopping_Mall,500,234,Snowy,15.69,0,0.472,266
2024-01-18 18:00:00,Residential_West,200,99,Snowy,11.62,0,0.48,101
2024-01-18 18:00:00,Suburban_East,200,109,Snowy,20.27,0,0.591,91
2024-01-18 19:00:00,Downtown_A,200,84,Rainy,26.0,0,0.37,116
2024-01-18 19:00:00,Business_Hub,500,238,Foggy,23.0,0,0.502,262
2024-01-18 19:00:00,Shopping_Mall,500,238,Clear,33.23,0,0.393,262
2024-01-18 19:00:00,Residential_West,200,86,Snowy,24.95,0,0.377,114
2024-01-18 19:00:00,Suburban_East,200,92,Foggy,13.99,0,0.53,108
2024-01-18 20:00:00,Downtown_A,200,77,Clear,22.63,0,0.291,123
2024-01-18 20:00:00,Business_Hub,500,232,Snowy,24.26,1,0.5,268
2024-01-18 20:00:00,Shopping_Mall,500,232,Clear,27.63,0,0.427,268
2024-01-18 20:00:00,Residential_West,200,86,Clear,34.13,0,0.387,114
2024-01-18 20:00:00,Suburban_East,200,80,Snowy,25.18,0,0.441,120
2024-01-18 21:00:00,Downtown_A,200,69,Clear,18.27,0,0.321,131
2024-01-18 21:00:00,Business_Hub,500,228,Snowy,18.68,0,0.472,272
2024-01-18 21:00:00,Shopping_Mall,500,221,Snowy,23.65,0,0.345,279
2024-01-18 21:00:00,Residential_West,200,61,Snowy,13.24,0,0.258,139
2024-01-18 21:00:00,Suburban_East,200,70,Clear,10.5,0,0.27,130
2024-01-18 22:00:00,Downtown_A,200,68,Foggy,32.36,0,0.242,132
2024-01-18 22:00:00,Business_Hub,500,214,Clear,27.04,0,0.371,286
2024-01-18 22:00:00,Shopping_Mall,500,217,Snowy,33.86,1,0.499,283
2024-01-18 22:00:00,Residential_West,200,66,Foggy,21.28,0,0.241,134
2024-01-18 22:00:00,Suburban_East,200,67,Snowy,11.03,0,0.253,133
2024-01-18 23:00:00,Downtown_A,200,61,Clear,19.01,0,0.215,139
2024-01-18 23:00:00,Business_Hub,500,202,Foggy,26.68,1,0.489,298
2024-01-18 23:00:00,Shopping_Mall,500,205,Rainy,12.47,0,0.453,295
2024-01-18 23:00:00,Residential_West,200,61,Clear,24.43,0,0.206,139
2024-01-18 23:00:00,Suburban_East,200,55,Snowy,31.85,0,0.339,145
2024-01-19 00:00:00,Downtown_A,200,64,Foggy,10.11,0,0.402,136
2024-01-19 00:00:00,Business_Hub,500,205,Rainy,17.03,1,0.393,295
2024-01-19 00:00:00,Shopping_Mall,500,210,Rainy,23.87,0,0.426,290
2024-01-19 00:00:00,Residential_West,200,58,Clear,23.82,0,0.348,142
2024-01-19 00:00:00,Suburban_East,200,56,Foggy,17.52,0,0.263,144
2024-01-19 01:00:00,Downtown_A,200,57,Foggy,24.5,0,0.243,143
2024-01-19 01:00:00,Business_Hub,500,206,Rainy,34.96,0,0.469,294
2024-01-19 01:00:00,Shopping_Mall,500,213,Rainy,13.16,0,0.383,287
2024-01-19 01:00:00,Residential_West,200,63,Rainy,31.84,0,0.396,137
2024-01-19 01:00:00,Suburban_East,200,57,Snowy,22.19,0,0.187,143
2024-01-19 02:00:00,Downtown_A,200,62,Foggy,17.93,0,0.374,138
2024-01-19 02:00:00,Business_Hub,500,216,Foggy,12.51,0,0.463,284
2024-01-19 02:00:00,Shopping_Mall,500,213,Foggy,13.11,1,0.446,287
2024-01-19 02:00:00,Residential_West,200,70,Snowy,21.62,1,0.361,130
2024-01-19 02:00:00,Suburban_East,200,58,Rainy,29.89,0,0.293,142
2024-01-19 03:00:00,Downtown_A,200,71,Rainy,16.36,0,0.426,129
2024-01-19 03:00:00,Business_Hub,500,221,Clear,17.74,0,0.368,279
2024-01-19 03:00:00,Shopping_Mall,500,222,Snowy,23.54,0,0.393,278
2024-01-19 03:00:00,Residential_West,200,68,Clear,20.0,0,0.389,132
2024-01-19 03:00:00,Suburban_East,200,72,Foggy,14.29,0,0.385,128
2024-01-19 04:00:00,Downtown_A,200,78,Snowy,30.44,0,0.485,122
2024-01-19 04:00:00,Business_Hub,500,227,Foggy,13.85,0,0.362,273
2024-01-19 04:00:00,Shopping_Mall,500,226,Foggy,14.84,0,0.41,274
2024-01-19 04:00:00,Residential_West,200,83,Snowy,20.46,0,0.392,117
2024-01-19 04:00:00,Suburban_East,200,78,Rainy,15.13,0,0.41,122
2024-01-19 05:00:00,Downtown_A,200,82,Snowy,30.97,0,0.379,118
2024-01-19 05:00:00,Business_Hub,500,238,Clear,26.76,1,0.393,262
2024-01-19 05:00:00,Shopping_Mall,500,240,Foggy,17.18,0,0.512,260
2024-01-19 05:00:00,Residential_West,200,79,Rainy,25.59,0,0.434,121
2024-01-19 05:00:00,Suburban_East,200,86,Rainy,27.9,0,0.361,114
2024-01-19 06:00:00,Downtown_A,200,98,Rainy,25.0,0,0.589,102
2024-01-19 06:00:00,Business_Hub,500,260,Rainy,30.36,0,0.596,240
2024-01-19 06:00:00,Shopping_Mall,500,246,Clear,20.62,0,0.396,254
2024-01-19 06:00:00,Residential_West,200,93,Foggy,32.79,0,0.369,107
2024-01-19 06:00:00,Suburban_East,200,94,Snowy,11.3,0,0.442,106
2024-01-19 07:00:00,Downtown_A,200,100,Rainy,30.15,0,0.525,100
2024-01-19 07:00:00,Business_Hub,500,257,Foggy,22.47,1,0.473,243
2024-01-19 07:00:00,Shopping_Mall,500,268,Clear,27.37,0,0.583,232
2024-01-19 07:00:00,Residential_West,200,111,Rainy,10.64,0,0.519,89
2024-01-19 07:00:00,Suburban_East,200,113,Snowy,25.3,0,0.585,87
2024-01-19 08:00:00,Downtown_A,200,132,Snowy,29.74,0,0.62,68
2024-01-19 08:00:00,Business_Hub,500,273,Clear,17.95,0,0.459,227
2024-01-19 08:00:00,Shopping_Mall,500,262,Foggy,11.68,0,0.527,238
2024-01-19 08:00:00,Residential_West,200,108,Clear,18.17,0,0.602,92
2024-01-19 08:00:00,Suburban_East,200,119,Foggy,31.53,0,0.619,81
2024-01-19 09:00:00,Downtown_A,200,139,Snowy,26.97,0,0.783,61
2024-01-19 09:00:00,Business_Hub,500,268,Snowy,21.14,0,0.589,232
2024-01-19 09:00:00,Shopping_Mall,500,270,Rainy,28.71,0,0.614,230
2024-01-19 09:00:00,Residential_West,200,121,Snowy,33.99,0,0.571,79
2024-01-19 09:00:00,Suburban_East,200,137,Foggy,25.31,0,0.749,63
2024-01-19 10:00:00,Downtown_A,200,136,Snowy,25.58,0,0.662,64
2024-01-19 10:00:00,Business_Hub,500,285,Snowy,20.88,0,0.512,215
2024-01-19 10:00:00,Shopping_Mall,500,293,Foggy,19.45,0,0.636,207
2024-01-19 10:00:00,Residential_West,200,142,Snowy,34.28,0,0.614,58
2024-01-19 10:00:00,Suburban_East,200,138,Foggy,17.75,0,0.677,62
2024-01-19 11:00:00,Downtown_A,200,140,Snowy,17.42,0,0.669,60
2024-01-19 11:00:00,Business_Hub,500,289,Snowy,32.36,0,0.56,211
2024-01-19 11:00:00,Shopping_Mall,500,287,Clear,18.04,0,0.61,213
2024-01-19 11:00:00,Residential_West,200,139,Rainy,24.08,0,0.623,61
2024-01-19 11:00:00,Suburban_East,200,139,Clear,31.49,0,0.723,61
2024-01-19 12:00:00,Downtown_A,200,150,Foggy,24.1,0,0.668,50
2024-01-19 12:00:00,Business_Hub,500,294,Clear,32.78,0,0.678,206
2024-01-19 12:00:00,Shopping_Mall,500,292,Snowy,17.66,0,0.658,208
2024-01-19 12:00:00,Residential_West,200,134,Snowy,13.5,0,0.748,66
2024-01-19 12:00:00,Suburban_East,200,141,Foggy,32.78,1,0.791,59
2024-01-19 13:00:00,Downtown_A,200,126,Rainy,17.27,0,0.63,74
2024-01-19 13:00:00,Business_Hub,500,293,Foggy,22.22,0,0.591,207
2024-01-19 13:00:00,Shopping_Mall,500,290,Snowy,15.5,0,0.603,210
2024-01-19 13:00:00,Residential_West,200,140,Snowy,27.93,0,0.689,60
2024-01-19 13:00:00,Suburban_East,200,138,Rainy,32.36,0,0.624,62
2024-01-19 14:00:00,Downtown_A,200,136,Snowy,32.37,0,0.745,64
2024-01-19 14:00:00,Business_Hub,500,285,Foggy,20.8,0,0.59,215
2024-01-19 14:00:00,Shopping_Mall,500,294,Rainy,28.26,0,0.582,206
2024-01-19 14:00:00,Residential_West,200,126,Snowy,13.48,0,0.672,74
2024-01-19 14:00:00,Suburban_East,200,138,Foggy,16.41,0,0.61,62
2024-01-19 15:00:00,Downtown_A,200,123,Snowy,10.35,0,0.53,77
2024-01-19 15:00:00,Business_Hub,500,279,Snowy,24.94,0,0.496,221
2024-01-19 15:00:00,Shopping_Mall,500,283,Foggy,28.29,0,0.537,217
2024-01-19 15:00:00,Residential_West,200,126,Rainy,17.71,1,0.544,74
2024-01-19 15:00:00,Suburban_East,200,119,Rainy,33.88,0,0.503,81
2024-01-19 16:00:00,Downtown_A,200,120,Foggy,28.61,0,0.694,80
2024-01-19 16:00:00,Business_Hub,500,270,Foggy,21.08,0,0.467,230
2024-01-19 16:00:00,Shopping_Mall,500,278,Clear,12.35,0,0.564,222
2024-01-19 16:00:00,Residential_West,200,126,Clear,33.5,0,0.593,74
2024-01-19 16:00:00,Suburban_East,200,115,Foggy,33.74,0,0.477,85
2024-01-19 17:00:00,Downtown_A,200,107,Foggy,32.2,0,0.454,93
2024-01-19 17:00:00,Business_Hub,500,252,Snowy,34.52,0,0.495,248
2024-01-19 17:00:00,Shopping_Mall,500,253,Rainy,28.91,0,0.411,247
2024-01-19 17:00:00,Residential_West,200,104,Snowy,13.63,0,0.575,96
2024-01-19 17:00:00,Suburban_East,200,107,Snowy,29.43,0,0.514,93
2024-01-19 18:00:00,Downtown_A,200,86,Foggy,30.8,0,0.446,114
2024-01-19 18:00:00,Business_Hub,500,257,Foggy,20.66,0,0.517,243
2024-01-19 18:00:00,Shopping_Mall,500,259,Rainy,10.77,0,0.449,241
2024-01-19 18:00:00,Residential_West,200,103,Clear,27.75,0,0.515,97
2024-01-19 18:00:00,Suburban_East,200,108,Snowy,16.51,0,0.485,92
2024-01-19 19:00:00,Downtown_A,200,85,Rainy,22.06,0,0.349,115
2024-01-19 19:00:00,Business_Hub,500,249,Foggy,32.22,0,0.485,251
2024-01-19 19:00:00,Shopping_Mall,500,238,Clear,28.72,0,0.51,262
2024-01-19 19:00:00,Residential_West,200,93,Clear,26.73,0,0.506,107
2024-01-19 19:00:00,Suburban_East,200,89,Snowy,27.9,0,0.391,111
2024-01-19 20:00:00,Downtown_A,200,76,Snowy,26.79,0,0.444,124
2024-01-19 20:00:00,Business_Hub,500,235,Rainy,18.72,0,0.504,265
2024-01-19 20:00:00,Shopping_Mall,500,228,Foggy,33.68,0,0.523,272
2024-01-19 20:00:00,Residential_West,200,76,Snowy,17.28,0,0.412,124
2024-01-19 20:00:00,Suburban_East,200,82,Rainy,18.91,0,0.439,118
2024-01-19 21:00:00,Downtown_A,200,78,Snowy,24.43,0,0.341,122
2024-01-19 21:00:00,Business_Hub,500,216,Rainy,13.37,0,0.418,284
2024-01-19 21:00:00,Shopping_Mall,500,224,Clear,27.44,0,0.369,276
2024-01-19 21:00:00,Residential_West,200,72,Clear,11.5,1,0.306,128
2024-01-19 21:00:00,Suburban_East,200,77,Foggy,34.16,0,0.395,123
2024-01-19 22:00:00,Downtown_A,200,66,Rainy,20.04,0,0.325,134
2024-01-19 22:00:00,Business_Hub,500,219,Clear,13.22,0,0.443,281
2024-01-19 22:00:00,Shopping_Mall,500,219,Rainy,27.8,0,0.526,281
2024-01-19 22:00:00,Residential_West,200,66,Snowy,29.84,0,0.401,134
2024-01-19 22:00:00,Suburban_East,200,74,Snowy,23.92,0,0.297,126
2024-01-19 23:00:00,Downtown_A,200,63,Foggy,12.7,0,0.307,137
2024-01-19 23:00:00,Business_Hub,500,200,Foggy,34.98,1,0.313,300
2024-01-19 23:00:00,Shopping_Mall,500,213,Clear,17.6,0,0.475,287
2024-01-19 23:00:00,Residential_West,200,56,Snowy,20.9,0,0.366,144
2024-01-19 23:00:00,Suburban_East,200,61,Foggy,22.84,0,0.286,139
2024-01-20 00:00:00,Downtown_A,200,79,Rainy,16.42,0,0.459,121
2024-01-20 00:00:00,Business_Hub,500,229,Snowy,19.02,0,0.496,271
2024-01-20 00:00:00,Shopping_Mall,500,227,Foggy,26.7,0,0.416,273
2024-01-20 00:00:00,Residential_West,200,78,Foggy,25.22,0,0.448,122
2024-01-20 00:00:00,Suburban_East,200,67,Snowy,14.5,0,0.403,133
2024-01-20 01:00:00,Downtown_A,200,77,Clear,32.25,0,0.446,123
2024-01-20 01:00:00,Business_Hub,500,243,Foggy,34.27,0,0.441,257
2024-01-20 01:00:00,Shopping_Mall,500,230,Foggy,28.75,0,0.362,270
2024-01-20 01:00:00,Residential_West,200,79,Snowy,16.4,0,0.41,121
2024-01-20 01:00:00,Suburban_East,200,87,Foggy,29.38,0,0.394,113
2024-01-20 02:00:00,Downtown_A,200,85,Snowy,34.15,1,0.457,115
2024-01-20 02:00:00,Business_Hub,500,234,Snowy,11.45,1,0.558,266
2024-01-20 02:00:00,Shopping_Mall,500,237,Foggy,10.82,1,0.419,263
2024-01-20 02:00:00,Residential_West,200,82,Clear,27.56,0,0.495,118
2024-01-20 02:00:00,Suburban_East,200,83,Foggy,32.43,1,0.42,117
2024-01-20 03:00:00,Downtown_A,200,95,Foggy,13.74,0,0.451,105
2024-01-20 03:00:00,Business_Hub,500,236,Rainy,20.29,0,0.45,264
2024-01-20 03:00:00,Shopping_Mall,500,244,Rainy,21.2,1,0.573,256
2024-01-20 03:00:00,Residential_West,200,90,Rainy,28.97,0,0.464,110
2024-01-20 03:00:00,Suburban_East,200,100,Rainy,17.5,0,0.46,100
2024-01-20 04:00:00,Downtown_A,200,101,Snowy,27.22,0,0.537,99
2024-01-20 04:00:00,Business_Hub,500,253,Snowy,18.99,1,0.525,247
2024-01-20 04:00:00,Shopping_Mall,500,244,Snowy,32.94,0,0.501,256
2024-01-20 04:00:00,Residential_West,200,104,Snowy,11.31,1,0.521,96
2024-01-20 04:00:00,Suburban_East,200,104,Clear,12.3,0,0.555,96
2024-01-20 05:00:00,Downtown_A,200,111,Clear,16.34,0,0.63,89
2024-01-20 05:00:00,Business_Hub,500,260,Rainy,10.78,0,0.606,240
2024-01-20 05:00:00,Shopping_Mall,500,262,Foggy,32.67,0,0.434,238
2024-01-20 05:00:00,Residential_West,200,121,Clear,12.34,0,0.535,79
2024-01-20 05:00:00,Suburban_East,200,102,Clear,10.06,0,0.508,98
2024-01-20 06:00:00,Downtown_A,200,124,Rainy,25.76,0,0.709,76
2024-01-20 06:00:00,Business_Hub,500,273,Rainy,24.36,0,0.46,227
2024-01-20 06:00:00,Shopping_Mall,500,271,Clear,17.78,0,0.516,229
2024-01-20 06:00:00,Residential_West,200,122,Foggy,14.17,0,0.665,78
2024-01-20 06:00:00,Suburban_East,200,121,Snowy,24.89,0,0.665,79
2024-01-20 07:00:00,Downtown_A,200,125,Foggy,14.18,0,0.609,75
2024-01-20 07:00:00,Business_Hub,500,278,Rainy,11.21,0,0.628,222
2024-01-20 07:00:00,Shopping_Mall,500,281,Clear,18.37,0,0.506,219
2024-01-20 07:00:00,Residential_West,200,121,Snowy,34.09,0,0.687,79
2024-01-20 07:00:00,Suburban_East,200,131,Rainy,20.21,0,0.714,69
2024-01-20 08:00:00,Downtown_A,200,141,Clear,21.05,0,0.804,59
2024-01-20 08:00:00,Business_Hub,500,288,Rainy,19.8,1,0.552,212
2024-01-20 08:00:00,Shopping_Mall,500,281,Clear,28.54,0,0.591,219
2024-01-20 08:00:00,Residential_West,200,150,Snowy,21.76,0,0.744,50
2024-01-20 08:00:00,Suburban_East,200,144,Snowy,34.82,0,0.766,56
2024-01-20 09:00:00,Downtown_A,200,150,Snowy,19.05,0,0.659,50
2024-01-20 09:00:00,Business_Hub,500,299,Rainy,32.44,0,0.604,201
2024-01-20 09:00:00,Shopping_Mall,500,297,Clear,10.76,0,0.587,203
2024-01-20 09:00:00,Residential_West,200,153,Foggy,33.39,1,0.851,47
2024-01-20 09:00:00,Suburban_East,200,149,Clear,15.12,0,0.668,51
2024-01-20 10:00:00,Downtown_A,200,158,Rainy,22.71,0,0.77,42
2024-01-20 10:00:00,Business_Hub,500,307,Snowy,18.1,0,0.687,193
2024-01-20 10:00:00,Shopping_Mall,500,298,Snowy,26.52,0,0.558,202
2024-01-20 10:00:00,Residential_West,200,155,Rainy,33.55,0,0.832,45
2024-01-20 10:00:00,Suburban_East,200,152,Rainy,29.55,0,0.729,48
2024-01-20 11:00:00,Downtown_A,200,168,Snowy,19.2,0,0.772,32
2024-01-20 11:00:00,Business_Hub,500,306,Clear,11.19,1,0.701,194
2024-01-20 11:00:00,Shopping_Mall,500,313,Snowy,18.12,0,0.54,187
2024-01-20 11:00:00,Residential_West,200,154,Snowy,15.64,0,0.777,46
2024-01-20 11:00:00,Suburban_East,200,164,Rainy,31.08,0,0.845,36
2024-01-20 12:00:00,Downtown_A,200,160,Foggy,19.31,0,0.888,40
2024-01-20 12:00:00,Business_Hub,500,311,Clear,10.77,0,0.577,189
2024-01-20 12:00:00,Shopping_Mall,500,318,Snowy,23.39,1,0.734,182
2024-01-20 12:00:00,Residential_West,200,164,Rainy,25.19,0,0.857,36
2024-01-20 12:00:00,Suburban_East,200,162,Rainy,24.23,0,0.736,38
2024-01-20 13:00:00,Downtown_A,200,152,Foggy,33.53,0,0.817,48
2024-01-20 13:00:00,Business_Hub,500,316,Rainy,10.2,0,0.683,184
2024-01-20 13:00:00,Shopping_Mall,500,300,Clear,10.62,0,0.551,200
2024-01-20 13:00:00,Residential_West,200,160,Clear,30.87,0,0.832,40
2024-01-20 13:00:00,Suburban_East,200,154,Foggy,26.7,0,0.681,46
2024-01-20 14:00:00,Downtown_A,200,151,Rainy,22.34,0,0.735,49
2024-01-20 14:00:00,Business_Hub,500,304,Rainy,27.57,1,0.562,196
2024-01-20 14:00:00,Shopping_Mall,500,302,Clear,26.44,0,0.663,198
2024-01-20 14:00:00,Residential_West,200,146,Snowy,22.76,0,0.742,54
2024-01-20 14:00:00,Suburban_East,200,154,Snowy,22.55,0,0.726,46
2024-01-20 15:00:00,Downtown_A,200,153,Foggy,14.68,0,0.734,47
2024-01-20 15:00:00,Business_Hub,500,287,Rainy,24.89,1,0.546,213
2024-01-20 15:00:00,Shopping_Mall,500,296,Clear,32.54,0,0.689,204
2024-01-20 15:00:00,Residential_West,200,152,Snowy,30.53,0,0.715,48
2024-01-20 15:00:00,Suburban_East,200,146,Rainy,28.17,0,0.698,54
2024-01-20 16:00:00,Downtown_A,200,134,Rainy,23.32,0,0.757,66
2024-01-20 16:00:00,Business_Hub,500,293,Snowy,12.84,0,0.639,207
2024-01-20 16:00:00,Shopping_Mall,500,284,Snowy,29.14,0,0.589,216
2024-01-20 16:00:00,Residential_West,200,135,Rainy,34.14,0,0.604,65
2024-01-20 16:00:00,Suburban_East,200,138,Rainy,11.18,0,0.779,62
2024-01-20 17:00:00,Downtown_A,200,131,Clear,17.95,0,0.6,69
2024-01-20 17:00:00,Business_Hub,500,280,Clear,20.25,0,0.486,220
2024-01-20 17:00:00,Shopping_Mall,500,278,Foggy,23.71,0,0.479,222
2024-01-20 17:00:00,Residential_West,200,128,Snowy,17.43,0,0.562,72
2024-01-20 17:00:00,Suburban_East,200,131,Clear,29.49,0,0.584,69
2024-01-20 18:00:00,Downtown_A,200,109,Rainy,31.52,0,0.634,91
2024-01-20 18:00:00,Business_Hub,500,266,Clear,33.63,0,0.569,234
2024-01-20 18:00:00,Shopping_Mall,500,265,Rainy,30.66,0,0.597,235
2024-01-20 18:00:00,Residential_West,200,119,Foggy,28.24,0,0.633,81
2024-01-20 18:00:00,Suburban_East,200,110,Snowy,28.58,1,0.486,90
2024-01-20 19:00:00,Downtown_A,200,112,Foggy,19.58,0,0.63,88
2024-01-20 19:00:00,Business_Hub,500,261,Rainy,31.06,0,0.611,239
2024-01-20 19:00:00,Shopping_Mall,500,258,Rainy,10.11,0,0.561,242
2024-01-20 19:00:00,Residential_West,200,116,Snowy,29.55,1,0.507,84
2024-01-20 19:00:00,Suburban_East,200,111,Rainy,29.23,0,0.519,89
2024-01-20 20:00:00,Downtown_A,200,96,Snowy,12.19,0,0.429,104
2024-01-20 20:00:00,Business_Hub,500,256,Clear,33.04,1,0.463,244
2024-01-20 20:00:00,Shopping_Mall,500,253,Foggy,16.82,0,0.493,247
2024-01-20 20:00:00,Residential_West,200,96,Foggy,15.7,0,0.557,104
2024-01-20 20:00:00,Suburban_East,200,107,Snowy,28.12,0,0.556,93
2024-01-20 21:00:00,Downtown_A,200,89,Clear,30.44,1,0.408,111
2024-01-20 21:00:00,Business_Hub,500,241,Snowy,34.76,0,0.416,259
2024-01-20 21:00:00,Shopping_Mall,500,241,Snowy,29.09,0,0.509,259
2024-01-20 21:00:00,Residential_West,200,94,Foggy,20.61,0,0.399,106
2024-01-20 21:00:00,Suburban_East,200,82,Snowy,24.76,0,0.321,118
2024-01-20 22:00:00,Downtown_A,200,86,Rainy,29.79,0,0.41,114
2024-01-20 22:00:00,Business_Hub,500,248,Clear,20.4,0,0.561,252
2024-01-20 22:00:00,Shopping_Mall,500,234,Clear,16.66,0,0.52,266
2024-01-20 22:00:00,Residential_West,200,88,Snowy,23.25,0,0.391,112
2024-01-20 22:00:00,Suburban_East,200,81,Foggy,19.25,0,0.44,119
2024-01-20 23:00:00,Downtown_A,200,80,Clear,34.49,0,0.366,120
2024-01-20 23:00:00,Business_Hub,500,231,Rainy,18.31,1,0.461,269
2024-01-20 23:00:00,Shopping_Mall,500,238,Rainy,23.63,0,0.396,262
2024-01-20 23:00:00,Residential_West,200,77,Clear,20.44,0,0.451,123
2024-01-20 23:00:00,Suburban_East,200,67,Rainy,14.36,0,0.314,133
2024-01-21 00:00:00,Downtown_A,200,79,Foggy,19.11,0,0.492,121
2024-01-21 00:00:00,Business_Hub,500,228,Clear,31.73,0,0.45,272
2024-01-21 00:00:00,Shopping_Mall,500,231,Rainy,33.29,0,0.429,269
2024-01-21 00:00:00,Residential_West,200,76,Rainy,15.31,0,0.332,124
2024-01-21 00:00:00,Suburban_East,200,75,Snowy,29.59,0,0.397,125
2024-01-21 01:00:00,Downtown_A,200,84,Foggy,19.73,0,0.343,116
2024-01-21 01:00:00,Business_Hub,500,225,Foggy,16.24,0,0.431,275
2024-01-21 01:00:00,Shopping_Mall,500,232,Rainy,33.51,0,0.553,268
2024-01-21 01:00:00,Residential_West,200,88,Foggy,34.13,0,0.449,112
2024-01-21 01:00:00,Suburban_East,200,79,Rainy,34.98,0,0.317,121
2024-01-21 02:00:00,Downtown_A,200,87,Rainy,18.88,0,0.403,113
2024-01-21 02:00:00,Business_Hub,500,239,Rainy,18.49,0,0.568,261
2024-01-21 02:00:00,Shopping_Mall,500,235,Snowy,19.92,0,0.541,265
2024-01-21 02:00:00,Residential_West,200,82,Snowy,13.53,0,0.386,118
2024-01-21 02:00:00,Suburban_East,200,87,Foggy,30.1,0,0.339,113
2024-01-21 03:00:00,Downtown_A,200,95,Rainy,12.76,0,0.449,105
2024-01-21 03:00:00,Business_Hub,500,250,Foggy,12.99,0,0.594,250
2024-01-21 03:00:00,Shopping_Mall,500,244,Snowy,31.29,1,0.458,256
2024-01-21 03:00:00,Residential_West,200,104,Rainy,21.3,0,0.562,96
2024-01-21 03:00:00,Suburban_East,200,92,Foggy,21.27,0,0.375,108
2024-01-21 04:00:00,Downtown_A,200,103,Clear,24.16,0,0.525,97
2024-01-21 04:00:00,Business_Hub,500,250,Foggy,26.98,0,0.568,250
2024-01-21 04:00:00,Shopping_Mall,500,255,Foggy,17.92,0,0.574,245
2024-01-21 04:00:00,Residential_West,200,100,Clear,31.74,0,0.467,100
2024-01-21 04:00:00,Suburban_East,200,96,Foggy,14.7,0,0.381,104
2024-01-21 05:00:00,Downtown_A,200,113,Snowy,21.09,0,0.627,87
2024-01-21 05:00:00,Business_Hub,500,264,Clear,33.7,0,0.458,236
2024-01-21 05:00:00,Shopping_Mall,500,256,Snowy,12.72,0,0.473,244
2024-01-21 05:00:00,Residential_West,200,111,Snowy,16.11,0,0.583,89
2024-01-21 05:00:00,Suburban_East,200,112,Snowy,26.97,0,0.633,88
2024-01-21 06:00:00,Downtown_A,200,118,Foggy,28.97,0,0.549,82
2024-01-21 06:00:00,Business_Hub,500,273,Rainy,15.38,0,0.476,227
2024-01-21 06:00:00,Shopping_Mall,500,275,Rainy,27.58,0,0.64,225
2024-01-21 06:00:00,Residential_West,200,118,Snowy,14.18,0,0.617,82
2024-01-21 06:00:00,Suburban_East,200,124,Clear,29.97,0,0.568,76
2024-01-21 07:00:00,Downtown_A,200,129,Snowy,18.03,0,0.588,71
2024-01-21 07:00:00,Business_Hub,500,271,Snowy,25.05,0,0.455,229
2024-01-21 07:00:00,Shopping_Mall,500,282,Rainy,22.14,0,0.556,218
2024-01-21 07:00:00,Residential_West,200,133,Snowy,13.63,0,0.747,67
2024-01-21 07:00:00,Suburban_East,200,129,Clear,25.34,0,0.549,71
2024-01-21 08:00:00,Downtown_A,200,127,Rainy,22.62,0,0.732,73
2024-01-21 08:00:00,Business_Hub,500,287,Rainy,12.5,0,0.651,213
2024-01-21 08:00:00,Shopping_Mall,500,288,Rainy,19.53,0,0.639,212
2024-01-21 08:00:00,Residential_West,200,139,Clear,32.24,0,0.785,61
2024-01-21 08:00:00,Suburban_East,200,132,Clear,32.3,1,0.732,68
2024-01-21 09:00:00,Downtown_A,200,143,Foggy,18.88,0,0.658,57
2024-01-21 09:00:00,Business_Hub,500,300,Clear,32.1,0,0.504,200
2024-01-21 09:00:00,Shopping_Mall,500,302,Foggy,10.92,0,0.702,198
2024-01-21 09:00:00,Residential_West,200,152,Clear,12.01,0,0.767,48
2024-01-21 09:00:00,Suburban_East,200,140,Rainy,16.78,1,0.64,60
2024-01-21 10:00:00,Downtown_A,200,151,Snowy,21.17,0,0.801,49
2024-01-21 10:00:00,Business_Hub,500,304,Clear,29.3,1,0.543,196
2024-01-21 10:00:00,Shopping_Mall,500,300,Foggy,14.49,1,0.593,200
2024-01-21 10:00:00,Residential_West,200,148,Snowy,22.39,0,0.75,52
2024-01-21 10:00:00,Suburban_East,200,149,Foggy,24.86,0,0.772,51
2024-01-21 11:00:00,Downtown_A,200,156,Rainy,31.41,0,0.731,44
2024-01-21 11:00:00,Business_Hub,500,304,Clear,26.3,0,0.549,196
2024-01-21 11:00:00,Shopping_Mall,500,317,Clear,17.79,0,0.638,183
2024-01-21 11:00:00,Residential_West,200,158,Rainy,34.35,0,0.804,42
2024-01-21 11:00:00,Suburban_East,200,164,Snowy,13.18,0,0.884,36
2024-01-21 12:00:00,Downtown_A,200,155,Clear,32.6,0,0.736,45
2024-01-21 12:00:00,Business_Hub,500,313,Foggy,26.11,0,0.581,187
2024-01-21 12:00:00,Shopping_Mall,500,304,Clear,17.76,1,0.596,196
2024-01-21 12:00:00,Residential_West,200,154,Clear,10.14,0,0.678,46
2024-01-21 12:00:00,Suburban_East,200,157,Clear,20.73,0,0.792,43
2024-01-21 13:00:00,Downtown_A,200,157,Clear,22.7,0,0.802,43
2024-01-21 13:00:00,Business_Hub,500,318,Clear,31.71,0,0.558,182
2024-01-21 13:00:00,Shopping_Mall,500,309,Snowy,16.42,0,0.608,191
2024-01-21 13:00:00,Residential_West,200,154,Rainy,14.88,0,0.867,46
2024-01-21 13:00:00,Suburban_East,200,155,Rainy,26.95,0,0.707,45
2024-01-21 14:00:00,Downtown_A,200,163,Clear,12.37,0,0.861,37
2024-01-21 14:00:00,Business_Hub,500,307,Foggy,20.75,0,0.662,193
2024-01-21 14:00:00,Shopping_Mall,500,310,Rainy,26.83,1,0.565,190
2024-01-21 14:00:00,Residential_West,200,154,Foggy,19.09,0,0.826,46
2024-01-21 14:00:00,Suburban_East,200,156,Foggy,27.56,1,0.69,44
2024-01-21 15:00:00,Downtown_A,200,145,Rainy,14.85,0,0.685,55
2024-01-21 15:00:00,Business_Hub,500,298,Clear,29.33,0,0.61,202
2024-01-21 15:00:00,Shopping_Mall,500,290,Foggy,26.42,0,0.498,210
2024-01-21 15:00:00,Residential_West,200,151,Rainy,16.06,0,0.713,49
2024-01-21 15:00:00,Suburban_East,200,150,Snowy,21.35,0,0.825,50
2024-01-21 16:00:00,Downtown_A,200,140,Rainy,31.77,0,0.707,60
2024-01-21 16:00:00,Business_Hub,500,290,Clear,14.32,0,0.649,210
2024-01-21 16:00:00,Shopping_Mall,500,294,Foggy,19.03,0,0.622,206
2024-01-21 16:00:00,Residential_West,200,141,Rainy,17.86,1,0.611,59
2024-01-21 16:00:00,Suburban_East,200,143,Rainy,32.56,0,0.791,57
2024-01-21 17:00:00,Downtown_A,200,128,Rainy,18.92,0,0.621,72
2024-01-21 17:00:00,Business_Hub,500,281,Rainy,21.99,0,0.465,219
2024-01-21 17:00:00,Shopping_Mall,500,281,Snowy,12.03,0,0.66,219
2024-01-21 17:00:00,Residential_West,200,137,Snowy,21.85,0,0.782,63
2024-01-21 17:00:00,Suburban_East,200,137,Snowy,33.42,0,0.592,63
2024-01-21 18:00:00,Downtown_A,200,129,Rainy,27.5,0,0.716,71
2024-01-21 18:00:00,Business_Hub,500,264,Rainy,27.96,0,0.522,236
2024-01-21 18:00:00,Shopping_Mall,500,265,Rainy,24.99,0,0.542,235
2024-01-21 18:00:00,Residential_West,200,114,Clear,22.48,0,0.559,86
2024-01-21 18:00:00,Suburban_East,200,118,Foggy,30.45,0,0.669,82
2024-01-21 19:00:00,Downtown_A,200,108,Clear,27.03,0,0.573,92
2024-01-21 19:00:00,Business_Hub,500,264,Rainy,15.69,0,0.584,236
2024-01-21 19:00:00,Shopping_Mall,500,263,Clear,25.08,0,0.509,237
2024-01-21 19:00:00,Residential_West,200,111,Clear,14.42,0,0.501,89
2024-01-21 19:00:00,Suburban_East,200,111,Snowy,10.1,0,0.602,89
2024-01-21 20:00:00,Downtown_A,200,92,Clear,30.39,0,0.498,108
2024-01-21 20:00:00,Business_Hub,500,248,Snowy,14.64,0,0.484,252
2024-01-21 20:00:00,Shopping_Mall,500,245,Rainy,16.94,0,0.487,255
2024-01-21 20:00:00,Residential_West,200,99,Rainy,33.12,0,0.447,101
2024-01-21 20:00:00,Suburban_East,200,93,Clear,13.91,0,0.475,107
2024-01-21 21:00:00,Downtown_A,200,87,Rainy,27.36,0,0.339,113
2024-01-21 21:00:00,Business_Hub,500,244,Foggy,19.0,0,0.579,256
2024-01-21 21:00:00,Shopping_Mall,500,246,Snowy,17.74,0,0.424,254
2024-01-21 21:00:00,Residential_West,200,81,Foggy,25.47,0,0.481,119
2024-01-21 21:00:00,Suburban_East,200,101,Rainy,18.02,0,0.454,99
2024-01-21 22:00:00,Downtown_A,200,80,Rainy,10.71,0,0.472,120
2024-01-21 22:00:00,Business_Hub,500,237,Foggy,13.55,0,0.536,263
2024-01-21 22:00:00,Shopping_Mall,500,230,Foggy,34.2,0,0.438,270
2024-01-21 22:00:00,Residential_West,200,85,Foggy,33.67,0,0.407,115
2024-01-21 22:00:00,Suburban_East,200,87,Rainy,32.31,0,0.398,113
2024-01-21 23:00:00,Downtown_A,200,80,Rainy,23.22,1,0.444,120
2024-01-21 23:00:00,Business_Hub,500,236,Snowy,12.88,1,0.462,264
2024-01-21 23:00:00,Shopping_Mall,500,230,Rainy,31.19,0,0.524,270
2024-01-21 23:00:00,Residential_West,200,78,Rainy,32.89,0,0.457,122
2024-01-21 23:00:00,Suburban_East,200,82,Foggy,31.37,1,0.451,118
2024-01-22 00:00:00,Downtown_A,200,56,Foggy,19.42,0,0.33,144
2024-01-22 00:00:00,Business_Hub,500,209,Clear,18.47,0,0.369,291
2024-01-22 00:00:00,Shopping_Mall,500,215,Foggy,29.66,0,0.439,285
2024-01-22 00:00:00,Residential_West,200,60,Snowy,25.59,0,0.242,140
2024-01-22 00:00:00,Suburban_East,200,59,Foggy,28.27,1,0.34,141
2024-01-22 01:00:00,Downtown_A,200,67,Rainy,14.0,0,0.371,133
2024-01-22 01:00:00,Business_Hub,500,217,Clear,22.74,0,0.485,283
2024-01-22 01:00:00,Shopping_Mall,500,204,Foggy,13.1,0,0.389,296
2024-01-22 01:00:00,Residential_West,200,70,Rainy,26.86,0,0.436,130
2024-01-22 01:00:00,Suburban_East,200,66,Snowy,18.08,0,0.342,134
2024-01-22 02:00:00,Downtown_A,200,59,Snowy,33.01,0,0.387,141
2024-01-22 02:00:00,Business_Hub,500,214,Foggy,10.6,0,0.46,286
2024-01-22 02:00:00,Shopping_Mall,500,224,Rainy,15.04,0,0.358,276
2024-01-22 02:00:00,Residential_West,200,71,Clear,24.15,0,0.266,129
2024-01-22 02:00:00,Suburban_East,200,56,Clear,18.12,0,0.229,144
2024-01-22 03:00:00,Downtown_A,200,73,Clear,14.43,0,0.437,127
2024-01-22 03:00:00,Business_Hub,500,225,Foggy,10.72,0,0.431,275
2024-01-22 03:00:00,Shopping_Mall,500,227,Snowy,31.19,0,0.44,273
2024-01-22 03:00:00,Residential_West,200,68,Foggy,29.33,1,0.277,132
2024-01-22 03:00:00,Suburban_East,200,63,Rainy,34.89,0,0.356,137
2024-01-22 04:00:00,Downtown_A,200,87,Snowy,31.94,0,0.493,113
2024-01-22 04:00:00,Business_Hub,500,229,Clear,34.35,0,0.523,271
2024-01-22 04:00:00,Shopping_Mall,500,229,Clear,15.17,0,0.556,271
2024-01-22 04:00:00,Residential_West,200,81,Clear,16.85,0,0.431,119
2024-01-22 04:00:00,Suburban_East,200,78,Rainy,30.11,0,0.443,122
2024-01-22 05:00:00,Downtown_A,200,85,Rainy,34.02,0,0.345,115
2024-01-22 05:00:00,Business_Hub,500,239,Rainy,33.94,0,0.508,261
2024-01-22 05:00:00,Shopping_Mall,500,233,Rainy,20.74,0,0.513,267
2024-01-22 05:00:00,Residential_West,200,91,Clear,18.1,0,0.474,109
2024-01-22 05:00:00,Suburban_East,200,85,Rainy,13.85,0,0.482,115
2024-01-22 06:00:00,Downtown_A,200,103,Clear,25.3,0,0.461,97
2024-01-22 06:00:00,Business_Hub,500,260,Foggy,23.84,0,0.42,240
2024-01-22 06:00:00,Shopping_Mall,500,254,Foggy,30.94,0,0.416,246
2024-01-22 06:00:00,Residential_West,200,98,Rainy,25.14,0,0.475,102
2024-01-22 06:00:00,Suburban_East,200,98,Snowy,25.1,0,0.568,102
2024-01-22 07:00:00,Downtown_A,200,107,Clear,27.57,0,0.6,93
2024-01-22 07:00:00,Business_Hub,500,246,Rainy,16.41,0,0.511,254
2024-01-22 07:00:00,Shopping_Mall,500,262,Foggy,21.24,0,0.617,238
2024-01-22 07:00:00,Residential_West,200,107,Foggy,22.56,0,0.571,93
2024-01-22 07:00:00,Suburban_East,200,106,Clear,11.71,0,0.562,94
2024-01-22 08:00:00,Downtown_A,200,120,Foggy,27.96,0,0.57,80
2024-01-22 08:00:00,Business_Hub,500,274,Snowy,34.58,0,0.572,226
2024-01-22 08:00:00,Shopping_Mall,500,267,Clear,23.75,0,0.57,233
2024-01-22 08:00:00,Residential_West,200,105,Rainy,14.9,0,0.459,95
2024-01-22 08:00:00,Suburban_East,200,119,Clear,16.43,0,0.562,81
2024-01-22 09:00:00,Downtown_A,200,135,Clear,34.43,0,0.646,65
2024-01-22 09:00:00,Business_Hub,500,277,Rainy,25.48,0,0.648,223
2024-01-22 09:00:00,Shopping_Mall,500,270,Foggy,12.57,0,0.592,230
2024-01-22 09:00:00,Residential_West,200,133,Clear,10.2,0,0.72,67
2024-01-22 09:00:00,Suburban_East,200,131,Rainy,24.03,0,0.62,69
2024-01-22 10:00:00,Downtown_A,200,141,Foggy,21.16,0,0.625,59
2024-01-22 10:00:00,Business_Hub,500,282,Snowy,25.27,0,0.498,218
2024-01-22 10:00:00,Shopping_Mall,500,285,Foggy,32.12,0,0.536,215
2024-01-22 10:00:00,Residential_West,200,136,Foggy,19.73,0,0.704,64
2024-01-22 10:00:00,Suburban_East,200,126,Rainy,29.5,0,0.683,74
2024-01-22 11:00:00,Downtown_A,200,135,Clear,20.69,0,0.651,65
2024-01-22 11:00:00,Business_Hub,500,288,Rainy,27.55,0,0.527,212
2024-01-22 11:00:00,Shopping_Mall,500,290,Foggy,19.57,1,0.566,210
2024-01-22 11:00:00,Residential_West,200,129,Snowy,34.73,0,0.67,71
2024-01-22 11:00:00,Suburban_East,200,143,Foggy,14.31,0,0.681,57
2024-01-22 12:00:00,Downtown_A,200,147,Rainy,19.38,0,0.705,53
2024-01-22 12:00:00,Business_Hub,500,294,Snowy,14.7,0,0.49,206
2024-01-22 12:00:00,Shopping_Mall,500,289,Rainy,10.21,0,0.672,211
2024-01-22 12:00:00,Residential_West,200,142,Foggy,29.59,0,0.624,58
2024-01-22 12:00:00,Suburban_East,200,140,Foggy,14.46,0,0.776,60
2024-01-22 13:00:00,Downtown_A,200,138,Foggy,22.51,0,0.756,62
2024-01-22 13:00:00,Business_Hub,500,290,Snowy,33.63,0,0.545,210
2024-01-22 13:00:00,Shopping_Mall,500,283,Clear,13.9,0,0.479,217
2024-01-22 13:00:00,Residential_West,200,143,Rainy,33.88,0,0.666,57
2024-01-22 13:00:00,Suburban_East,200,140,Rainy,29.34,0,0.679,60
2024-01-22 14:00:00,Downtown_A,200,142,Foggy,18.16,0,0.677,58
2024-01-22 14:00:00,Business_Hub,500,283,Rainy,30.76,0,0.565,217
2024-01-22 14:00:00,Shopping_Mall,500,288,Clear,33.79,0,0.486,212
2024-01-22 14:00:00,Residential_West,200,132,Clear,28.77,0,0.593,68
2024-01-22 14:00:00,Suburban_East,200,135,Snowy,28.7,0,0.755,65
2024-01-22 15:00:00,Downtown_A,200,137,Rainy,21.4,0,0.637,63
2024-01-22 15:00:00,Business_Hub,500,276,Foggy,23.53,1,0.644,224
2024-01-22 15:00:00,Shopping_Mall,500,286,Rainy,31.78,0,0.496,214
2024-01-22 15:00:00,Residential_West,200,134,Snowy,16.51,0,0.601,66
2024-01-22 15:00:00,Suburban_East,200,119,Snowy,20.28,0,0.602,81
2024-01-22 16:00:00,Downtown_A,200,124,Snowy,20.02,0,0.563,76
2024-01-22 16:00:00,Business_Hub,500,271,Rainy,24.33,0,0.442,229
2024-01-22 16:00:00,Shopping_Mall,500,270,Clear,26.64,0,0.527,230
2024-01-22 16:00:00,Residential_West,200,119,Rainy,21.47,0,0.609,81
2024-01-22 16:00:00,Suburban_East,200,124,Rainy,11.58,0,0.717,76
2024-01-22 17:00:00,Downtown_A,200,103,Foggy,33.87,0,0.418,97
2024-01-22 17:00:00,Business_Hub,500,255,Rainy,13.23,0,0.459,245
2024-01-22 17:00:00,Shopping_Mall,500,257,Snowy,13.03,0,0.445,243
2024-01-22 17:00:00,Residential_West,200,110,Rainy,21.53,0,0.589,90
2024-01-22 17:00:00,Suburban_East,200,110,Foggy,30.42,0,0.544,90
2024-01-22 18:00:00,Downtown_A,200,97,Rainy,31.78,1,0.479,103
2024-01-22 18:00:00,Business_Hub,500,247,Snowy,34.75,0,0.579,253
2024-01-22 18:00:00,Shopping_Mall,500,244,Snowy,18.17,0,0.432,256
2024-01-22 18:00:00,Residential_West,200,95,Rainy,27.01,0,0.466,105
2024-01-22 18:00:00,Suburban_East,200,106,Clear,20.77,0,0.5,94
2024-01-22 19:00:00,Downtown_A,200,83,Snowy,30.75,0,0.406,117
2024-01-22 19:00:00,Business_Hub,500,235,Snowy,31.0,0,0.449,265
2024-01-22 19:00:00,Shopping_Mall,500,243,Foggy,15.18,0,0.451,257
2024-01-22 19:00:00,Residential_West,200,97,Snowy,17.78,0,0.553,103
2024-01-22 19:00:00,Suburban_East,200,90,Rainy,19.39,1,0.484,110
2024-01-22 20:00:00,Downtown_A,200,81,Snowy,20.08,0,0.345,119
2024-01-22 20:00:00,Business_Hub,500,230,Snowy,22.91,0,0.414,270
2024-01-22 20:00:00,Shopping_Mall,500,224,Snowy,25.83,0,0.545,276
2024-01-22 20:00:00,Residential_West,200,67,Rainy,26.2,0,0.303,133
2024-01-22 20:00:00,Suburban_East,200,80,Rainy,18.11,0,0.303,120
2024-01-22 21:00:00,Downtown_A,200,70,Clear,26.33,0,0.316,130
2024-01-22 21:00:00,Business_Hub,500,217,Clear,23.43,0,0.45,283
2024-01-22 21:00:00,Shopping_Mall,500,219,Clear,11.97,0,0.348,281
2024-01-22 21:00:00,Residential_West,200,69,Clear,21.75,0,0.366,131
2024-01-22 21:00:00,Suburban_East,200,70,Foggy,13.36,0,0.397,130
2024-01-22 22:00:00,Downtown_A,200,70,Snowy,24.53,0,0.356,130
2024-01-22 22:00:00,Business_Hub,500,223,Snowy,29.47,0,0.405,277
2024-01-22 22:00:00,Shopping_Mall,500,218,Foggy,32.5,0,0.413,282
2024-01-22 22:00:00,Residential_West,200,66,Rainy,13.25,1,0.41,134
2024-01-22 22:00:00,Suburban_East,200,65,Snowy,14.04,0,0.249,135
2024-01-22 23:00:00,Downtown_A,200,61,Foggy,19.7,0,0.225,139
2024-01-22 23:00:00,Business_Hub,500,214,Foggy,25.86,0,0.371,286
2024-01-22 23:00:00,Shopping_Mall,500,214,Clear,27.92,0,0.435,286
2024-01-22 23:00:00,Residential_West,200,54,Rainy,22.38,0,0.255,146
2024-01-22 23:00:00,Suburban_East,200,69,Foggy,23.81,0,0.34,131
2024-01-23 00:00:00,Downtown_A,200,59,Foggy,13.16,0,0.289,141
2024-01-23 00:00:00,Business_Hub,500,201,Clear,32.39,0,0.408,299
2024-01-23 00:00:00,Shopping_Mall,500,208,Foggy,28.45,0,0.323,292
2024-01-23 00:00:00,Residential_West,200,62,Foggy,12.04,0,0.407,138
2024-01-23 00:00:00,Suburban_East,200,61,Rainy,24.13,0,0.352,139
2024-01-23 01:00:00,Downtown_A,200,56,Foggy,16.01,0,0.264,144
2024-01-23 01:00:00,Business_Hub,500,212,Foggy,18.05,0,0.472,288
2024-01-23 01:00:00,Shopping_Mall,500,215,Snowy,27.97,0,0.386,285
2024-01-23 01:00:00,Residential_West,200,65,Clear,24.2,1,0.307,135
2024-01-23 01:00:00,Suburban_East,200,64,Foggy,34.8,0,0.275,136
2024-01-23 02:00:00,Downtown_A,200,59,Foggy,31.38,0,0.236,141
2024-01-23 02:00:00,Business_Hub,500,213,Snowy,17.13,0,0.34,287
2024-01-23 02:00:00,Shopping_Mall,500,210,Clear,22.63,0,0.467,290
2024-01-23 02:00:00,Residential_West,200,61,Snowy,25.08,0,0.285,139
2024-01-23 02:00:00,Suburban_East,200,61,Clear,31.56,0,0.274,139
2024-01-23 03:00:00,Downtown_A,200,81,Snowy,11.8,0,0.402,119
2024-01-23 03:00:00,Business_Hub,500,218,Foggy,28.03,0,0.403,282
2024-01-23 03:00:00,Shopping_Mall,500,222,Clear,16.15,0,0.521,278
2024-01-23 03:00:00,Residential_West,200,68,Snowy,19.34,0,0.282,132
2024-01-23 03:00:00,Suburban_East,200,79,Snowy,27.07,0,0.419,121
2024-01-23 04:00:00,Downtown_A,200,87,Clear,27.39,0,0.438,113
2024-01-23 04:00:00,Business_Hub,500,233,Clear,30.9,1,0.416,267
2024-01-23 04:00:00,Shopping_Mall,500,229,Foggy,11.14,0,0.41,271
2024-01-23 04:00:00,Residential_West,200,74,Snowy,14.52,0,0.428,126
2024-01-23 04:00:00,Suburban_East,200,70,Rainy,26.01,0,0.282,130
2024-01-23 05:00:00,Downtown_A,200,87,Rainy,12.82,0,0.353,113
2024-01-23 05:00:00,Business_Hub,500,243,Clear,25.33,0,0.398,257
2024-01-23 05:00:00,Shopping_Mall,500,244,Clear,27.46,1,0.392,256
2024-01-23 05:00:00,Residential_West,200,91,Rainy,15.45,0,0.469,109
2024-01-23 05:00:00,Suburban_East,200,91,Snowy,14.32,0,0.467,109
2024-01-23 06:00:00,Downtown_A,200,92,Snowy,12.09,0,0.478,108
2024-01-23 06:00:00,Business_Hub,500,249,Rainy,22.2,0,0.404,251
2024-01-23 06:00:00,Shopping_Mall,500,248,Rainy,18.04,0,0.414,252
2024-01-23 06:00:00,Residential_West,200,102,Clear,13.43,0,0.432,98
2024-01-23 06:00:00,Suburban_East,200,100,Foggy,26.75,0,0.567,100
2024-01-23 07:00:00,Downtown_A,200,108,Clear,13.77,0,0.543,92
2024-01-23 07:00:00,Business_Hub,500,269,Foggy,34.37,0,0.59,231
2024-01-23 07:00:00,Shopping_Mall,500,253,Snowy,18.98,0,0.468,247
2024-01-23 07:00:00,Residential_West,200,104,Snowy,14.84,0,0.495,96
2024-01-23 07:00:00,Suburban_East,200,112,Rainy,29.06,0,0.607,88
2024-01-23 08:00:00,Downtown_A,200,123,Foggy,10.46,0,0.542,77
2024-01-23 08:00:00,Business_Hub,500,271,Snowy,34.6,0,0.58,229
2024-01-23 08:00:00,Shopping_Mall,500,263,Clear,25.02,0,0.461,237
2024-01-23 08:00:00,Residential_West,200,115,Rainy,30.59,0,0.514,85
2024-01-23 08:00:00,Suburban_East,200,116,Foggy,21.83,0,0.592,84
2024-01-23 09:00:00,Downtown_A,200,137,Rainy,30.62,0,0.738,63
2024-01-23 09:00:00,Business_Hub,500,277,Foggy,25.29,0,0.573,223
2024-01-23 09:00:00,Shopping_Mall,500,268,Clear,10.06,0,0.515,232
2024-01-23 09:00:00,Residential_West,200,130,Snowy,15.34,0,0.579,70
2024-01-23 09:00:00,Suburban_East,200,114,Snowy,14.89,0,0.641,86
2024-01-23 10:00:00,Downtown_A,200,134,Snowy,33.67,0,0.592,66
2024-01-23 10:00:00,Business_Hub,500,283,Foggy,17.51,0,0.591,217
2024-01-23 10:00:00,Shopping_Mall,500,283,Foggy,23.07,0,0.504,217
2024-01-23 10:00:00,Residential_West,200,138,Foggy,13.74,0,0.768,62
2024-01-23 10:00:00,Suburban_East,200,135,Rainy,23.44,0,0.752,65
2024-01-23 11:00:00,Downtown_A,200,138,Snowy,31.92,0,0.75,62
2024-01-23 11:00:00,Business_Hub,500,283,Snowy,12.93,0,0.626,217
2024-01-23 11:00:00,Shopping_Mall,500,285,Clear,34.0,0,0.64,215
2024-01-23 11:00:00,Residential_West,200,141,Clear,28.25,0,0.761,59
2024-01-23 11:00:00,Suburban_East,200,126,Snowy,27.82,0,0.696,74
2024-01-23 12:00:00,Downtown_A,200,136,Snowy,23.84,1,0.772,64
2024-01-23 12:00:00,Business_Hub,500,288,Rainy,15.13,0,0.601,212
2024-01-23 12:00:00,Shopping_Mall,500,291,Rainy,11.8,0,0.58,209
2024-01-23 12:00:00,Residential_West,200,146,Rainy,33.84,0,0.646,54
2024-01-23 12:00:00,Suburban_East,200,141,Rainy,22.18,0,0.638,59
2024-01-23 13:00:00,Downtown_A,200,149,Clear,31.85,0,0.73,51
2024-01-23 13:00:00,Business_Hub,500,295,Foggy,26.74,0,0.653,205
2024-01-23 13:00:00,Shopping_Mall,500,298,Clear,34.9,0,0.611,202
2024-01-23 13:00:00,Residential_West,200,138,Snowy,23.3,1,0.668,62
2024-01-23 13:00:00,Suburban_East,200,144,Clear,15.34,0,0.756,56
2024-01-23 14:00:00,Downtown_A,200,134,Snowy,10.3,0,0.642,66
2024-01-23 14:00:00,Business_Hub,500,288,Clear,21.3,0,0.541,212
2024-01-23 14:00:00,Shopping_Mall,500,274,Rainy,19.17,0,0.58,226
2024-01-23 14:00:00,Residential_West,200,136,Foggy,17.13,0,0.593,64
2024-01-23 14:00:00,Suburban_East,200,130,Clear,27.39,0,0.612,70
2024-01-23 15:00:00,Downtown_A,200,132,Clear,21.11,0,0.598,68
2024-01-23 15:00:00,Business_Hub,500,270,Rainy,13.0,0,0.524,230
2024-01-23 15:00:00,Shopping_Mall,500,282,Rainy,34.95,0,0.578,218
2024-01-23 15:00:00,Residential_West,200,126,Clear,32.08,1,0.676,74
2024-01-23 15:00:00,Suburban_East,200,120,Clear,30.38,0,0.523,80
2024-01-23 16:00:00,Downtown_A,200,122,Foggy,11.63,0,0.547,78
2024-01-23 16:00:00,Business_Hub,500,266,Snowy,32.7,1,0.602,234
2024-01-23 16:00:00,Shopping_Mall,500,269,Rainy,23.58,0,0.443,231
2024-01-23 16:00:00,Residential_West,200,119,Clear,19.59,1,0.517,81
2024-01-23 16:00:00,Suburban_East,200,123,Foggy,24.3,0,0.588,77
2024-01-23 17:00:00,Downtown_A,200,112,Foggy,19.22,0,0.618,88
2024-01-23 17:00:00,Business_Hub,500,261,Foggy,20.37,0,0.549,239
2024-01-23 17:00:00,Shopping_Mall,500,253,Rainy,31.18,0,0.47,247
2024-01-23 17:00:00,Residential_West,200,112,Rainy,28.66,0,0.576,88
2024-01-23 17:00:00,Suburban_East,200,110,Snowy,10.09,0,0.576,90
2024-01-23 18:00:00,Downtown_A,200,97,Rainy,16.51,0,0.436,103
2024-01-23 18:00:00,Business_Hub,500,247,Clear,11.06,0,0.454,253
2024-01-23 18:00:00,Shopping_Mall,500,238,Clear,23.68,0,0.503,262
2024-01-23 18:00:00,Residential_West,200,107,Rainy,30.99,0,0.63,93
2024-01-23 18:00:00,Suburban_East,200,94,Rainy,26.47,0,0.482,106
2024-01-23 19:00:00,Downtown_A,200,92,Foggy,34.97,0,0.545,108
2024-01-23 19:00:00,Business_Hub,500,240,Snowy,16.15,0,0.435,260
2024-01-23 19:00:00,Shopping_Mall,500,237,Rainy,17.21,0,0.458,263
2024-01-23 19:00:00,Residential_West,200,89,Snowy,12.19,0,0.465,111
2024-01-23 19:00:00,Suburban_East,200,90,Clear,20.09,0,0.451,110
2024-01-23 20:00:00,Downtown_A,200,80,Snowy,34.48,0,0.49,120
2024-01-23 20:00:00,Business_Hub,500,223,Foggy,33.61,0,0.485,277
2024-01-23 20:00:00,Shopping_Mall,500,229,Foggy,30.59,0,0.498,271
2024-01-23 20:00:00,Residential_West,200,73,Foggy,27.37,0,0.285,127
2024-01-23 20:00:00,Suburban_East,200,77,Foggy,30.24,0,0.319,123
2024-01-23 21:00:00,Downtown_A,200,66,Clear,11.36,0,0.381,134
2024-01-23 21:00:00,Business_Hub,500,214,Rainy,29.16,0,0.388,286
2024-01-23 21:00:00,Shopping_Mall,500,220,Clear,19.68,1,0.453,280
2024-01-23 21:00:00,Residential_West,200,72,Foggy,21.98,0,0.278,128
2024-01-23 21:00:00,Suburban_East,200,64,Rainy,23.56,1,0.333,136
2024-01-23 22:00:00,Downtown_A,200,68,Rainy,32.79,0,0.249,132
2024-01-23 22:00:00,Business_Hub,500,209,Foggy,14.29,0,0.39,291
2024-01-23 22:00:00,Shopping_Mall,500,210,Rainy,24.35,0,0.454,290
2024-01-23 22:00:00,Residential_West,200,68,Clear,34.88,1,0.293,132
2024-01-23 22:00:00,Suburban_East,200,61,Snowy,23.48,0,0.223,139
2024-01-23 23:00:00,Downtown_A,200,53,Foggy,27.9,0,0.197,147
2024-01-23 23:00:00,Business_Hub,500,210,Foggy,27.58,0,0.503,290
2024-01-23 23:00:00,Shopping_Mall,500,210,Snowy,12.48,0,0.472,290
2024-01-23 23:00:00,Residential_West,200,60,Foggy,24.71,0,0.238,140
2024-01-23 23:00:00,Suburban_East,200,58,Clear,19.68,0,0.322,142
2024-01-24 00:00:00,Downtown_A,200,63,Snowy,23.84,1,0.366,137
2024-01-24 00:00:00,Business_Hub,500,205,Rainy,11.15,0,0.347,295
2024-01-24 00:00:00,Shopping_Mall,500,210,Rainy,20.54,0,0.49,290
2024-01-24 00:00:00,Residential_West,200,53,Rainy,30.94,0,0.362,147
2024-01-24 00:00:00,Suburban_East,200,60,Clear,17.91,1,0.312,140
2024-01-24 01:00:00,Downtown_A,200,57,Snowy,14.65,0,0.216,143
2024-01-24 01:00:00,Business_Hub,500,225,Rainy,15.79,0,0.515,275
2024-01-24 01:00:00,Shopping_Mall,500,213,Snowy,13.71,0,0.37,287
2024-01-24 01:00:00,Residential_West,200,56,Foggy,11.97,0,0.218,144
2024-01-24 01:00:00,Suburban_East,200,63,Clear,26.63,0,0.257,137
2024-01-24 02:00:00,Downtown_A,200,60,Rainy,31.77,0,0.396,140
2024-01-24 02:00:00,Business_Hub,500,205,Clear,20.3,0,0.388,295
2024-01-24 02:00:00,Shopping_Mall,500,213,Rainy,13.64,0,0.335,287
2024-01-24 02:00:00,Residential_West,200,62,Rainy,33.31,0,0.251,138
2024-01-24 02:00:00,Suburban_East,200,70,Rainy,25.82,0,0.385,130
2024-01-24 03:00:00,Downtown_A,200,76,Snowy,28.22,0,0.335,124
2024-01-24 03:00:00,Business_Hub,500,215,Foggy,30.9,0,0.372,285
2024-01-24 03:00:00,Shopping_Mall,500,216,Snowy,14.66,0,0.522,284
2024-01-24 03:00:00,Residential_West,200,77,Snowy,16.21,0,0.428,123
2024-01-24 03:00:00,Suburban_East,200,65,Rainy,33.97,0,0.262,135
2024-01-24 04:00:00,Downtown_A,200,77,Foggy,20.47,0,0.319,123
2024-01-24 04:00:00,Business_Hub,500,225,Rainy,27.27,0,0.536,275
2024-01-24 04:00:00,Shopping_Mall,500,232,Rainy,21.18,0,0.377,268
2024-01-24 04:00:00,Residential_West,200,82,Foggy,31.98,0,0.47,118
2024-01-24 04:00:00,Suburban_East,200,75,Foggy,30.6,0,0.382,125
2024-01-24 05:00:00,Downtown_A,200,85,Clear,15.5,1,0.337,115
2024-01-24 05:00:00,Business_Hub,500,235,Clear,26.21,0,0.389,265
2024-01-24 05:00:00,Shopping_Mall,500,246,Foggy,25.39,0,0.569,254
2024-01-24 05:00:00,Residential_West,200,93,Foggy,13.52,0,0.551,107
2024-01-24 05:00:00,Suburban_East,200,90,Clear,25.91,0,0.499,110
2024-01-24 06:00:00,Downtown_A,200,99,Clear,28.3,0,0.491,101
2024-01-24 06:00:00,Business_Hub,500,249,Snowy,24.29,0,0.454,251
2024-01-24 06:00:00,Shopping_Mall,500,247,Clear,26.29,0,0.493,253
2024-01-24 06:00:00,Residential_West,200,100,Clear,17.78,0,0.492,100
2024-01-24 06:00:00,Suburban_East,200,98,Foggy,29.51,1,0.539,102
2024-01-24 07:00:00,Downtown_A,200,115,Rainy,30.82,0,0.536,85
2024-01-24 07:00:00,Business_Hub,500,265,Snowy,23.87,0,0.543,235
2024-01-24 07:00:00,Shopping_Mall,500,254,Foggy,22.54,1,0.448,246
2024-01-24 07:00:00,Residential_West,200,113,Snowy,13.29,0,0.594,87
2024-01-24 07:00:00,Suburban_East,200,108,Rainy,31.82,0,0.486,92
2024-01-24 08:00:00,Downtown_A,200,116,Rainy,10.8,0,0.551,84
2024-01-24 08:00:00,Business_Hub,500,262,Foggy,31.15,0,0.554,238
2024-01-24 08:00:00,Shopping_Mall,500,275,Snowy,23.9,0,0.499,225
2024-01-24 08:00:00,Residential_West,200,119,Clear,32.48,1,0.542,81
2024-01-24 08:00:00,Suburban_East,200,126,Rainy,26.46,0,0.547,74
2024-01-24 09:00:00,Downtown_A,200,131,Clear,17.72,0,0.654,69
2024-01-24 09:00:00,Business_Hub,500,280,Rainy,19.15,0,0.495,220
2024-01-24 09:00:00,Shopping_Mall,500,272,Foggy,11.37,0,0.555,228
2024-01-24 09:00:00,Residential_West,200,122,Rainy,20.27,0,0.519,78
2024-01-24 09:00:00,Suburban_East,200,142,Foggy,21.76,0,0.732,58
2024-01-24 10:00:00,Downtown_A,200,141,Foggy,18.86,1,0.782,59
2024-01-24 10:00:00,Business_Hub,500,278,Foggy,10.93,0,0.583,222
2024-01-24 10:00:00,Shopping_Mall,500,284,Snowy,27.56,0,0.484,216
2024-01-24 10:00:00,Residential_West,200,138,Clear,15.5,0,0.652,62
2024-01-24 10:00:00,Suburban_East,200,138,Clear,13.57,0,0.749,62
2024-01-24 11:00:00,Downtown_A,200,140,Rainy,12.7,1,0.737,60
2024-01-24 11:00:00,Business_Hub,500,289,Clear,19.7,0,0.556,211
2024-01-24 11:00:00,Shopping_Mall,500,279,Rainy,20.89,0,0.517,221
2024-01-24 11:00:00,Residential_West,200,140,Foggy,28.97,0,0.751,60
2024-01-24 11:00:00,Suburban_East,200,139,Snowy,30.79,0,0.759,61
2024-01-24 12:00:00,Downtown_A,200,142,Foggy,25.47,0,0.789,58
2024-01-24 12:00:00,Business_Hub,500,296,Snowy,12.81,1,0.633,204
2024-01-24 12:00:00,Shopping_Mall,500,287,Snowy,18.67,0,0.625,213
2024-01-24 12:00:00,Residential_West,200,134,Foggy,15.87,0,0.659,66
2024-01-24 12:00:00,Suburban_East,200,141,Snowy,19.67,0,0.655,59
2024-01-24 13:00:00,Downtown_A,200,133,Foggy,27.15,0,0.603,67
2024-01-24 13:00:00,Business_Hub,500,290,Rainy,31.63,0,0.482,210
2024-01-24 13:00:00,Shopping_Mall,500,292,Rainy,23.28,0,0.506,208
2024-01-24 13:00:00,Residential_West,200,136,Clear,26.54,0,0.751,64
2024-01-24 13:00:00,Suburban_East,200,130,Foggy,19.4,1,0.724,70
2024-01-24 14:00:00,Downtown_A,200,133,Rainy,16.13,0,0.707,67
2024-01-24 14:00:00,Business_Hub,500,280,Foggy,13.03,1,0.466,220
2024-01-24 14:00:00,Shopping_Mall,500,291,Foggy,14.97,0,0.549,209
2024-01-24 14:00:00,Residential_West,200,135,Foggy,28.26,0,0.614,65
2024-01-24 14:00:00,Suburban_East,200,126,Rainy,34.35,0,0.716,74
2024-01-24 15:00:00,Downtown_A,200,140,Rainy,13.23,0,0.789,60
2024-01-24 15:00:00,Business_Hub,500,283,Snowy,11.49,0,0.632,217
2024-01-24 15:00:00,Shopping_Mall,500,279,Clear,20.11,0,0.656,221
2024-01-24 15:00:00,Residential_West,200,126,Rainy,19.76,0,0.58,74
2024-01-24 15:00:00,Suburban_East,200,118,Rainy,21.73,0,0.543,82
2024-01-24 16:00:00,Downtown_A,200,123,Snowy,33.51,0,0.632,77
2024-01-24 16:00:00,Business_Hub,500,264,Clear,23.46,0,0.498,236
2024-01-24 16:00:00,Shopping_Mall,500,273,Foggy,24.96,0,0.526,227
2024-01-24 16:00:00,Residential_West,200,117,Rainy,11.6,0,0.492,83
2024-01-24 16:00:00,Suburban_East,200,125,Snowy,33.85,0,0.606,75
2024-01-24 17:00:00,Downtown_A,200,120,Rainy,31.26,0,0.551,80
2024-01-24 17:00:00,Business_Hub,500,272,Snowy,12.49,1,0.6,228
2024-01-24 17:00:00,Shopping_Mall,500,269,Foggy,13.84,0,0.518,231
2024-01-24 17:00:00,Residential_West,200,113,Clear,20.13,1,0.524,87
2024-01-24 17:00:00,Suburban_East,200,106,Snowy,15.93,0,0.462,94
2024-01-24 18:00:00,Downtown_A,200,103,Clear,12.63,0,0.591,97
2024-01-24 18:00:00,Business_Hub,500,249,Clear,11.3,1,0.519,251
2024-01-24 18:00:00,Shopping_Mall,500,247,Clear,14.97,0,0.488,253
2024-01-24 18:00:00,Residential_West,200,97,Clear,27.09,0,0.562,103
2024-01-24 18:00:00,Suburban_East,200,107,Snowy,34.75,1,0.613,93
2024-01-24 19:00:00,Downtown_A,200,79,Clear,12.75,0,0.402,121
2024-01-24 19:00:00,Business_Hub,500,230,Rainy,31.84,0,0.529,270
2024-01-24 19:00:00,Shopping_Mall,500,238,Foggy,11.01,0,0.511,262
2024-01-24 19:00:00,Residential_West,200,95,Snowy,27.63,0,0.545,105
2024-01-24 19:00:00,Suburban_East,200,95,Snowy,22.82,0,0.419,105
2024-01-24 20:00:00,Downtown_A,200,83,Foggy,18.88,0,0.444,117
2024-01-24 20:00:00,Business_Hub,500,240,Clear,27.04,0,0.48,260
2024-01-24 20:00:00,Shopping_Mall,500,240,Clear,28.08,0,0.574,260
2024-01-24 20:00:00,Residential_West,200,86,Snowy,29.32,0,0.394,114
2024-01-24 20:00:00,Suburban_East,200,87,Snowy,23.46,0,0.429,113
2024-01-24 21:00:00,Downtown_A,200,76,Clear,31.54,0,0.294,124
2024-01-24 21:00:00,Business_Hub,500,211,Clear,32.13,0,0.5,289
2024-01-24 21:00:00,Shopping_Mall,500,226,Rainy,31.09,0,0.491,274
2024-01-24 21:00:00,Residential_West,200,68,Clear,21.67,0,0.355,132
2024-01-24 21:00:00,Suburban_East,200,74,Clear,11.0,0,0.443,126
2024-01-24 22:00:00,Downtown_A,200,67,Rainy,30.23,0,0.252,133
2024-01-24 22:00:00,Business_Hub,500,209,Snowy,33.65,0,0.396,291
2024-01-24 22:00:00,Shopping_Mall,500,215,Snowy,16.65,0,0.425,285
2024-01-24 22:00:00,Residential_West,200,73,Snowy,29.91,0,0.461,127
2024-01-24 22:00:00,Suburban_East,200,67,Clear,15.7,0,0.259,133
2024-01-24 23:00:00,Downtown_A,200,58,Foggy,17.86,0,0.233,142
2024-01-24 23:00:00,Business_Hub,500,219,Rainy,14.23,0,0.382,281
2024-01-24 23:00:00,Shopping_Mall,500,210,Clear,30.19,0,0.403,290
2024-01-24 23:00:00,Residential_West,200,58,Snowy,16.26,0,0.254,142
2024-01-24 23:00:00,Suburban_East,200,55,Rainy,32.74,0,0.202,145
2024-01-25 00:00:00,Downtown_A,200,58,Clear,33.46,0,0.321,142
2024-01-25 00:00:00,Business_Hub,500,208,Foggy,26.96,0,0.389,292
2024-01-25 00:00:00,Shopping_Mall,500,205,Rainy,13.65,1,0.357,295
2024-01-25 00:00:00,Residential_West,200,55,Snowy,14.6,0,0.19,145
2024-01-25 00:00:00,Suburban_East,200,59,Clear,19.39,0,0.206,141
2024-01-25 01:00:00,Downtown_A,200,59,Foggy,24.81,0,0.367,141
2024-01-25 01:00:00,Business_Hub,500,212,Rainy,16.42,0,0.487,288
2024-01-25 01:00:00,Shopping_Mall,500,204,Clear,20.14,0,0.361,296
2024-01-25 01:00:00,Residential_West,200,64,Rainy,16.39,0,0.419,136
2024-01-25 01:00:00,Suburban_East,200,66,Snowy,15.56,0,0.384,134
2024-01-25 02:00:00,Downtown_A,200,66,Rainy,30.93,1,0.369,134
2024-01-25 02:00:00,Business_Hub,500,213,Snowy,31.91,0,0.525,287
2024-01-25 02:00:00,Shopping_Mall,500,215,Rainy,24.87,0,0.512,285
2024-01-25 02:00:00,Residential_West,200,67,Snowy,21.84,0,0.237,133
2024-01-25 02:00:00,Suburban_East,200,63,Snowy,23.2,0,0.269,137
2024-01-25 03:00:00,Downtown_A,200,66,Rainy,17.81,0,0.412,134
2024-01-25 03:00:00,Business_Hub,500,214,Rainy,14.57,1,0.38,286
2024-01-25 03:00:00,Shopping_Mall,500,224,Foggy,16.18,1,0.516,276
2024-01-25 03:00:00,Residential_West,200,79,Foggy,13.56,0,0.343,121
2024-01-25 03:00:00,Suburban_East,200,63,Foggy,19.97,0,0.393,137
2024-01-25 04:00:00,Downtown_A,200,88,Clear,28.86,0,0.533,112
2024-01-25 04:00:00,Business_Hub,500,223,Foggy,22.8,0,0.352,277
2024-01-25 04:00:00,Shopping_Mall,500,228,Rainy,13.13,0,0.382,272
2024-01-25 04:00:00,Residential_West,200,74,Snowy,13.49,0,0.434,126
2024-01-25 04:00:00,Suburban_East,200,83,Snowy,22.74,0,0.329,117
2024-01-25 05:00:00,Downtown_A,200,87,Clear,17.43,0,0.498,113
2024-01-25 05:00:00,Business_Hub,500,241,Clear,10.36,1,0.516,259
2024-01-25 05:00:00,Shopping_Mall,500,242,Clear,29.56,0,0.393,258
2024-01-25 05:00:00,Residential_West,200,93,Clear,15.03,1,0.445,107
2024-01-25 05:00:00,Suburban_East,200,91,Foggy,33.78,0,0.408,109
2024-01-25 06:00:00,Downtown_A,200,110,Clear,27.79,0,0.471,90
2024-01-25 06:00:00,Business_Hub,500,247,Clear,15.12,0,0.485,253
2024-01-25 06:00:00,Shopping_Mall,500,253,Foggy,32.39,0,0.464,247
2024-01-25 06:00:00,Residential_West,200,102,Snowy,13.07,1,0.42,98
2024-01-25 06:00:00,Suburban_East,200,98,Clear,28.01,0,0.553,102
2024-01-25 07:00:00,Downtown_A,200,107,Snowy,33.05,0,0.525,93
2024-01-25 07:00:00,Business_Hub,500,258,Rainy,14.95,0,0.586,242
2024-01-25 07:00:00,Shopping_Mall,500,263,Clear,28.66,0,0.448,237
2024-01-25 07:00:00,Residential_West,200,111,Foggy,12.59,0,0.544,89
2024-01-25 07:00:00,Suburban_East,200,111,Clear,23.95,0,0.604,89
2024-01-25 08:00:00,Downtown_A,200,121,Foggy,15.26,0,0.577,79
2024-01-25 08:00:00,Business_Hub,500,275,Rainy,14.59,0,0.512,225
2024-01-25 08:00:00,Shopping_Mall,500,267,Snowy,16.08,1,0.606,233
2024-01-25 08:00:00,Residential_West,200,127,Rainy,15.97,1,0.606,73
2024-01-25 08:00:00,Suburban_East,200,119,Clear,31.27,0,0.601,81
2024-01-25 09:00:00,Downtown_A,200,124,Clear,29.68,1,0.537,76
2024-01-25 09:00:00,Business_Hub,500,275,Clear,19.07,0,0.53,225
2024-01-25 09:00:00,Shopping_Mall,500,279,Foggy,33.34,0,0.53,221
2024-01-25 09:00:00,Residential_West,200,132,Snowy,27.14,0,0.753,68
2024-01-25 09:00:00,Suburban_East,200,132,Snowy,23.63,0,0.565,68
2024-01-25 10:00:00,Downtown_A,200,135,Rainy,25.21,0,0.614,65
2024-01-25 10:00:00,Business_Hub,500,285,Snowy,12.83,0,0.622,215
2024-01-25 10:00:00,Shopping_Mall,500,280,Clear,27.06,0,0.652,220
2024-01-25 10:00:00,Residential_West,200,129,Clear,12.57,0,0.572,71
2024-01-25 10:00:00,Suburban_East,200,128,Snowy,18.87,0,0.612,72
2024-01-25 11:00:00,Downtown_A,200,140,Clear,19.97,0,0.711,60
2024-01-25 11:00:00,Business_Hub,500,287,Rainy,10.52,1,0.632,213
2024-01-25 11:00:00,Shopping_Mall,500,299,Foggy,34.54,0,0.643,201
2024-01-25 11:00:00,Residential_West,200,137,Rainy,12.6,0,0.74,63
2024-01-25 11:00:00,Suburban_East,200,140,Snowy,34.13,0,0.715,60
2024-01-25 12:00:00,Downtown_A,200,137,Snowy,23.5,0,0.655,63
2024-01-25 12:00:00,Business_Hub,500,294,Rainy,10.39,0,0.591,206
2024-01-25 12:00:00,Shopping_Mall,500,289,Rainy,14.77,0,0.641,211
2024-01-25 12:00:00,Residential_West,200,135,Clear,17.22,0,0.659,65
2024-01-25 12:00:00,Suburban_East,200,134,Clear,23.8,0,0.575,66
2024-01-25 13:00:00,Downtown_A,200,139,Snowy,18.45,0,0.755,61
2024-01-25 13:00:00,Business_Hub,500,296,Snowy,10.51,0,0.61,204
2024-01-25 13:00:00,Shopping_Mall,500,283,Clear,20.15,1,0.559,217
2024-01-25 13:00:00,Residential_West,200,123,Snowy,17.5,0,0.666,77
2024-01-25 13:00:00,Suburban_East,200,146,Clear,15.27,0,0.719,54
2024-01-25 14:00:00,Downtown_A,200,132,Rainy,30.14,0,0.746,68
2024-01-25 14:00:00,Business_Hub,500,279,Foggy,18.15,0,0.522,221
2024-01-25 14:00:00,Shopping_Mall,500,287,Rainy,28.24,0,0.668,213
2024-01-25 14:00:00,Residential_West,200,131,Clear,17.04,0,0.7,69
2024-01-25 14:00:00,Suburban_East,200,137,Rainy,17.92,0,0.663,63
2024-01-25 15:00:00,Downtown_A,200,128,Snowy,24.07,1,0.637,72
2024-01-25 15:00:00,Business_Hub,500,281,Foggy,30.67,0,0.602,219
2024-01-25 15:00:00,Shopping_Mall,500,279,Foggy,17.42,0,0.527,221
2024-01-25 15:00:00,Residential_West,200,131,Foggy,22.15,0,0.577,69
2024-01-25 15:00:00,Suburban_East,200,125,Rainy,17.06,0,0.546,75
2024-01-25 16:00:00,Downtown_A,200,117,Rainy,13.53,0,0.682,83
2024-01-25 16:00:00,Business_Hub,500,269,Snowy,18.91,0,0.529,231
2024-01-25 16:00:00,Shopping_Mall,500,274,Clear,22.35,0,0.471,226
2024-01-25 16:00:00,Residential_West,200,125,Rainy,20.84,0,0.629,75
2024-01-25 16:00:00,Suburban_East,200,114,Foggy,16.45,0,0.533,86
2024-01-25 17:00:00,Downtown_A,200,115,Foggy,27.63,0,0.652,85
2024-01-25 17:00:00,Business_Hub,500,266,Snowy,11.5,1,0.559,234
2024-01-25 17:00:00,Shopping_Mall,500,244,Foggy,25.98,0,0.481,256
2024-01-25 17:00:00,Residential_West,200,104,Snowy,31.01,0,0.571,96
2024-01-25 17:00:00,Suburban_East,200,108,Snowy,10.39,0,0.574,92
2024-01-25 18:00:00,Downtown_A,200,101,Clear,18.31,1,0.419,99
2024-01-25 18:00:00,Business_Hub,500,247,Clear,14.26,0,0.397,253
2024-01-25 18:00:00,Shopping_Mall,500,255,Snowy,13.52,0,0.596,245
2024-01-25 18:00:00,Residential_West,200,102,Snowy,16.45,0,0.576,98
2024-01-25 18:00:00,Suburban_East,200,103,Rainy,28.81,0,0.484,97
2024-01-25 19:00:00,Downtown_A,200,87,Foggy,17.4,0,0.382,113
2024-01-25 19:00:00,Business_Hub,500,236,Snowy,27.71,0,0.47,264
2024-01-25 19:00:00,Shopping_Mall,500,239,Foggy,29.11,0,0.507,261
2024-01-25 19:00:00,Residential_West,200,83,Rainy,34.44,0,0.493,117
2024-01-25 19:00:00,Suburban_East,200,102,Rainy,21.45,0,0.481,98
2024-01-25 20:00:00,Downtown_A,200,83,Snowy,13.42,0,0.393,117
2024-01-25 20:00:00,Business_Hub,500,228,Snowy,22.21,0,0.482,272
2024-01-25 20:00:00,Shopping_Mall,500,229,Snowy,31.86,0,0.462,271
2024-01-25 20:00:00,Residential_West,200,81,Clear,10.04,0,0.443,119
2024-01-25 20:00:00,Suburban_East,200,81,Rainy,18.75,0,0.346,119
2024-01-25 21:00:00,Downtown_A,200,68,Foggy,16.8,0,0.357,132
2024-01-25 21:00:00,Business_Hub,500,224,Foggy,32.06,0,0.526,276
2024-01-25 21:00:00,Shopping_Mall,500,219,Foggy,11.01,0,0.357,281
2024-01-25 21:00:00,Residential_West,200,78,Foggy,17.22,0,0.453,122
2024-01-25 21:00:00,Suburban_East,200,71,Foggy,12.05,0,0.311,129
2024-01-25 22:00:00,Downtown_A,200,64,Foggy,15.63,0,0.386,136
2024-01-25 22:00:00,Business_Hub,500,221,Clear,32.46,0,0.509,279
2024-01-25 22:00:00,Shopping_Mall,500,201,Snowy,27.47,0,0.336,299
2024-01-25 22:00:00,Residential_West,200,65,Snowy,22.23,0,0.326,135
2024-01-25 22:00:00,Suburban_East,200,70,Clear,13.49,0,0.377,130
2024-01-25 23:00:00,Downtown_A,200,62,Snowy,11.74,0,0.358,138
2024-01-25 23:00:00,Business_Hub,500,207,Rainy,15.9,0,0.468,293
2024-01-25 23:00:00,Shopping_Mall,500,215,Foggy,28.9,0,0.367,285
2024-01-25 23:00:00,Residential_West,200,61,Snowy,20.7,0,0.346,139
2024-01-25 23:00:00,Suburban_East,200,60,Rainy,21.89,0,0.286,140
2024-01-26 00:00:00,Downtown_A,200,58,Clear,26.96,0,0.231,142
2024-01-26 00:00:00,Business_Hub,500,208,Rainy,20.95,0,0.429,292
2024-01-26 00:00:00,Shopping_Mall,500,206,Rainy,10.92,0,0.322,294
2024-01-26 00:00:00,Residential_West,200,61,Clear,25.71,0,0.367,139
2024-01-26 00:00:00,Suburban_East,200,51,Snowy,23.47,0,0.214,149
2024-01-26 01:00:00,Downtown_A,200,55,Snowy,16.01,0,0.323,145
2024-01-26 01:00:00,Business_Hub,500,211,Rainy,22.31,0,0.52,289
2024-01-26 01:00:00,Shopping_Mall,500,213,Snowy,13.58,1,0.364,287
2024-01-26 01:00:00,Residential_West,200,60,Foggy,27.41,0,0.237,140
2024-01-26 01:00:00,Suburban_East,200,55,Foggy,18.8,0,0.333,145
2024-01-26 02:00:00,Downtown_A,200,66,Clear,10.55,0,0.296,134
2024-01-26 02:00:00,Business_Hub,500,215,Clear,26.49,0,0.495,285
2024-01-26 02:00:00,Shopping_Mall,500,215,Snowy,29.38,0,0.528,285
2024-01-26 02:00:00,Residential_West,200,61,Clear,27.66,0,0.395,139
2024-01-26 02:00:00,Suburban_East,200,69,Rainy,29.62,0,0.41,131
2024-01-26 03:00:00,Downtown_A,200,71,Rainy,33.39,0,0.353,129
2024-01-26 03:00:00,Business_Hub,500,217,Clear,33.12,1,0.5,283
2024-01-26 03:00:00,Shopping_Mall,500,219,Snowy,17.6,0,0.396,281
2024-01-26 03:00:00,Residential_West,200,72,Foggy,25.14,1,0.365,128
2024-01-26 03:00:00,Suburban_East,200,83,Clear,10.95,0,0.364,117
2024-01-26 04:00:00,Downtown_A,200,77,Clear,11.97,0,0.293,123
2024-01-26 04:00:00,Business_Hub,500,230,Snowy,30.0,0,0.441,270
2024-01-26 04:00:00,Shopping_Mall,500,232,Clear,12.07,0,0.49,268
2024-01-26 04:00:00,Residential_West,200,73,Snowy,33.78,0,0.391,127
2024-01-26 04:00:00,Suburban_East,200,76,Clear,10.22,0,0.356,124
2024-01-26 05:00:00,Downtown_A,200,91,Foggy,12.21,1,0.452,109
2024-01-26 05:00:00,Business_Hub,500,246,Rainy,19.79,0,0.48,254
2024-01-26 05:00:00,Shopping_Mall,500,235,Foggy,13.64,0,0.547,265
2024-01-26 05:00:00,Residential_West,200,84,Foggy,34.86,0,0.499,116
2024-01-26 05:00:00,Suburban_East,200,81,Clear,14.24,0,0.334,119
2024-01-26 06:00:00,Downtown_A,200,99,Rainy,25.05,0,0.469,101
2024-01-26 06:00:00,Business_Hub,500,251,Snowy,34.23,0,0.411,249
2024-01-26 06:00:00,Shopping_Mall,500,253,Rainy,29.17,0,0.523,247
2024-01-26 06:00:00,Residential_West,200,98,Foggy,31.56,0,0.4,102
2024-01-26 06:00:00,Suburban_East,200,104,Snowy,20.47,0,0.615,96
2024-01-26 07:00:00,Downtown_A,200,110,Foggy,10.34,0,0.562,90
2024-01-26 07:00:00,Business_Hub,500,259,Clear,12.63,0,0.426,241
2024-01-26 07:00:00,Shopping_Mall,500,256,Foggy,28.66,0,0.449,244
2024-01-26 07:00:00,Residential_West,200,111,Rainy,33.7,0,0.533,89
2024-01-26 07:00:00,Suburban_East,200,108,Foggy,28.71,1,0.59,92
2024-01-26 08:00:00,Downtown_A,200,120,Foggy,32.67,1,0.507,80
2024-01-26 08:00:00,Business_Hub,500,266,Clear,25.77,1,0.437,234
2024-01-26 08:00:00,Shopping_Mall,500,268,Rainy,31.47,0,0.482,232
2024-01-26 08:00:00,Residential_West,200,121,Foggy,33.91,0,0.536,79
2024-01-26 08:00:00,Suburban_East,200,118,Rainy,22.87,0,0.589,82
2024-01-26 09:00:00,Downtown_A,200,130,Snowy,21.3,0,0.643,70
2024-01-26 09:00:00,Business_Hub,500,286,Rainy,15.74,0,0.502,214
2024-01-26 09:00:00,Shopping_Mall,500,277,Clear,18.23,0,0.521,223
2024-01-26 09:00:00,Residential_West,200,125,Foggy,23.14,0,0.608,75
2024-01-26 09:00:00,Suburban_East,200,124,Foggy,26.35,0,0.671,76
2024-01-26 10:00:00,Downtown_A,200,136,Rainy,24.27,0,0.75,64
2024-01-26 10:00:00,Business_Hub,500,282,Snowy,26.49,0,0.574,218
2024-01-26 10:00:00,Shopping_Mall,500,283,Clear,18.68,0,0.56,217
2024-01-26 10:00:00,Residential_West,200,135,Snowy,32.23,0,0.645,65
2024-01-26 10:00:00,Suburban_East,200,128,Foggy,27.48,0,0.728,72
2024-01-26 11:00:00,Downtown_A,200,136,Snowy,34.64,0,0.667,64
2024-01-26 11:00:00,Business_Hub,500,286,Rainy,12.8,0,0.568,214
2024-01-26 11:00:00,Shopping_Mall,500,286,Foggy,18.87,1,0.67,214
2024-01-26 11:00:00,Residential_West,200,140,Foggy,24.82,1,0.618,60
2024-01-26 11:00:00,Suburban_East,200,132,Snowy,22.12,0,0.735,68
2024-01-26 12:00:00,Downtown_A,200,137,Snowy,17.32,0,0.603,63
2024-01-26 12:00:00,Business_Hub,500,286,Snowy,25.78,0,0.574,214
2024-01-26 12:00:00,Shopping_Mall,500,285,Rainy,30.94,0,0.638,215
2024-01-26 12:00:00,Residential_West,200,147,Snowy,16.3,0,0.705,53
2024-01-26 12:00:00,Suburban_East,200,139,Foggy,26.98,0,0.773,61
2024-01-26 13:00:00,Downtown_A,200,146,Rainy,22.9,0,0.719,54
2024-01-26 13:00:00,Business_Hub,500,293,Foggy,14.8,0,0.51,207
2024-01-26 13:00:00,Shopping_Mall,500,282,Clear,25.07,0,0.579,218
2024-01-26 13:00:00,Residential_West,200,135,Rainy,28.8,0,0.715,65
2024-01-26 13:00:00,Suburban_East,200,130,Snowy,25.45,0,0.604,70
2024-01-26 14:00:00,Downtown_A,200,138,Foggy,20.35,0,0.713,62
2024-01-26 14:00:00,Business_Hub,500,282,Clear,19.28,0,0.654,218
2024-01-26 14:00:00,Shopping_Mall,500,290,Foggy,22.91,0,0.616,210
2024-01-26 14:00:00,Residential_West,200,134,Clear,29.73,0,0.659,66
2024-01-26 14:00:00,Suburban_East,200,129,Snowy,15.07,1,0.653,71
2024-01-26 15:00:00,Downtown_A,200,128,Rainy,22.46,0,0.712,72
2024-01-26 15:00:00,Business_Hub,500,279,Foggy,11.29,0,0.492,221
2024-01-26 15:00:00,Shopping_Mall,500,277,Clear,31.81,0,0.61,223
2024-01-26 15:00:00,Residential_West,200,129,Snowy,11.22,0,0.579,71
2024-01-26 15:00:00,Suburban_East,200,126,Snowy,30.74,0,0.687,74
2024-01-26 16:00:00,Downtown_A,200,122,Foggy,16.73,0,0.549,78
2024-01-26 16:00:00,Business_Hub,500,275,Rainy,26.1,1,0.475,225
2024-01-26 16:00:00,Shopping_Mall,500,270,Clear,26.71,0,0.555,230
2024-01-26 16:00:00,Residential_West,200,118,Snowy,16.72,0,0.541,82
2024-01-26 16:00:00,Suburban_East,200,117,Clear,25.62,1,0.595,83
2024-01-26 17:00:00,Downtown_A,200,109,Clear,32.36,0,0.533,91
2024-01-26 17:00:00,Business_Hub,500,266,Rainy,19.3,0,0.451,234
2024-01-26 17:00:00,Shopping_Mall,500,252,Foggy,24.5,0,0.459,248
2024-01-26 17:00:00,Residential_West,200,112,Rainy,30.01,0,0.568,88
2024-01-26 17:00:00,Suburban_East,200,105,Rainy,18.93,0,0.463,95
2024-01-26 18:00:00,Downtown_A,200,106,Foggy,31.38,1,0.515,94
2024-01-26 18:00:00,Business_Hub,500,251,Snowy,12.64,1,0.582,249
2024-01-26 18:00:00,Shopping_Mall,500,246,Foggy,17.53,0,0.497,254
2024-01-26 18:00:00,Residential_West,200,96,Clear,25.24,0,0.408,104
2024-01-26 18:00:00,Suburban_East,200,100,Rainy,24.21,0,0.577,100
2024-01-26 19:00:00,Downtown_A,200,87,Snowy,21.47,1,0.531,113
2024-01-26 19:00:00,Business_Hub,500,247,Rainy,30.75,0,0.561,253
2024-01-26 19:00:00,Shopping_Mall,500,224,Foggy,31.47,0,0.495,276
2024-01-26 19:00:00,Residential_West,200,82,Rainy,32.24,0,0.465,118
2024-01-26 19:00:00,Suburban_East,200,100,Clear,21.39,0,0.507,100
2024-01-26 20:00:00,Downtown_A,200,87,Foggy,15.63,1,0.377,113
2024-01-26 20:00:00,Business_Hub,500,235,Rainy,28.26,1,0.448,265
2024-01-26 20:00:00,Shopping_Mall,500,221,Clear,18.58,0,0.508,279
2024-01-26 20:00:00,Residential_West,200,82,Snowy,22.53,0,0.33,118
2024-01-26 20:00:00,Suburban_East,200,73,Foggy,28.83,0,0.354,127
2024-01-26 21:00:00,Downtown_A,200,82,Clear,10.03,0,0.41,118
2024-01-26 21:00:00,Business_Hub,500,218,Foggy,22.12,0,0.362,282
2024-01-26 21:00:00,Shopping_Mall,500,214,Clear,21.3,0,0.387,286
2024-01-26 21:00:00,Residential_West,200,70,Rainy,22.82,1,0.39,130
2024-01-26 21:00:00,Suburban_East,200,78,Rainy,18.46,0,0.437,122
2024-01-26 22:00:00,Downtown_A,200,59,Rainy,27.08,0,0.311,141
2024-01-26 22:00:00,Business_Hub,500,212,Snowy,24.85,0,0.387,288
2024-01-26 22:00:00,Shopping_Mall,500,217,Clear,32.32,0,0.484,283
2024-01-26 22:00:00,Residential_West,200,69,Clear,27.09,0,0.374,131
2024-01-26 22:00:00,Suburban_East,200,62,Foggy,13.78,0,0.325,138
2024-01-26 23:00:00,Downtown_A,200,65,Foggy,26.89,0,0.272,135
2024-01-26 23:00:00,Business_Hub,500,210,Clear,16.26,0,0.359,290
2024-01-26 23:00:00,Shopping_Mall,500,206,Foggy,25.18,0,0.489,294
2024-01-26 23:00:00,Residential_West,200,62,Foggy,18.6,0,0.217,138
2024-01-26 23:00:00,Suburban_East,200,63,Snowy,20.5,0,0.23,137
2024-01-27 00:00:00,Downtown_A,200,76,Snowy,17.02,0,0.469,124
2024-01-27 00:00:00,Business_Hub,500,229,Foggy,29.77,0,0.373,271
2024-01-27 00:00:00,Shopping_Mall,500,230,Clear,32.98,0,0.392,270
2024-01-27 00:00:00,Residential_West,200,76,Rainy,11.92,0,0.294,124
2024-01-27 00:00:00,Suburban_East,200,84,Foggy,16.93,0,0.411,116
2024-01-27 01:00:00,Downtown_A,200,84,Rainy,23.6,0,0.343,116
2024-01-27 01:00:00,Business_Hub,500,223,Clear,26.74,0,0.37,277
2024-01-27 01:00:00,Shopping_Mall,500,239,Foggy,28.47,1,0.48,261
2024-01-27 01:00:00,Residential_West,200,81,Clear,10.46,0,0.407,119
2024-01-27 01:00:00,Suburban_East,200,85,Foggy,20.82,0,0.371,115
2024-01-27 02:00:00,Downtown_A,200,99,Clear,26.3,1,0.463,101
2024-01-27 02:00:00,Business_Hub,500,235,Clear,19.17,0,0.537,265
2024-01-27 02:00:00,Shopping_Mall,500,228,Snowy,28.12,0,0.381,272
2024-01-27 02:00:00,Residential_West,200,85,Clear,21.03,0,0.509,115
2024-01-27 02:00:00,Suburban_East,200,88,Snowy,26.84,0,0.37,112
2024-01-27 03:00:00,Downtown_A,200,82,Snowy,32.23,0,0.484,118
2024-01-27 03:00:00,Business_Hub,500,233,Foggy,20.05,1,0.467,267
2024-01-27 03:00:00,Shopping_Mall,500,249,Clear,29.4,0,0.519,251
2024-01-27 03:00:00,Residential_West,200,87,Clear,32.21,0,0.456,113
2024-01-27 03:00:00,Suburban_East,200,83,Rainy,11.06,0,0.461,117
2024-01-27 04:00:00,Downtown_A,200,92,Snowy,18.31,0,0.499,108
2024-01-27 04:00:00,Business_Hub,500,251,Rainy,19.36,0,0.509,249
2024-01-27 04:00:00,Shopping_Mall,500,257,Snowy,24.01,0,0.568,243
2024-01-27 04:00:00,Residential_West,200,98,Foggy,15.94,0,0.486,102
2024-01-27 04:00:00,Suburban_East,200,103,Foggy,29.91,0,0.451,97
2024-01-27 05:00:00,Downtown_A,200,115,Rainy,28.67,0,0.506,85
2024-01-27 05:00:00,Business_Hub,500,256,Clear,33.95,0,0.525,244
2024-01-27 05:00:00,Shopping_Mall,500,255,Foggy,34.61,0,0.531,245
2024-01-27 05:00:00,Residential_West,200,119,Clear,27.45,0,0.534,81
2024-01-27 05:00:00,Suburban_East,200,110,Rainy,29.33,0,0.486,90
2024-01-27 06:00:00,Downtown_A,200,118,Foggy,15.78,1,0.621,82
2024-01-27 06:00:00,Business_Hub,500,273,Snowy,11.03,1,0.527,227
2024-01-27 06:00:00,Shopping_Mall,500,276,Foggy,11.39,0,0.529,224
2024-01-27 06:00:00,Residential_West,200,122,Snowy,10.5,0,0.705,78
2024-01-27 06:00:00,Suburban_East,200,126,Snowy,21.71,0,0.647,74
2024-01-27 07:00:00,Downtown_A,200,134,Rainy,31.76,0,0.723,66
2024-01-27 07:00:00,Business_Hub,500,288,Snowy,31.64,0,0.504,212
2024-01-27 07:00:00,Shopping_Mall,500,279,Rainy,13.79,0,0.461,221
2024-01-27 07:00:00,Residential_West,200,128,Clear,27.4,0,0.678,72
2024-01-27 07:00:00,Suburban_East,200,129,Snowy,33.33,0,0.618,71
2024-01-27 08:00:00,Downtown_A,200,138,Rainy,16.96,0,0.776,62
2024-01-27 08:00:00,Business_Hub,500,290,Clear,19.82,0,0.66,210
2024-01-27 08:00:00,Shopping_Mall,500,278,Foggy,15.29,0,0.48,222
2024-01-27 08:00:00,Residential_West,200,137,Snowy,24.88,0,0.61,63
2024-01-27 08:00:00,Suburban_East,200,143,Rainy,22.21,0,0.706,57
2024-01-27 09:00:00,Downtown_A,200,142,Foggy,23.98,0,0.797,58
2024-01-27 09:00:00,Business_Hub,500,298,Clear,14.08,0,0.508,202
2024-01-27 09:00:00,Shopping_Mall,500,296,Clear,11.75,0,0.537,204
2024-01-27 09:00:00,Residential_West,200,142,Rainy,22.12,0,0.763,58
2024-01-27 09:00:00,Suburban_East,200,149,Clear,30.68,0,0.697,51
2024-01-27 10:00:00,Downtown_A,200,161,Foggy,21.03,0,0.712,39
2024-01-27 10:00:00,Business_Hub,500,314,Foggy,26.01,0,0.573,186
2024-01-27 10:00:00,Shopping_Mall,500,302,Foggy,32.44,1,0.557,198
2024-01-27 10:00:00,Residential_West,200,159,Snowy,12.76,0,0.767,41
2024-01-27 10:00:00,Suburban_East,200,149,Rainy,12.86,0,0.809,51
2024-01-27 11:00:00,Downtown_A,200,154,Foggy,27.47,1,0.855,46
2024-01-27 11:00:00,Business_Hub,500,313,Snowy,11.94,0,0.714,187
2024-01-27 11:00:00,Shopping_Mall,500,312,Clear,15.27,0,0.653,188
2024-01-27 11:00:00,Residential_West,200,153,Clear,34.2,0,0.785,47
2024-01-27 11:00:00,Suburban_East,200,162,Rainy,21.23,0,0.773,38
2024-01-27 12:00:00,Downtown_A,200,155,Foggy,31.73,0,0.684,45
2024-01-27 12:00:00,Business_Hub,500,307,Snowy,12.71,0,0.584,193
2024-01-27 12:00:00,Shopping_Mall,500,311,Foggy,16.78,0,0.665,189
2024-01-27 12:00:00,Residential_West,200,159,Foggy,12.94,0,0.808,41
2024-01-27 12:00:00,Suburban_East,200,160,Rainy,12.19,0,0.702,40
2024-01-27 13:00:00,Downtown_A,200,166,Clear,23.79,1,0.884,34
2024-01-27 13:00:00,Business_Hub,500,307,Clear,29.62,0,0.563,193
2024-01-27 13:00:00,Shopping_Mall,500,306,Clear,15.06,0,0.625,194
2024-01-27 13:00:00,Residential_West,200,160,Snowy,15.7,0,0.787,40
2024-01-27 13:00:00,Suburban_East,200,169,Snowy,29.09,0,0.868,31
2024-01-27 14:00:00,Downtown_A,200,160,Clear,30.15,0,0.712,40
2024-01-27 14:00:00,Business_Hub,500,305,Snowy,16.01,0,0.569,195
2024-01-27 14:00:00,Shopping_Mall,500,302,Snowy,20.58,0,0.67,198
2024-01-27 14:00:00,Residential_West,200,149,Foggy,21.59,0,0.756,51
2024-01-27 14:00:00,Suburban_East,200,143,Snowy,34.71,0,0.731,57
2024-01-27 15:00:00,Downtown_A,200,144,Rainy,21.84,1,0.703,56
2024-01-27 15:00:00,Business_Hub,500,296,Rainy,33.82,0,0.654,204
2024-01-27 15:00:00,Shopping_Mall,500,296,Snowy,22.93,0,0.522,204
2024-01-27 15:00:00,Residential_West,200,151,Snowy,19.07,1,0.84,49
2024-01-27 15:00:00,Suburban_East,200,154,Foggy,26.72,0,0.783,46
2024-01-27 16:00:00,Downtown_A,200,134,Foggy,13.89,0,0.697,66
2024-01-27 16:00:00,Business_Hub,500,302,Rainy,12.0,0,0.652,198
2024-01-27 16:00:00,Shopping_Mall,500,281,Clear,29.52,0,0.612,219
2024-01-27 16:00:00,Residential_West,200,146,Foggy,18.9,1,0.661,54
2024-01-27 16:00:00,Suburban_East,200,139,Clear,28.47,0,0.702,61
2024-01-27 17:00:00,Downtown_A,200,134,Clear,34.95,0,0.666,66
2024-01-27 17:00:00,Business_Hub,500,282,Snowy,16.04,0,0.602,218
2024-01-27 17:00:00,Shopping_Mall,500,284,Clear,25.64,0,0.481,216
2024-01-27 17:00:00,Residential_West,200,130,Clear,31.92,0,0.596,70
2024-01-27 17:00:00,Suburban_East,200,131,Foggy,33.28,0,0.664,69
2024-01-27 18:00:00,Downtown_A,200,115,Clear,17.22,0,0.477,85
2024-01-27 18:00:00,Business_Hub,500,272,Rainy,28.93,0,0.45,228
2024-01-27 18:00:00,Shopping_Mall,500,273,Snowy,32.12,1,0.456,227
2024-01-27 18:00:00,Residential_West,200,124,Rainy,14.22,1,0.524,76
2024-01-27 18:00:00,Suburban_East,200,116,Clear,32.82,0,0.667,84
2024-01-27 19:00:00,Downtown_A,200,109,Clear,10.83,0,0.51,91
2024-01-27 19:00:00,Business_Hub,500,255,Rainy,10.78,0,0.551,245
2024-01-27 19:00:00,Shopping_Mall,500,259,Clear,30.85,0,0.446,241
2024-01-27 19:00:00,Residential_West,200,102,Clear,11.97,0,0.534,98
2024-01-27 19:00:00,Suburban_East,200,111,Foggy,19.53,0,0.483,89
2024-01-27 20:00:00,Downtown_A,200,103,Rainy,23.33,0,0.495,97
2024-01-27 20:00:00,Business_Hub,500,250,Snowy,12.06,0,0.535,250
2024-01-27 20:00:00,Shopping_Mall,500,249,Clear,21.84,0,0.478,251
2024-01-27 20:00:00,Residential_West,200,99,Clear,11.01,0,0.451,101
2024-01-27 20:00:00,Suburban_East,200,102,Foggy,27.33,0,0.576,98
2024-01-27 21:00:00,Downtown_A,200,95,Snowy,31.08,1,0.559,105
2024-01-27 21:00:00,Business_Hub,500,235,Foggy,19.34,0,0.42,265
2024-01-27 21:00:00,Shopping_Mall,500,245,Clear,17.28,0,0.494,255
2024-01-27 21:00:00,Residential_West,200,91,Foggy,29.64,0,0.428,109
2024-01-27 21:00:00,Suburban_East,200,95,Snowy,13.82,0,0.418,105
2024-01-27 22:00:00,Downtown_A,200,89,Foggy,23.3,0,0.402,111
2024-01-27 22:00:00,Business_Hub,500,230,Rainy,32.07,0,0.385,270
2024-01-27 22:00:00,Shopping_Mall,500,240,Foggy,20.01,0,0.41,260
2024-01-27 22:00:00,Residential_West,200,89,Rainy,27.16,0,0.415,111
2024-01-27 22:00:00,Suburban_East,200,87,Foggy,11.91,0,0.448,113
2024-01-27 23:00:00,Downtown_A,200,82,Rainy,25.38,1,0.492,118
2024-01-27 23:00:00,Business_Hub,500,239,Clear,19.13,0,0.467,261
2024-01-27 23:00:00,Shopping_Mall,500,234,Foggy,10.57,0,0.559,266
2024-01-27 23:00:00,Residential_West,200,81,Foggy,10.86,0,0.424,119
2024-01-27 23:00:00,Suburban_East,200,75,Snowy,20.95,0,0.467,125
2024-01-28 00:00:00,Downtown_A,200,72,Rainy,14.16,0,0.458,128
2024-01-28 00:00:00,Business_Hub,500,231,Foggy,10.55,0,0.408,269
2024-01-28 00:00:00,Shopping_Mall,500,223,Snowy,32.73,0,0.509,277
2024-01-28 00:00:00,Residential_West,200,80,Rainy,32.46,0,0.45,120
2024-01-28 00:00:00,Suburban_East,200,83,Rainy,11.91,0,0.326,117
2024-01-28 01:00:00,Downtown_A,200,83,Clear,12.06,0,0.42,117
2024-01-28 01:00:00,Business_Hub,500,234,Rainy,12.23,0,0.405,266
2024-01-28 01:00:00,Shopping_Mall,500,231,Rainy,28.06,0,0.381,269
2024-01-28 01:00:00,Residential_West,200,87,Clear,18.94,0,0.435,113
2024-01-28 01:00:00,Suburban_East,200,75,Clear,30.24,0,0.399,125
2024-01-28 02:00:00,Downtown_A,200,80,Rainy,19.12,0,0.488,120
2024-01-28 02:00:00,Business_Hub,500,242,Snowy,21.97,0,0.43,258
2024-01-28 02:00:00,Shopping_Mall,500,240,Clear,10.87,0,0.559,260
2024-01-28 02:00:00,Residential_West,200,81,Rainy,19.36,0,0.411,119
2024-01-28 02:00:00,Suburban_East,200,85,Foggy,19.81,0,0.351,115
2024-01-28 03:00:00,Downtown_A,200,97,Rainy,12.19,0,0.582,103
2024-01-28 03:00:00,Business_Hub,500,243,Foggy,33.0,1,0.443,257
2024-01-28 03:00:00,Shopping_Mall,500,240,Foggy,17.5,0,0.437,260
2024-01-28 03:00:00,Residential_West,200,96,Clear,27.64,0,0.514,104
2024-01-28 03:00:00,Suburban_East,200,95,Rainy,22.28,0,0.423,105
2024-01-28 04:00:00,Downtown_A,200,105,Foggy,28.48,0,0.609,95
2024-01-28 04:00:00,Business_Hub,500,247,Foggy,15.49,0,0.435,253
2024-01-28 04:00:00,Shopping_Mall,500,246,Foggy,14.6,1,0.439,254
2024-01-28 04:00:00,Residential_West,200,95,Rainy,31.85,0,0.523,105
2024-01-28 04:00:00,Suburban_East,200,98,Clear,12.5,0,0.423,102
2024-01-28 05:00:00,Downtown_A,200,110,Foggy,28.78,1,0.46,90
2024-01-28 05:00:00,Business_Hub,500,253,Rainy,34.59,0,0.516,247
2024-01-28 05:00:00,Shopping_Mall,500,257,Foggy,12.78,0,0.505,243
2024-01-28 05:00:00,Residential_West,200,115,Clear,25.38,0,0.617,85
2024-01-28 05:00:00,Suburban_East,200,117,Clear,31.07,0,0.51,83
2024-01-28 06:00:00,Downtown_A,200,117,Rainy,12.11,0,0.678,83
2024-01-28 06:00:00,Business_Hub,500,264,Foggy,29.6,0,0.535,236
2024-01-28 06:00:00,Shopping_Mall,500,272,Foggy,26.44,0,0.557,228
2024-01-28 06:00:00,Residential_West,200,129,Rainy,17.72,0,0.744,71
2024-01-28 06:00:00,Suburban_East,200,110,Rainy,22.26,0,0.619,90
2024-01-28 07:00:00,Downtown_A,200,121,Clear,25.22,0,0.6,79
2024-01-28 07:00:00,Business_Hub,500,274,Clear,14.86,0,0.644,226
2024-01-28 07:00:00,Shopping_Mall,500,268,Foggy,12.4,0,0.487,232
2024-01-28 07:00:00,Residential_West,200,129,Clear,15.11,0,0.631,71
2024-01-28 07:00:00,Suburban_East,200,138,Snowy,30.23,0,0.698,62
2024-01-28 08:00:00,Downtown_A,200,138,Clear,29.22,0,0.595,62
2024-01-28 08:00:00,Business_Hub,500,288,Rainy,16.3,0,0.516,212
2024-01-28 08:00:00,Shopping_Mall,500,282,Foggy,27.93,0,0.486,218
2024-01-28 08:00:00,Residential_West,200,135,Snowy,23.61,0,0.75,65
2024-01-28 08:00:00,Suburban_East,200,137,Snowy,20.07,0,0.708,63
2024-01-28 09:00:00,Downtown_A,200,149,Clear,30.33,0,0.75,51
2024-01-28 09:00:00,Business_Hub,500,302,Foggy,15.03,0,0.568,198
2024-01-28 09:00:00,Shopping_Mall,500,299,Rainy,29.04,0,0.53,201
2024-01-28 09:00:00,Residential_West,200,149,Snowy,16.73,0,0.68,51
2024-01-28 09:00:00,Suburban_East,200,147,Foggy,23.01,0,0.693,53
2024-01-28 10:00:00,Downtown_A,200,158,Snowy,27.44,0,0.789,42
2024-01-28 10:00:00,Business_Hub,500,312,Foggy,15.28,0,0.712,188
2024-01-28 10:00:00,Shopping_Mall,500,301,Snowy,33.45,0,0.62,199
2024-01-28 10:00:00,Residential_West,200,154,Foggy,31.37,0,0.677,46
2024-01-28 10:00:00,Suburban_East,200,151,Rainy,27.68,0,0.803,49
2024-01-28 11:00:00,Downtown_A,200,165,Rainy,33.05,0,0.901,35
2024-01-28 11:00:00,Business_Hub,500,317,Foggy,20.13,0,0.613,183
2024-01-28 11:00:00,Shopping_Mall,500,307,Snowy,19.4,0,0.586,193
2024-01-28 11:00:00,Residential_West,200,151,Snowy,33.73,0,0.805,49
2024-01-28 11:00:00,Suburban_East,200,154,Rainy,32.94,0,0.706,46
2024-01-28 12:00:00,Downtown_A,200,167,Foggy,20.64,0,0.863,33
2024-01-28 12:00:00,Business_Hub,500,309,Foggy,30.65,0,0.535,191
2024-01-28 12:00:00,Shopping_Mall,500,313,Clear,26.37,0,0.693,187
2024-01-28 12:00:00,Residential_West,200,158,Snowy,12.68,0,0.868,42
2024-01-28 12:00:00,Suburban_East,200,156,Snowy,21.21,0,0.707,44
2024-01-28 13:00:00,Downtown_A,200,159,Foggy,16.26,0,0.844,41
2024-01-28 13:00:00,Business_Hub,500,307,Foggy,18.67,0,0.694,193
2024-01-28 13:00:00,Shopping_Mall,500,307,Snowy,10.83,1,0.561,193
2024-01-28 13:00:00,Residential_West,200,160,Clear,19.83,0,0.751,40
2024-01-28 13:00:00,Suburban_East,200,155,Snowy,18.36,0,0.74,45
2024-01-28 14:00:00,Downtown_A,200,147,Foggy,15.52,0,0.797,53
2024-01-28 14:00:00,Business_Hub,500,303,Rainy,13.29,0,0.68,197
2024-01-28 14:00:00,Shopping_Mall,500,295,Rainy,27.49,0,0.604,205
2024-01-28 14:00:00,Residential_West,200,154,Foggy,30.53,0,0.809,46
2024-01-28 14:00:00,Suburban_East,200,152,Snowy,26.61,0,0.671,48
2024-01-28 15:00:00,Downtown_A,200,146,Snowy,27.82,1,0.775,54
2024-01-28 15:00:00,Business_Hub,500,300,Snowy,30.32,0,0.517,200
2024-01-28 15:00:00,Shopping_Mall,500,305,Rainy,11.82,0,0.662,195
2024-01-28 15:00:00,Residential_West,200,146,Clear,32.3,0,0.656,54
2024-01-28 15:00:00,Suburban_East,200,139,Snowy,33.54,0,0.664,61
2024-01-28 16:00:00,Downtown_A,200,143,Foggy,18.48,0,0.68,57
2024-01-28 16:00:00,Business_Hub,500,290,Snowy,29.34,0,0.488,210
2024-01-28 16:00:00,Shopping_Mall,500,283,Snowy,16.31,0,0.598,217
2024-01-28 16:00:00,Residential_West,200,138,Rainy,31.27,0,0.618,62
2024-01-28 16:00:00,Suburban_East,200,139,Rainy,20.98,0,0.612,61
2024-01-28 17:00:00,Downtown_A,200,128,Foggy,11.92,0,0.559,72
2024-01-28 17:00:00,Business_Hub,500,273,Foggy,14.08,0,0.453,227
2024-01-28 17:00:00,Shopping_Mall,500,274,Rainy,14.2,0,0.513,226
2024-01-28 17:00:00,Residential_West,200,130,Snowy,17.14,0,0.613,70
2024-01-28 17:00:00,Suburban_East,200,127,Rainy,18.73,0,0.634,73
2024-01-28 18:00:00,Downtown_A,200,125,Clear,28.43,0,0.643,75
2024-01-28 18:00:00,Business_Hub,500,270,Foggy,11.03,0,0.465,230
2024-01-28 18:00:00,Shopping_Mall,500,264,Rainy,22.25,0,0.481,236
2024-01-28 18:00:00,Residential_West,200,116,Foggy,13.6,0,0.491,84
2024-01-28 18:00:00,Suburban_East,200,123,Rainy,18.21,0,0.536,77
2024-01-28 19:00:00,Downtown_A,200,113,Foggy,30.55,0,0.554,87
2024-01-28 19:00:00,Business_Hub,500,257,Clear,17.19,1,0.417,243
2024-01-28 19:00:00,Shopping_Mall,500,252,Clear,19.2,0,0.412,248
2024-01-28 19:00:00,Residential_West,200,113,Clear,16.41,1,0.47,87
2024-01-28 19:00:00,Suburban_East,200,108,Clear,16.31,0,0.516,92
2024-01-28 20:00:00,Downtown_A,200,91,Rainy,17.04,0,0.473,109
2024-01-28 20:00:00,Business_Hub,500,247,Rainy,26.98,0,0.421,253
2024-01-28 20:00:00,Shopping_Mall,500,248,Clear,33.65,0,0.46,252
2024-01-28 20:00:00,Residential_West,200,96,Foggy,23.44,0,0.422,104
2024-01-28 20:00:00,Suburban_East,200,107,Rainy,15.54,0,0.55,93
2024-01-28 21:00:00,Downtown_A,200,93,Clear,22.19,0,0.519,107
2024-01-28 21:00:00,Business_Hub,500,244,Foggy,10.86,0,0.389,256
2024-01-28 21:00:00,Shopping_Mall,500,243,Foggy,21.68,0,0.57,257
2024-01-28 21:00:00,Residential_West,200,89,Clear,16.01,1,0.476,111
2024-01-28 21:00:00,Suburban_East,200,89,Foggy,18.28,1,0.494,111
2024-01-28 22:00:00,Downtown_A,200,91,Snowy,11.84,0,0.461,109
2024-01-28 22:00:00,Business_Hub,500,231,Foggy,33.44,0,0.527,269
2024-01-28 22:00:00,Shopping_Mall,500,243,Snowy,34.13,1,0.535,257
2024-01-28 22:00:00,Residential_West,200,88,Rainy,10.73,1,0.385,112
2024-01-28 22:00:00,Suburban_East,200,84,Rainy,18.11,0,0.332,116
2024-01-28 23:00:00,Downtown_A,200,73,Clear,19.79,1,0.387,127
2024-01-28 23:00:00,Business_Hub,500,232,Clear,25.55,0,0.561,268
2024-01-28 23:00:00,Shopping_Mall,500,224,Rainy,27.41,0,0.512,276
2024-01-28 23:00:00,Residential_West,200,88,Rainy,26.31,0,0.441,112
2024-01-28 23:00:00,Suburban_East,200,80,Foggy,21.5,0,0.351,120
2024-01-29 00:00:00,Downtown_A,200,58,Clear,30.56,1,0.34,142
2024-01-29 00:00:00,Business_Hub,500,215,Rainy,19.76,0,0.407,285
2024-01-29 00:00:00,Shopping_Mall,500,208,Snowy,27.39,0,0.444,292
2024-01-29 00:00:00,Residential_West,200,64,Rainy,28.94,0,0.366,136
2024-01-29 00:00:00,Suburban_East,200,66,Snowy,10.58,0,0.398,134
2024-01-29 01:00:00,Downtown_A,200,64,Rainy,10.61,0,0.418,136
2024-01-29 01:00:00,Business_Hub,500,210,Snowy,33.37,0,0.458,290
2024-01-29 01:00:00,Shopping_Mall,500,211,Snowy,16.69,0,0.444,289
2024-01-29 01:00:00,Residential_West,200,60,Rainy,20.37,1,0.253,140
2024-01-29 01:00:00,Suburban_East,200,62,Foggy,16.2,0,0.283,138
2024-01-29 02:00:00,Downtown_A,200,66,Clear,25.31,1,0.404,134
2024-01-29 02:00:00,Business_Hub,500,221,Rainy,27.25,0,0.506,279
2024-01-29 02:00:00,Shopping_Mall,500,203,Foggy,24.86,0,0.4,297
2024-01-29 02:00:00,Residential_West,200,64,Snowy,10.43,0,0.243,136
2024-01-29 02:00:00,Suburban_East,200,63,Snowy,28.11,0,0.375,137
2024-01-29 03:00:00,Downtown_A,200,61,Snowy,18.45,1,0.317,139
2024-01-29 03:00:00,Business_Hub,500,220,Foggy,34.08,0,0.399,280
2024-01-29 03:00:00,Shopping_Mall,500,224,Snowy,19.42,0,0.351,276
2024-01-29 03:00:00,Residential_West,200,76,Clear,15.18,0,0.356,124
2024-01-29 03:00:00,Suburban_East,200,72,Clear,32.69,0,0.39,128
2024-01-29 04:00:00,Downtown_A,200,79,Snowy,13.71,0,0.381,121
2024-01-29 04:00:00,Business_Hub,500,222,Rainy,14.81,0,0.537,278
2024-01-29 04:00:00,Shopping_Mall,500,229,Foggy,34.45,0,0.379,271
2024-01-29 04:00:00,Residential_West,200,82,Rainy,34.4,0,0.417,118
2024-01-29 04:00:00,Suburban_East,200,71,Snowy,19.84,0,0.372,129
2024-01-29 05:00:00,Downtown_A,200,92,Rainy,14.95,0,0.447,108
2024-01-29 05:00:00,Business_Hub,500,247,Rainy,30.53,0,0.472,253
2024-01-29 05:00:00,Shopping_Mall,500,247,Rainy,20.99,0,0.44,253
2024-01-29 05:00:00,Residential_West,200,90,Rainy,30.59,0,0.52,110
2024-01-29 05:00:00,Suburban_East,200,87,Foggy,21.27,0,0.477,113
2024-01-29 06:00:00,Downtown_A,200,100,Foggy,29.79,0,0.582,100
2024-01-29 06:00:00,Business_Hub,500,249,Clear,17.81,1,0.535,251
2024-01-29 06:00:00,Shopping_Mall,500,255,Clear,16.86,1,0.522,245
2024-01-29 06:00:00,Residential_West,200,106,Rainy,23.43,0,0.565,94
2024-01-29 06:00:00,Suburban_East,200,100,Clear,31.77,0,0.553,100
2024-01-29 07:00:00,Downtown_A,200,107,Foggy,34.88,0,0.459,93
2024-01-29 07:00:00,Business_Hub,500,259,Clear,24.83,0,0.556,241
2024-01-29 07:00:00,Shopping_Mall,500,261,Snowy,20.7,0,0.471,239
2024-01-29 07:00:00,Residential_West,200,105,Rainy,33.79,0,0.568,95
2024-01-29 07:00:00,Suburban_East,200,112,Clear,18.12,0,0.583,88
2024-01-29 08:00:00,Downtown_A,200,115,Foggy,14.12,0,0.618,85
2024-01-29 08:00:00,Business_Hub,500,274,Foggy,28.36,0,0.576,226
2024-01-29 08:00:00,Shopping_Mall,500,262,Foggy,34.55,0,0.464,238
2024-01-29 08:00:00,Residential_West,200,124,Snowy,27.26,0,0.554,76
2024-01-29 08:00:00,Suburban_East,200,115,Clear,19.04,0,0.494,85
2024-01-29 09:00:00,Downtown_A,200,119,Clear,12.19,0,0.498,81
2024-01-29 09:00:00,Business_Hub,500,275,Foggy,26.46,0,0.607,225
2024-01-29 09:00:00,Shopping_Mall,500,286,Snowy,33.9,0,0.555,214
2024-01-29 09:00:00,Residential_West,200,122,Foggy,24.17,1,0.586,78
2024-01-29 09:00:00,Suburban_East,200,134,Rainy,14.29,0,0.624,66
2024-01-29 10:00:00,Downtown_A,200,128,Foggy,32.69,0,0.667,72
2024-01-29 10:00:00,Business_Hub,500,285,Rainy,14.52,0,0.609,215
2024-01-29 10:00:00,Shopping_Mall,500,279,Foggy,15.78,1,0.621,221
2024-01-29 10:00:00,Residential_West,200,131,Clear,32.71,0,0.574,69
2024-01-29 10:00:00,Suburban_East,200,129,Foggy,10.0,0,0.671,71
2024-01-29 11:00:00,Downtown_A,200,147,Snowy,17.34,0,0.812,53
2024-01-29 11:00:00,Business_Hub,500,282,Foggy,31.15,0,0.59,218
2024-01-29 11:00:00,Shopping_Mall,500,279,Rainy,22.56,0,0.559,221
2024-01-29 11:00:00,Residential_West,200,134,Foggy,29.92,0,0.689,66
2024-01-29 11:00:00,Suburban_East,200,142,Foggy,32.65,0,0.668,58
2024-01-29 12:00:00,Downtown_A,200,141,Clear,23.95,1,0.642,59
2024-01-29 12:00:00,Business_Hub,500,290,Snowy,34.26,0,0.5,210
2024-01-29 12:00:00,Shopping_Mall,500,292,Rainy,10.29,0,0.561,208
2024-01-29 12:00:00,Residential_West,200,129,Snowy,18.63,0,0.626,71
2024-01-29 12:00:00,Suburban_East,200,134,Rainy,22.66,0,0.586,66
2024-01-29 13:00:00,Downtown_A,200,139,Rainy,34.58,0,0.682,61
2024-01-29 13:00:00,Business_Hub,500,279,Snowy,30.63,0,0.627,221
2024-01-29 13:00:00,Shopping_Mall,500,293,Rainy,10.42,0,0.558,207
2024-01-29 13:00:00,Residential_West,200,132,Foggy,10.09,0,0.646,68
2024-01-29 13:00:00,Suburban_East,200,142,Clear,20.51,0,0.686,58
2024-01-29 14:00:00,Downtown_A,200,132,Clear,15.95,0,0.656,68
2024-01-29 14:00:00,Business_Hub,500,282,Foggy,23.16,0,0.488,218
2024-01-29 14:00:00,Shopping_Mall,500,283,Foggy,18.84,0,0.474,217
2024-01-29 14:00:00,Residential_West,200,136,Rainy,17.73,0,0.698,64
2024-01-29 14:00:00,Suburban_East,200,133,Foggy,17.04,1,0.661,67
2024-01-29 15:00:00,Downtown_A,200,122,Foggy,24.55,0,0.592,78
2024-01-29 15:00:00,Business_Hub,500,270,Snowy,23.23,0,0.616,230
2024-01-29 15:00:00,Shopping_Mall,500,267,Clear,32.51,0,0.487,233
2024-01-29 15:00:00,Residential_West,200,134,Clear,22.64,0,0.726,66
2024-01-29 15:00:00,Suburban_East,200,133,Foggy,28.21,0,0.756,67
2024-01-29 16:00:00,Downtown_A,200,114,Rainy,11.95,0,0.519,86
2024-01-29 16:00:00,Business_Hub,500,274,Clear,24.97,0,0.497,226
2024-01-29 16:00:00,Shopping_Mall,500,262,Clear,21.36,0,0.567,238
2024-01-29 16:00:00,Residential_West,200,123,Rainy,27.39,0,0.622,77
2024-01-29 16:00:00,Suburban_East,200,115,Foggy,22.5,0,0.554,85
2024-01-29 17:00:00,Downtown_A,200,118,Foggy,33.44,0,0.555,82
2024-01-29 17:00:00,Business_Hub,500,265,Snowy,22.55,0,0.462,235
2024-01-29 17:00:00,Shopping_Mall,500,258,Clear,26.87,0,0.447,242
2024-01-29 17:00:00,Residential_West,200,114,Snowy,24.7,0,0.479,86
2024-01-29 17:00:00,Suburban_East,200,104,Snowy,11.71,0,0.487,96
2024-01-29 18:00:00,Downtown_A,200,102,Foggy,20.01,0,0.458,98
2024-01-29 18:00:00,Business_Hub,500,246,Rainy,30.39,0,0.546,254
2024-01-29 18:00:00,Shopping_Mall,500,248,Rainy,33.16,0,0.481,252
2024-01-29 18:00:00,Residential_West,200,97,Foggy,20.79,0,0.53,103
2024-01-29 18:00:00,Suburban_East,200,101,Foggy,15.31,0,0.507,99
2024-01-29 19:00:00,Downtown_A,200,90,Rainy,19.88,0,0.473,110
2024-01-29 19:00:00,Business_Hub,500,238,Clear,14.47,0,0.444,262
2024-01-29 19:00:00,Shopping_Mall,500,235,Snowy,27.85,0,0.443,265
2024-01-29 19:00:00,Residential_West,200,82,Foggy,33.11,0,0.384,118
2024-01-29 19:00:00,Suburban_East,200,87,Foggy,31.99,0,0.349,113
2024-01-29 20:00:00,Downtown_A,200,79,Rainy,16.49,0,0.47,121
2024-01-29 20:00:00,Business_Hub,500,241,Clear,12.79,0,0.43,259
2024-01-29 20:00:00,Shopping_Mall,500,232,Foggy,34.05,0,0.473,268
2024-01-29 20:00:00,Residential_West,200,82,Rainy,12.71,1,0.421,118
2024-01-29 20:00:00,Suburban_East,200,83,Rainy,30.89,0,0.378,117
2024-01-29 21:00:00,Downtown_A,200,78,Snowy,19.57,0,0.293,122
2024-01-29 21:00:00,Business_Hub,500,229,Rainy,19.2,0,0.467,271
2024-01-29 21:00:00,Shopping_Mall,500,220,Snowy,22.28,0,0.51,280
2024-01-29 21:00:00,Residential_West,200,69,Clear,32.94,0,0.276,131
2024-01-29 21:00:00,Suburban_East,200,66,Foggy,23.34,0,0.245,134
2024-01-29 22:00:00,Downtown_A,200,69,Rainy,13.89,0,0.347,131
2024-01-29 22:00:00,Business_Hub,500,219,Rainy,34.91,0,0.522,281
2024-01-29 22:00:00,Shopping_Mall,500,210,Rainy,15.53,0,0.499,290
2024-01-29 22:00:00,Residential_West,200,62,Clear,31.26,0,0.27,138
2024-01-29 22:00:00,Suburban_East,200,74,Rainy,15.58,0,0.379,126
2024-01-29 23:00:00,Downtown_A,200,61,Rainy,14.07,0,0.224,139
2024-01-29 23:00:00,Business_Hub,500,210,Clear,34.56,0,0.396,290
2024-01-29 23:00:00,Shopping_Mall,500,209,Snowy,11.32,0,0.422,291
2024-01-29 23:00:00,Residential_West,200,68,Snowy,11.12,0,0.395,132
2024-01-29 23:00:00,Suburban_East,200,67,Snowy,15.38,0,0.282,133
2024-01-30 00:00:00,Downtown_A,200,60,Clear,20.35,0,0.269,140
2024-01-30 00:00:00,Business_Hub,500,202,Rainy,18.4,0,0.355,298
2024-01-30 00:00:00,Shopping_Mall,500,208,Snowy,29.49,0,0.506,292
2024-01-30 00:00:00,Residential_West,200,59,Snowy,22.08,0,0.225,141
2024-01-30 00:00:00,Suburban_East,200,68,Snowy,21.26,0,0.353,132
2024-01-30 01:00:00,Downtown_A,200,61,Rainy,12.4,0,0.277,139
2024-01-30 01:00:00,Business_Hub,500,217,Snowy,31.5,0,0.349,283
2024-01-30 01:00:00,Shopping_Mall,500,211,Foggy,31.13,0,0.503,289
2024-01-30 01:00:00,Residential_West,200,63,Foggy,14.39,0,0.404,137
2024-01-30 01:00:00,Suburban_East,200,61,Clear,10.52,0,0.383,139
2024-01-30 02:00:00,Downtown_A,200,79,Clear,22.93,0,0.296,121
2024-01-30 02:00:00,Business_Hub,500,217,Rainy,31.73,0,0.487,283
2024-01-30 02:00:00,Shopping_Mall,500,212,Rainy,29.8,0,0.45,288
2024-01-30 02:00:00,Residential_West,200,63,Snowy,17.77,1,0.351,137
2024-01-30 02:00:00,Suburban_East,200,68,Rainy,33.92,0,0.325,132
2024-01-30 03:00:00,Downtown_A,200,78,Snowy,33.26,0,0.324,122
2024-01-30 03:00:00,Business_Hub,500,217,Foggy,28.23,0,0.393,283
2024-01-30 03:00:00,Shopping_Mall,500,217,Rainy,17.91,0,0.465,283
2024-01-30 03:00:00,Residential_West,200,74,Clear,11.45,0,0.403,126
2024-01-30 03:00:00,Suburban_East,200,68,Clear,31.29,0,0.298,132
2024-01-30 04:00:00,Downtown_A,200,81,Clear,28.07,0,0.453,119
2024-01-30 04:00:00,Business_Hub,500,224,Foggy,22.03,0,0.465,276
2024-01-30 04:00:00,Shopping_Mall,500,229,Snowy,33.17,0,0.541,271
2024-01-30 04:00:00,Residential_West,200,69,Snowy,17.44,0,0.298,131
2024-01-30 04:00:00,Suburban_East,200,74,Clear,33.03,0,0.394,126
2024-01-30 05:00:00,Downtown_A,200,82,Rainy,11.19,0,0.471,118
2024-01-30 05:00:00,Business_Hub,500,251,Clear,18.01,0,0.413,249
2024-01-30 05:00:00,Shopping_Mall,500,244,Foggy,22.51,0,0.434,256
2024-01-30 05:00:00,Residential_West,200,90,Snowy,14.93,0,0.453,110
2024-01-30 05:00:00,Suburban_East,200,95,Clear,23.11,0,0.39,105
2024-01-30 06:00:00,Downtown_A,200,100,Rainy,16.21,0,0.437,100
2024-01-30 06:00:00,Business_Hub,500,248,Snowy,27.05,0,0.545,252
2024-01-30 06:00:00,Shopping_Mall,500,254,Clear,21.95,0,0.512,246
2024-01-30 06:00:00,Residential_West,200,99,Clear,23.21,0,0.527,101
2024-01-30 06:00:00,Suburban_East,200,100,Clear,24.44,0,0.448,100
2024-01-30 07:00:00,Downtown_A,200,102,Snowy,26.22,0,0.451,98
2024-01-30 07:00:00,Business_Hub,500,249,Rainy,20.32,1,0.528,251
2024-01-30 07:00:00,Shopping_Mall,500,264,Snowy,20.88,0,0.508,236
2024-01-30 07:00:00,Residential_West,200,90,Snowy,14.07,0,0.468,110
2024-01-30 07:00:00,Suburban_East,200,104,Foggy,24.59,0,0.592,96
2024-01-30 08:00:00,Downtown_A,200,115,Snowy,11.92,0,0.504,85
2024-01-30 08:00:00,Business_Hub,500,267,Clear,27.5,0,0.535,233
2024-01-30 08:00:00,Shopping_Mall,500,271,Foggy,18.56,0,0.635,229
2024-01-30 08:00:00,Residential_West,200,121,Rainy,27.04,0,0.615,79
2024-01-30 08:00:00,Suburban_East,200,118,Clear,20.17,0,0.607,82
2024-01-30 09:00:00,Downtown_A,200,132,Snowy,30.44,0,0.661,68
2024-01-30 09:00:00,Business_Hub,500,271,Foggy,20.72,0,0.466,229
2024-01-30 09:00:00,Shopping_Mall,500,278,Rainy,12.67,0,0.48,222
2024-01-30 09:00:00,Residential_West,200,126,Snowy,31.78,0,0.645,74
2024-01-30 09:00:00,Suburban_East,200,128,Foggy,26.81,0,0.659,72
2024-01-30 10:00:00,Downtown_A,200,136,Rainy,12.03,0,0.729,64
2024-01-30 10:00:00,Business_Hub,500,286,Foggy,18.19,0,0.5,214
2024-01-30 10:00:00,Shopping_Mall,500,285,Rainy,32.31,0,0.611,215
2024-01-30 10:00:00,Residential_West,200,134,Snowy,17.12,0,0.712,66
2024-01-30 10:00:00,Suburban_East,200,129,Foggy,32.16,0,0.631,71
2024-01-30 11:00:00,Downtown_A,200,134,Snowy,15.34,0,0.713,66
2024-01-30 11:00:00,Business_Hub,500,292,Snowy,24.02,1,0.487,208
2024-01-30 11:00:00,Shopping_Mall,500,290,Clear,20.82,0,0.642,210
2024-01-30 11:00:00,Residential_West,200,138,Foggy,24.34,0,0.752,62
2024-01-30 11:00:00,Suburban_East,200,130,Foggy,34.32,0,0.605,70
2024-01-30 12:00:00,Downtown_A,200,135,Foggy,31.29,0,0.697,65
2024-01-30 12:00:00,Business_Hub,500,286,Foggy,26.55,0,0.542,214
2024-01-30 12:00:00,Shopping_Mall,500,292,Clear,19.18,0,0.657,208
2024-01-30 12:00:00,Residential_West,200,139,Rainy,27.06,1,0.652,61
2024-01-30 12:00:00,Suburban_East,200,137,Snowy,24.28,0,0.765,63
2024-01-30 13:00:00,Downtown_A,200,137,Foggy,14.99,0,0.766,63
2024-01-30 13:00:00,Business_Hub,500,273,Foggy,14.92,0,0.512,227
2024-01-30 13:00:00,Shopping_Mall,500,285,Snowy,28.36,0,0.629,215
2024-01-30 13:00:00,Residential_West,200,142,Snowy,15.9,0,0.643,58
2024-01-30 13:00:00,Suburban_East,200,137,Snowy,17.87,0,0.653,63
2024-01-30 14:00:00,Downtown_A,200,126,Clear,25.62,0,0.582,74
2024-01-30 14:00:00,Business_Hub,500,283,Rainy,19.13,0,0.661,217
2024-01-30 14:00:00,Shopping_Mall,500,283,Foggy,25.02,1,0.64,217
2024-01-30 14:00:00,Residential_West,200,133,Rainy,12.08,0,0.69,67
2024-01-30 14:00:00,Suburban_East,200,128,Rainy,11.98,0,0.58,72
2024-01-30 15:00:00,Downtown_A,200,127,Snowy,28.5,0,0.675,73
2024-01-30 15:00:00,Business_Hub,500,280,Rainy,25.54,0,0.567,220
2024-01-30 15:00:00,Shopping_Mall,500,282,Snowy,30.05,0,0.658,218
2024-01-30 15:00:00,Residential_West,200,122,Snowy,17.97,0,0.691,78
2024-01-30 15:00:00,Suburban_East,200,131,Foggy,33.85,0,0.594,69
2024-01-30 16:00:00,Downtown_A,200,114,Clear,16.15,0,0.648,86
2024-01-30 16:00:00,Business_Hub,500,265,Snowy,12.32,0,0.451,235
2024-01-30 16:00:00,Shopping_Mall,500,271,Foggy,15.32,0,0.574,229
2024-01-30 16:00:00,Residential_West,200,110,Rainy,32.23,0,0.558,90
2024-01-30 16:00:00,Suburban_East,200,109,Foggy,30.39,0,0.632,91
2024-01-30 17:00:00,Downtown_A,200,105,Snowy,12.9,0,0.444,95
2024-01-30 17:00:00,Business_Hub,500,261,Rainy,26.43,0,0.569,239
2024-01-30 17:00:00,Shopping_Mall,500,257,Rainy,29.73,0,0.452,243
2024-01-30 17:00:00,Residential_West,200,112,Rainy,23.66,0,0.592,88
2024-01-30 17:00:00,Suburban_East,200,112,Foggy,31.2,0,0.521,88
2024-01-30 18:00:00,Downtown_A,200,101,Snowy,29.0,0,0.51,99
2024-01-30 18:00:00,Business_Hub,500,263,Clear,24.27,1,0.565,237
2024-01-30 18:00:00,Shopping_Mall,500,244,Foggy,33.26,0,0.503,256
2024-01-30 18:00:00,Residential_West,200,100,Clear,12.11,0,0.498,100
2024-01-30 18:00:00,Suburban_East,200,100,Foggy,24.75,0,0.415,100
2024-01-30 19:00:00,Downtown_A,200,91,Rainy,30.31,0,0.36,109
2024-01-30 19:00:00,Business_Hub,500,242,Foggy,10.01,0,0.534,258
2024-01-30 19:00:00,Shopping_Mall,500,239,Rainy,18.04,0,0.387,261
2024-01-30 19:00:00,Residential_West,200,86,Foggy,17.61,0,0.405,114
2024-01-30 19:00:00,Suburban_East,200,87,Rainy,12.58,1,0.348,113
2024-01-30 20:00:00,Downtown_A,200,87,Rainy,23.13,0,0.494,113
2024-01-30 20:00:00,Business_Hub,500,231,Clear,27.08,1,0.371,269
2024-01-30 20:00:00,Shopping_Mall,500,233,Rainy,26.13,0,0.553,267
2024-01-30 20:00:00,Residential_West,200,77,Foggy,30.79,0,0.411,123
2024-01-30 20:00:00,Suburban_East,200,72,Foggy,21.4,0,0.275,128
2024-01-30 21:00:00,Downtown_A,200,78,Rainy,30.72,0,0.297,122
2024-01-30 21:00:00,Business_Hub,500,216,Clear,28.02,0,0.512,284
2024-01-30 21:00:00,Shopping_Mall,500,231,Rainy,23.59,0,0.393,269
2024-01-30 21:00:00,Residential_West,200,72,Clear,14.2,0,0.294,128
2024-01-30 21:00:00,Suburban_East,200,64,Snowy,18.11,0,0.361,136
2024-01-30 22:00:00,Downtown_A,200,68,Rainy,19.36,0,0.285,132
2024-01-30 22:00:00,Business_Hub,500,218,Foggy,24.08,0,0.524,282
2024-01-30 22:00:00,Shopping_Mall,500,218,Snowy,12.81,0,0.476,282
2024-01-30 22:00:00,Residential_West,200,69,Foggy,26.75,0,0.431,131
2024-01-30 22:00:00,Suburban_East,200,62,Rainy,24.28,0,0.239,138
2024-01-30 23:00:00,Downtown_A,200,54,Foggy,29.66,0,0.246,146
2024-01-30 23:00:00,Business_Hub,500,213,Snowy,11.74,0,0.465,287
2024-01-30 23:00:00,Shopping_Mall,500,216,Rainy,32.88,0,0.34,284
2024-01-30 23:00:00,Residential_West,200,61,Snowy,29.36,0,0.399,139
2024-01-30 23:00:00,Suburban_East,200,61,Snowy,10.1,0,0.292,139
2024-01-31 00:00:00,Downtown_A,200,51,Foggy,21.99,0,0.307,149
2024-01-31 00:00:00,Business_Hub,500,206,Snowy,17.63,0,0.448,294
2024-01-31 00:00:00,Shopping_Mall,500,207,Clear,18.26,0,0.512,293
2024-01-31 00:00:00,Residential_West,200,53,Clear,18.81,0,0.179,147
2024-01-31 00:00:00,Suburban_East,200,58,Rainy,10.65,0,0.211,142
2024-01-31 01:00:00,Downtown_A,200,55,Clear,28.1,0,0.352,145
2024-01-31 01:00:00,Business_Hub,500,207,Rainy,25.46,0,0.419,293
2024-01-31 01:00:00,Shopping_Mall,500,210,Clear,28.77,0,0.41,290
2024-01-31 01:00:00,Residential_West,200,57,Snowy,10.05,0,0.324,143
2024-01-31 01:00:00,Suburban_East,200,62,Snowy,18.87,0,0.299,138
2024-01-31 02:00:00,Downtown_A,200,69,Rainy,24.05,0,0.364,131
2024-01-31 02:00:00,Business_Hub,500,215,Snowy,23.14,0,0.52,285
2024-01-31 02:00:00,Shopping_Mall,500,224,Snowy,12.32,0,0.494,276
2024-01-31 02:00:00,Residential_West,200,72,Rainy,20.11,0,0.294,128
2024-01-31 02:00:00,Suburban_East,200,55,Rainy,28.5,0,0.22,145
2024-01-31 03:00:00,Downtown_A,200,73,Foggy,30.5,1,0.405,127
2024-01-31 03:00:00,Business_Hub,500,223,Snowy,22.67,0,0.431,277
2024-01-31 03:00:00,Shopping_Mall,500,215,Clear,34.24,0,0.37,285
2024-01-31 03:00:00,Residential_West,200,75,Foggy,26.31,0,0.353,125
2024-01-31 03:00:00,Suburban_East,200,75,Snowy,17.31,0,0.436,125
2024-01-31 04:00:00,Downtown_A,200,76,Snowy,31.07,0,0.378,124
2024-01-31 04:00:00,Business_Hub,500,221,Snowy,20.22,0,0.416,279
2024-01-31 04:00:00,Shopping_Mall,500,227,Clear,20.9,0,0.398,273
2024-01-31 04:00:00,Residential_West,200,81,Foggy,18.1,0,0.358,119
2024-01-31 04:00:00,Suburban_East,200,73,Rainy,17.46,0,0.409,127
2024-01-31 05:00:00,Downtown_A,200,92,Rainy,32.08,0,0.408,108
2024-01-31 05:00:00,Business_Hub,500,244,Clear,13.21,0,0.552,256
2024-01-31 05:00:00,Shopping_Mall,500,241,Foggy,11.55,0,0.477,259
2024-01-31 05:00:00,Residential_West,200,91,Clear,19.88,0,0.355,109
2024-01-31 05:00:00,Suburban_East,200,87,Foggy,22.65,0,0.523,113
2024-01-31 06:00:00,Downtown_A,200,99,Snowy,27.46,0,0.517,101
2024-01-31 06:00:00,Business_Hub,500,258,Snowy,25.34,0,0.419,242
2024-01-31 06:00:00,Shopping_Mall,500,257,Foggy,22.05,0,0.524,243
2024-01-31 06:00:00,Residential_West,200,100,Foggy,25.26,0,0.498,100
2024-01-31 06:00:00,Suburban_East,200,95,Clear,25.45,0,0.378,105
2024-01-31 07:00:00,Downtown_A,200,107,Rainy,21.11,0,0.478,93
2024-01-31 07:00:00,Business_Hub,500,269,Snowy,26.05,0,0.565,231
2024-01-31 07:00:00,Shopping_Mall,500,257,Foggy,13.88,0,0.522,243
2024-01-31 07:00:00,Residential_West,200,102,Foggy,27.91,0,0.456,98
2024-01-31 07:00:00,Suburban_East,200,106,Clear,32.95,0,0.579,94
2024-01-31 08:00:00,Downtown_A,200,114,Clear,30.57,0,0.511,86
2024-01-31 08:00:00,Business_Hub,500,273,Rainy,30.38,0,0.613,227
2024-01-31 08:00:00,Shopping_Mall,500,272,Foggy,16.69,0,0.492,228
2024-01-31 08:00:00,Residential_West,200,119,Rainy,18.76,0,0.614,81
2024-01-31 08:00:00,Suburban_East,200,117,Snowy,18.33,0,0.641,83
2024-01-31 09:00:00,Downtown_A,200,139,Foggy,29.59,0,0.603,61
2024-01-31 09:00:00,Business_Hub,500,278,Foggy,15.5,0,0.584,222
2024-01-31 09:00:00,Shopping_Mall,500,279,Rainy,11.64,0,0.653,221
2024-01-31 09:00:00,Residential_West,200,131,Snowy,32.08,0,0.613,69
2024-01-31 09:00:00,Suburban_East,200,133,Foggy,18.73,0,0.688,67
2024-01-31 10:00:00,Downtown_A,200,134,Clear,18.79,0,0.649,66
2024-01-31 10:00:00,Business_Hub,500,288,Foggy,17.39,1,0.503,212
2024-01-31 10:00:00,Shopping_Mall,500,283,Clear,27.68,0,0.496,217
2024-01-31 10:00:00,Residential_West,200,134,Snowy,34.9,0,0.721,66
2024-01-31 10:00:00,Suburban_East,200,122,Rainy,33.93,0,0.631,78
2024-01-31 11:00:00,Downtown_A,200,136,Foggy,32.41,0,0.715,64
2024-01-31 11:00:00,Business_Hub,500,286,Foggy,21.28,0,0.5,214
2024-01-31 11:00:00,Shopping_Mall,500,287,Snowy,13.92,0,0.489,213
2024-01-31 11:00:00,Residential_West,200,137,Clear,14.9,1,0.691,63
2024-01-31 11:00:00,Suburban_East,200,135,Rainy,13.64,0,0.635,65
2024-01-31 12:00:00,Downtown_A,200,136,Foggy,19.44,1,0.673,64
2024-01-31 12:00:00,Business_Hub,500,290,Rainy,19.18,0,0.545,210
2024-01-31 12:00:00,Shopping_Mall,500,288,Clear,13.39,0,0.554,212
2024-01-31 12:00:00,Residential_West,200,129,Rainy,27.26,0,0.607,71
2024-01-31 12:00:00,Suburban_East,200,144,Rainy,18.28,1,0.76,56
2024-01-31 13:00:00,Downtown_A,200,139,Foggy,23.15,0,0.666,61
2024-01-31 13:00:00,Business_Hub,500,274,Snowy,22.98,0,0.569,226
2024-01-31 13:00:00,Shopping_Mall,500,298,Rainy,33.02,0,0.672,202
2024-01-31 13:00:00,Residential_West,200,146,Foggy,22.02,0,0.731,54
2024-01-31 13:00:00,Suburban_East,200,143,Foggy,20.02,0,0.635,57
2024-01-31 14:00:00,Downtown_A,200,144,Clear,21.03,0,0.808,56
2024-01-31 14:00:00,Business_Hub,500,287,Rainy,24.03,0,0.502,213
2024-01-31 14:00:00,Shopping_Mall,500,290,Rainy,14.76,0,0.517,210
2024-01-31 14:00:00,Residential_West,200,133,Snowy,22.72,0,0.756,67
2024-01-31 14:00:00,Suburban_East,200,131,Foggy,20.17,0,0.736,69
2024-01-31 15:00:00,Downtown_A,200,116,Snowy,33.71,0,0.619,84
2024-01-31 15:00:00,Business_Hub,500,285,Snowy,12.22,0,0.582,215
2024-01-31 15:00:00,Shopping_Mall,500,278,Clear,22.35,0,0.58,222
2024-01-31 15:00:00,Residential_West,200,117,Rainy,19.55,0,0.507,83
2024-01-31 15:00:00,Suburban_East,200,134,Snowy,18.88,0,0.573,66
2024-01-31 16:00:00,Downtown_A,200,120,Clear,31.49,1,0.628,80
2024-01-31 16:00:00,Business_Hub,500,270,Foggy,25.05,0,0.549,230
2024-01-31 16:00:00,Shopping_Mall,500,270,Snowy,32.44,0,0.596,230
2024-01-31 16:00:00,Residential_West,200,121,Snowy,21.48,0,0.627,79
2024-01-31 16:00:00,Suburban_East,200,120,Snowy,31.08,0,0.6,80
2024-01-31 17:00:00,Downtown_A,200,109,Clear,16.63,0,0.592,91
2024-01-31 17:00:00,Business_Hub,500,250,Clear,16.27,0,0.528,250
2024-01-31 17:00:00,Shopping_Mall,500,264,Clear,29.56,0,0.528,236
2024-01-31 17:00:00,Residential_West,200,109,Rainy,31.22,0,0.613,91
2024-01-31 17:00:00,Suburban_East,200,109,Clear,22.68,0,0.586,91
2024-01-31 18:00:00,Downtown_A,200,96,Foggy,24.5,0,0.475,104
2024-01-31 18:00:00,Business_Hub,500,249,Snowy,28.91,0,0.472,251
2024-01-31 18:00:00,Shopping_Mall,500,245,Rainy,15.53,0,0.475,255
2024-01-31 18:00:00,Residential_West,200,107,Clear,25.2,1,0.599,93
2024-01-31 18:00:00,Suburban_East,200,99,Foggy,33.79,0,0.489,101
2024-01-31 19:00:00,Downtown_A,200,91,Foggy,28.66,0,0.444,109
2024-01-31 19:00:00,Business_Hub,500,250,Rainy,21.3,0,0.491,250
2024-01-31 19:00:00,Shopping_Mall,500,236,Rainy,30.57,0,0.382,264
2024-01-31 19:00:00,Residential_West,200,78,Rainy,13.59,0,0.311,122
2024-01-31 19:00:00,Suburban_East,200,91,Snowy,18.69,1,0.53,109
2024-01-31 20:00:00,Downtown_A,200,74,Rainy,15.93,0,0.384,126
2024-01-31 20:00:00,Business_Hub,500,226,Rainy,32.97,0,0.55,274
2024-01-31 20:00:00,Shopping_Mall,500,229,Snowy,31.42,0,0.448,271
2024-01-31 20:00:00,Residential_West,200,84,Clear,22.65,0,0.492,116
2024-01-31 20:00:00,Suburban_East,200,93,Clear,30.26,0,0.369,107
2024-01-31 21:00:00,Downtown_A,200,74,Foggy,24.21,0,0.445,126
2024-01-31 21:00:00,Business_Hub,500,222,Rainy,21.84,0,0.4,278
2024-01-31 21:00:00,Shopping_Mall,500,218,Snowy,24.78,1,0.406,282
2024-01-31 21:00:00,Residential_West,200,72,Foggy,13.08,0,0.401,128
2024-01-31 21:00:00,Suburban_East,200,70,Rainy,19.0,0,0.254,130
2024-01-31 22:00:00,Downtown_A,200,60,Clear,21.61,0,0.359,140
2024-01-31 22:00:00,Business_Hub,500,216,Foggy,19.53,0,0.435,284
2024-01-31 22:00:00,Shopping_Mall,500,217,Rainy,25.06,0,0.481,283
2024-01-31 22:00:00,Residential_West,200,65,Snowy,28.36,0,0.264,135
2024-01-31 22:00:00,Suburban_East,200,56,Snowy,29.35,0,0.25,144
2024-01-31 23:00:00,Downtown_A,200,62,Rainy,32.51,0,0.262,138
2024-01-31 23:00:00,Business_Hub,500,213,Snowy,22.86,0,0.474,287
2024-01-31 23:00:00,Shopping_Mall,500,209,Snowy,25.36,0,0.446,291
2024-01-31 23:00:00,Residential_West,200,55,Rainy,18.58,0,0.271,145
2024-01-31 23:00:00,Suburban_East,200,63,Rainy,18.34,0,0.357,137
2024-02-01 00:00:00,Downtown_A,200,58,Rainy,11.31,1,0.324,142
2024-02-01 00:00:00,Business_Hub,500,209,Rainy,16.59,0,0.507,291
2024-02-01 00:00:00,Shopping_Mall,500,216,Clear,17.61,0,0.391,284
2024-02-01 00:00:00,Residential_West,200,56,Snowy,28.12,0,0.277,144
2024-02-01 00:00:00,Suburban_East,200,65,Rainy,24.16,0,0.295,135
2024-02-01 01:00:00,Downtown_A,200,63,Foggy,29.21,0,0.313,137
2024-02-01 01:00:00,Business_Hub,500,214,Snowy,25.37,0,0.494,286
2024-02-01 01:00:00,Shopping_Mall,500,215,Foggy,30.85,0,0.441,285
2024-02-01 01:00:00,Residential_West,200,67,Clear,18.76,1,0.251,133
2024-02-01 01:00:00,Suburban_East,200,57,Foggy,17.12,0,0.298,143
2024-02-01 02:00:00,Downtown_A,200,58,Rainy,31.31,0,0.246,142
2024-02-01 02:00:00,Business_Hub,500,218,Foggy,32.74,0,0.53,282
2024-02-01 02:00:00,Shopping_Mall,500,226,Foggy,23.83,0,0.416,274
2024-02-01 02:00:00,Residential_West,200,60,Snowy,15.66,1,0.326,140
2024-02-01 02:00:00,Suburban_East,200,58,Clear,26.78,0,0.331,142
2024-02-01 03:00:00,Downtown_A,200,70,Clear,11.61,0,0.432,130
2024-02-01 03:00:00,Business_Hub,500,216,Foggy,26.28,0,0.426,284
2024-02-01 03:00:00,Shopping_Mall,500,223,Snowy,15.87,0,0.399,277
2024-02-01 03:00:00,Residential_West,200,66,Rainy,32.62,1,0.373,134
2024-02-01 03:00:00,Suburban_East,200,70,Foggy,15.85,0,0.323,130
2024-02-01 04:00:00,Downtown_A,200,79,Rainy,15.09,0,0.381,121
2024-02-01 04:00:00,Business_Hub,500,228,Foggy,27.88,0,0.4,272
2024-02-01 04:00:00,Shopping_Mall,500,229,Foggy,31.95,0,0.429,271
2024-02-01 04:00:00,Residential_West,200,71,Rainy,25.34,0,0.301,129
2024-02-01 04:00:00,Suburban_East,200,89,Foggy,33.54,0,0.426,111
2024-02-01 05:00:00,Downtown_A,200,91,Snowy,13.8,0,0.526,109
2024-02-01 05:00:00,Business_Hub,500,240,Clear,19.89,0,0.461,260
2024-02-01 05:00:00,Shopping_Mall,500,230,Foggy,28.29,0,0.381,270
2024-02-01 05:00:00,Residential_West,200,85,Clear,29.54,0,0.423,115
2024-02-01 05:00:00,Suburban_East,200,85,Snowy,26.37,0,0.483,115
2024-02-01 06:00:00,Downtown_A,200,90,Rainy,18.1,0,0.455,110
2024-02-01 06:00:00,Business_Hub,500,251,Foggy,33.53,0,0.525,249
2024-02-01 06:00:00,Shopping_Mall,500,252,Rainy,25.83,0,0.425,248
2024-02-01 06:00:00,Residential_West,200,95,Foggy,19.52,1,0.493,105
2024-02-01 06:00:00,Suburban_East,200,99,Rainy,32.74,1,0.581,101
2024-02-01 07:00:00,Downtown_A,200,108,Clear,14.22,0,0.464,92
2024-02-01 07:00:00,Business_Hub,500,263,Foggy,27.34,0,0.447,237
2024-02-01 07:00:00,Shopping_Mall,500,261,Foggy,32.05,0,0.525,239
2024-02-01 07:00:00,Residential_West,200,110,Snowy,18.11,0,0.582,90
2024-02-01 07:00:00,Suburban_East,200,113,Snowy,19.89,0,0.595,87
2024-02-01 08:00:00,Downtown_A,200,120,Snowy,10.73,0,0.614,80
2024-02-01 08:00:00,Business_Hub,500,278,Foggy,21.65,1,0.591,222
2024-02-01 08:00:00,Shopping_Mall,500,271,Clear,12.45,0,0.516,229
2024-02-01 08:00:00,Residential_West,200,124,Rainy,20.18,0,0.698,76
2024-02-01 08:00:00,Suburban_East,200,111,Clear,30.33,0,0.607,89
2024-02-01 09:00:00,Downtown_A,200,125,Clear,28.88,0,0.639,75
2024-02-01 09:00:00,Business_Hub,500,278,Foggy,21.72,0,0.528,222
2024-02-01 09:00:00,Shopping_Mall,500,277,Foggy,20.75,0,0.506,223
2024-02-01 09:00:00,Residential_West,200,128,Snowy,19.17,0,0.553,72
2024-02-01 09:00:00,Suburban_East,200,126,Clear,14.57,0,0.561,74
2024-02-01 10:00:00,Downtown_A,200,133,Snowy,13.39,0,0.595,67
2024-02-01 10:00:00,Business_Hub,500,291,Clear,21.34,0,0.513,209
2024-02-01 10:00:00,Shopping_Mall,500,288,Rainy,28.54,0,0.48,212
2024-02-01 10:00:00,Residential_West,200,132,Clear,28.14,0,0.747,68
2024-02-01 10:00:00,Suburban_East,200,137,Clear,23.88,1,0.665,63
2024-02-01 11:00:00,Downtown_A,200,144,Rainy,18.55,1,0.687,56
2024-02-01 11:00:00,Business_Hub,500,282,Rainy,22.62,0,0.597,218
2024-02-01 11:00:00,Shopping_Mall,500,290,Rainy,31.9,0,0.485,210
2024-02-01 11:00:00,Residential_West,200,137,Snowy,12.4,0,0.597,63
2024-02-01 11:00:00,Suburban_East,200,142,Clear,27.27,0,0.665,58
2024-02-01 12:00:00,Downtown_A,200,147,Snowy,25.62,0,0.804,53
2024-02-01 12:00:00,Business_Hub,500,288,Rainy,16.33,0,0.529,212
2024-02-01 12:00:00,Shopping_Mall,500,289,Clear,23.81,0,0.618,211
2024-02-01 12:00:00,Residential_West,200,143,Rainy,21.22,0,0.774,57
2024-02-01 12:00:00,Suburban_East,200,142,Snowy,33.63,0,0.78,58
2024-02-01 13:00:00,Downtown_A,200,143,Clear,30.24,0,0.797,57
2024-02-01 13:00:00,Business_Hub,500,285,Rainy,15.24,0,0.603,215
2024-02-01 13:00:00,Shopping_Mall,500,290,Clear,12.06,0,0.617,210
2024-02-01 13:00:00,Residential_West,200,146,Foggy,18.91,0,0.671,54
2024-02-01 13:00:00,Suburban_East,200,141,Rainy,33.46,0,0.801,59
2024-02-01 14:00:00,Downtown_A,200,136,Snowy,22.1,0,0.656,64
2024-02-01 14:00:00,Business_Hub,500,290,Snowy,27.04,1,0.537,210
2024-02-01 14:00:00,Shopping_Mall,500,283,Foggy,29.2,0,0.544,217
2024-02-01 14:00:00,Residential_West,200,141,Clear,24.35,0,0.766,59
2024-02-01 14:00:00,Suburban_East,200,137,Clear,22.14,0,0.692,63
2024-02-01 15:00:00,Downtown_A,200,117,Clear,11.91,0,0.548,83
2024-02-01 15:00:00,Business_Hub,500,285,Foggy,28.76,0,0.492,215
2024-02-01 15:00:00,Shopping_Mall,500,271,Snowy,12.13,0,0.448,229
2024-02-01 15:00:00,Residential_West,200,120,Rainy,19.08,0,0.519,80
2024-02-01 15:00:00,Suburban_East,200,128,Foggy,31.8,1,0.705,72
2024-02-01 16:00:00,Downtown_A,200,122,Foggy,22.93,0,0.583,78
2024-02-01 16:00:00,Business_Hub,500,276,Clear,28.09,0,0.574,224
2024-02-01 16:00:00,Shopping_Mall,500,260,Clear,13.72,0,0.521,240
2024-02-01 16:00:00,Residential_West,200,112,Foggy,15.69,0,0.473,88
2024-02-01 16:00:00,Suburban_East,200,113,Clear,22.41,0,0.61,87
2024-02-01 17:00:00,Downtown_A,200,105,Foggy,18.17,0,0.533,95
2024-02-01 17:00:00,Business_Hub,500,266,Snowy,17.63,0,0.611,234
2024-02-01 17:00:00,Shopping_Mall,500,264,Clear,27.85,0,0.613,236
2024-02-01 17:00:00,Residential_West,200,115,Clear,28.54,0,0.609,85
2024-02-01 17:00:00,Suburban_East,200,106,Foggy,20.99,1,0.565,94
2024-02-01 18:00:00,Downtown_A,200,93,Foggy,11.66,0,0.424,107
2024-02-01 18:00:00,Business_Hub,500,251,Rainy,32.04,1,0.54,249
2024-02-01 18:00:00,Shopping_Mall,500,246,Rainy,29.91,1,0.524,254
2024-02-01 18:00:00,Residential_West,200,92,Snowy,15.21,0,0.372,108
2024-02-01 18:00:00,Suburban_East,200,96,Snowy,21.61,0,0.563,104
2024-02-01 19:00:00,Downtown_A,200,92,Snowy,24.37,0,0.506,108
2024-02-01 19:00:00,Business_Hub,500,243,Snowy,13.24,0,0.52,257
2024-02-01 19:00:00,Shopping_Mall,500,243,Rainy,30.48,0,0.478,257
2024-02-01 19:00:00,Residential_West,200,93,Foggy,19.13,0,0.509,107
2024-02-01 19:00:00,Suburban_East,200,80,Foggy,11.35,0,0.404,120
2024-02-01 20:00:00,Downtown_A,200,74,Rainy,10.6,0,0.393,126
2024-02-01 20:00:00,Business_Hub,500,236,Snowy,26.78,0,0.401,264
2024-02-01 20:00:00,Shopping_Mall,500,228,Rainy,19.11,0,0.453,272
2024-02-01 20:00:00,Residential_West,200,81,Clear,14.81,0,0.375,119
2024-02-01 20:00:00,Suburban_East,200,75,Foggy,11.66,0,0.296,125
2024-02-01 21:00:00,Downtown_A,200,77,Rainy,17.87,0,0.461,123
2024-02-01 21:00:00,Business_Hub,500,221,Clear,30.39,0,0.361,279
2024-02-01 21:00:00,Shopping_Mall,500,221,Foggy,13.0,0,0.409,279
2024-02-01 21:00:00,Residential_West,200,69,Rainy,31.56,0,0.411,131
2024-02-01 21:00:00,Suburban_East,200,81,Snowy,17.64,0,0.391,119
2024-02-01 22:00:00,Downtown_A,200,62,Rainy,15.88,0,0.398,138
2024-02-01 22:00:00,Business_Hub,500,214,Rainy,12.24,0,0.353,286
2024-02-01 22:00:00,Shopping_Mall,500,213,Rainy,15.48,0,0.452,287
2024-02-01 22:00:00,Residential_West,200,59,Snowy,18.65,0,0.304,141
2024-02-01 22:00:00,Suburban_East,200,63,Rainy,12.25,0,0.31,137
2024-02-01 23:00:00,Downtown_A,200,60,Clear,30.72,0,0.364,140
2024-02-01 23:00:00,Business_Hub,500,210,Snowy,22.75,1,0.394,290
2024-02-01 23:00:00,Shopping_Mall,500,215,Clear,33.94,0,0.346,285
2024-02-01 23:00:00,Residential_West,200,65,Snowy,18.82,0,0.263,135
2024-02-01 23:00:00,Suburban_East,200,68,Rainy,22.6,0,0.257,132
2024-02-02 00:00:00,Downtown_A,200,50,Clear,18.12,0,0.223,150
2024-02-02 00:00:00,Business_Hub,500,209,Foggy,29.92,0,0.401,291
2024-02-02 00:00:00,Shopping_Mall,500,207,Foggy,15.56,0,0.452,293
2024-02-02 00:00:00,Residential_West,200,56,Snowy,24.95,0,0.327,144
2024-02-02 00:00:00,Suburban_East,200,61,Foggy,23.73,0,0.361,139
2024-02-02 01:00:00,Downtown_A,200,57,Clear,34.0,0,0.267,143
2024-02-02 01:00:00,Business_Hub,500,208,Clear,27.56,0,0.425,292
2024-02-02 01:00:00,Shopping_Mall,500,205,Clear,22.63,0,0.379,295
2024-02-02 01:00:00,Residential_West,200,65,Snowy,20.91,0,0.416,135
2024-02-02 01:00:00,Suburban_East,200,64,Snowy,33.16,0,0.232,136
2024-02-02 02:00:00,Downtown_A,200,60,Rainy,18.41,0,0.301,140
2024-02-02 02:00:00,Business_Hub,500,217,Snowy,18.98,0,0.468,283
2024-02-02 02:00:00,Shopping_Mall,500,210,Clear,27.89,0,0.508,290
2024-02-02 02:00:00,Residential_West,200,62,Clear,27.75,0,0.222,138
2024-02-02 02:00:00,Suburban_East,200,74,Foggy,22.92,0,0.4,126
2024-02-02 03:00:00,Downtown_A,200,76,Rainy,19.46,0,0.412,124
2024-02-02 03:00:00,Business_Hub,500,220,Snowy,17.8,1,0.487,280
2024-02-02 03:00:00,Shopping_Mall,500,221,Foggy,21.44,0,0.449,279
2024-02-02 03:00:00,Residential_West,200,63,Rainy,24.23,0,0.286,137
2024-02-02 03:00:00,Suburban_East,200,78,Snowy,34.65,0,0.421,122
2024-02-02 04:00:00,Downtown_A,200,85,Foggy,12.09,0,0.423,115
2024-02-02 04:00:00,Business_Hub,500,222,Clear,32.74,0,0.433,278
2024-02-02 04:00:00,Shopping_Mall,500,232,Clear,27.67,0,0.557,268
2024-02-02 04:00:00,Residential_West,200,84,Foggy,15.51,0,0.497,116
2024-02-02 04:00:00,Suburban_East,200,71,Clear,18.42,0,0.33,129
2024-02-02 05:00:00,Downtown_A,200,96,Foggy,29.14,0,0.413,104
2024-02-02 05:00:00,Business_Hub,500,234,Rainy,29.12,0,0.524,266
2024-02-02 05:00:00,Shopping_Mall,500,250,Foggy,27.94,0,0.535,250
2024-02-02 05:00:00,Residential_West,200,86,Clear,10.8,0,0.368,114
2024-02-02 05:00:00,Suburban_East,200,80,Snowy,11.56,0,0.42,120
2024-02-02 06:00:00,Downtown_A,200,97,Snowy,18.23,0,0.517,103
2024-02-02 06:00:00,Business_Hub,500,246,Foggy,25.43,0,0.564,254
2024-02-02 06:00:00,Shopping_Mall,500,255,Foggy,17.13,0,0.524,245
2024-02-02 06:00:00,Residential_West,200,97,Foggy,31.08,0,0.537,103
2024-02-02 06:00:00,Suburban_East,200,104,Rainy,19.11,0,0.535,96
2024-02-02 07:00:00,Downtown_A,200,109,Foggy,19.92,1,0.539,91
2024-02-02 07:00:00,Business_Hub,500,262,Rainy,30.26,0,0.531,238
2024-02-02 07:00:00,Shopping_Mall,500,262,Foggy,21.34,0,0.449,238
2024-02-02 07:00:00,Residential_West,200,110,Rainy,23.15,0,0.579,90
2024-02-02 07:00:00,Suburban_East,200,104,Foggy,13.25,0,0.5,96
2024-02-02 08:00:00,Downtown_A,200,114,Snowy,31.49,0,0.617,86
2024-02-02 08:00:00,Business_Hub,500,277,Foggy,23.49,0,0.535,223
2024-02-02 08:00:00,Shopping_Mall,500,275,Rainy,22.21,0,0.542,225
2024-02-02 08:00:00,Residential_West,200,108,Rainy,27.93,0,0.525,92
2024-02-02 08:00:00,Suburban_East,200,116,Snowy,21.5,0,0.494,84
2024-02-02 09:00:00,Downtown_A,200,122,Foggy,32.56,0,0.679,78
2024-02-02 09:00:00,Business_Hub,500,278,Clear,34.5,0,0.591,222
2024-02-02 09:00:00,Shopping_Mall,500,271,Clear,27.82,0,0.523,229
2024-02-02 09:00:00,Residential_West,200,133,Rainy,15.85,0,0.721,67
2024-02-02 09:00:00,Suburban_East,200,123,Foggy,26.95,0,0.656,77
2024-02-02 10:00:00,Downtown_A,200,140,Snowy,16.12,0,0.61,60
2024-02-02 10:00:00,Business_Hub,500,283,Rainy,19.05,1,0.484,217
2024-02-02 10:00:00,Shopping_Mall,500,285,Foggy,32.63,0,0.606,215
2024-02-02 10:00:00,Residential_West,200,130,Foggy,19.34,0,0.698,70
2024-02-02 10:00:00,Suburban_East,200,136,Foggy,32.22,0,0.732,64
2024-02-02 11:00:00,Downtown_A,200,141,Rainy,13.42,0,0.778,59
2024-02-02 11:00:00,Business_Hub,500,291,Clear,25.76,0,0.62,209
2024-02-02 11:00:00,Shopping_Mall,500,284,Snowy,27.51,0,0.599,216
2024-02-02 11:00:00,Residential_West,200,141,Foggy,19.52,0,0.642,59
2024-02-02 11:00:00,Suburban_East,200,141,Clear,13.94,0,0.617,59
2024-02-02 12:00:00,Downtown_A,200,146,Foggy,12.24,0,0.778,54
2024-02-02 12:00:00,Business_Hub,500,287,Foggy,16.98,0,0.63,213
2024-02-02 12:00:00,Shopping_Mall,500,285,Snowy,22.45,0,0.599,215
2024-02-02 12:00:00,Residential_West,200,140,Snowy,33.27,0,0.602,60
2024-02-02 12:00:00,Suburban_East,200,132,Clear,28.32,0,0.715,68
2024-02-02 13:00:00,Downtown_A,200,146,Rainy,15.5,0,0.82,54
2024-02-02 13:00:00,Business_Hub,500,283,Clear,14.05,0,0.563,217
2024-02-02 13:00:00,Shopping_Mall,500,298,Snowy,34.39,0,0.655,202
2024-02-02 13:00:00,Residential_West,200,137,Rainy,18.1,0,0.733,63
2024-02-02 13:00:00,Suburban_East,200,141,Foggy,22.03,0,0.754,59
2024-02-02 14:00:00,Downtown_A,200,135,Foggy,19.59,0,0.736,65
2024-02-02 14:00:00,Business_Hub,500,285,Rainy,16.16,0,0.653,215
2024-02-02 14:00:00,Shopping_Mall,500,286,Rainy,27.77,0,0.539,214
2024-02-02 14:00:00,Residential_West,200,130,Clear,25.59,0,0.585,70
2024-02-02 14:00:00,Suburban_East,200,137,Foggy,31.07,0,0.777,63
2024-02-02 15:00:00,Downtown_A,200,135,Clear,13.07,0,0.582,65
2024-02-02 15:00:00,Business_Hub,500,284,Rainy,13.01,0,0.511,216
2024-02-02 15:00:00,Shopping_Mall,500,277,Snowy,29.95,0,0.542,223
2024-02-02 15:00:00,Residential_West,200,132,Clear,29.18,1,0.578,68
2024-02-02 15:00:00,Suburban_East,200,135,Snowy,21.69,0,0.586,65
2024-02-02 16:00:00,Downtown_A,200,128,Clear,31.32,0,0.677,72
2024-02-02 16:00:00,Business_Hub,500,272,Foggy,18.27,0,0.512,228
2024-02-02 16:00:00,Shopping_Mall,500,266,Rainy,31.31,0,0.601,234
2024-02-02 16:00:00,Residential_West,200,126,Snowy,18.58,0,0.597,74
2024-02-02 16:00:00,Suburban_East,200,119,Rainy,11.4,0,0.66,81
2024-02-02 17:00:00,Downtown_A,200,112,Clear,27.83,0,0.651,88
2024-02-02 17:00:00,Business_Hub,500,259,Snowy,32.8,0,0.519,241
2024-02-02 17:00:00,Shopping_Mall,500,259,Clear,22.5,0,0.507,241
2024-02-02 17:00:00,Residential_West,200,101,Clear,21.73,0,0.588,99
2024-02-02 17:00:00,Suburban_East,200,108,Clear,34.88,0,0.625,92
2024-02-02 18:00:00,Downtown_A,200,94,Foggy,11.46,1,0.521,106
2024-02-02 18:00:00,Business_Hub,500,247,Foggy,29.3,0,0.517,253
2024-02-02 18:00:00,Shopping_Mall,500,246,Rainy,24.76,0,0.509,254
2024-02-02 18:00:00,Residential_West,200,95,Rainy,18.3,0,0.381,105
2024-02-02 18:00:00,Suburban_East,200,102,Snowy,14.94,0,0.478,98
2024-02-02 19:00:00,Downtown_A,200,95,Foggy,28.73,0,0.534,105
2024-02-02 19:00:00,Business_Hub,500,245,Foggy,31.65,0,0.431,255
2024-02-02 19:00:00,Shopping_Mall,500,235,Clear,14.81,0,0.535,265
2024-02-02 19:00:00,Residential_West,200,92,Foggy,29.34,0,0.49,108
2024-02-02 19:00:00,Suburban_East,200,91,Foggy,24.87,0,0.385,109
2024-02-02 20:00:00,Downtown_A,200,81,Rainy,14.77,0,0.443,119
2024-02-02 20:00:00,Business_Hub,500,225,Snowy,30.77,0,0.405,275
2024-02-02 20:00:00,Shopping_Mall,500,222,Snowy,28.26,0,0.508,278
2024-02-02 20:00:00,Residential_West,200,77,Rainy,25.51,1,0.328,123
2024-02-02 20:00:00,Suburban_East,200,79,Clear,20.59,0,0.393,121
2024-02-02 21:00:00,Downtown_A,200,71,Clear,12.65,1,0.306,129
2024-02-02 21:00:00,Business_Hub,500,219,Rainy,26.54,0,0.518,281
2024-02-02 21:00:00,Shopping_Mall,500,213,Clear,31.94,0,0.4,287
2024-02-02 21:00:00,Residential_West,200,72,Clear,18.3,0,0.315,128
2024-02-02 21:00:00,Suburban_East,200,76,Clear,19.94,1,0.332,124
2024-02-02 22:00:00,Downtown_A,200,75,Snowy,24.0,1,0.449,125
2024-02-02 22:00:00,Business_Hub,500,219,Snowy,34.39,0,0.344,281
2024-02-02 22:00:00,Shopping_Mall,500,214,Snowy,10.83,0,0.405,286
2024-02-02 22:00:00,Residential_West,200,59,Snowy,20.72,0,0.245,141
2024-02-02 22:00:00,Suburban_East,200,62,Foggy,17.51,0,0.24,138
2024-02-02 23:00:00,Downtown_A,200,61,Snowy,12.33,0,0.325,139
2024-02-02 23:00:00,Business_Hub,500,208,Snowy,14.04,0,0.494,292
2024-02-02 23:00:00,Shopping_Mall,500,212,Rainy,12.1,0,0.457,288
2024-02-02 23:00:00,Residential_West,200,70,Rainy,29.3,0,0.316,130
2024-02-02 23:00:00,Suburban_East,200,55,Rainy,33.51,0,0.226,145
2024-02-03 00:00:00,Downtown_A,200,78,Snowy,24.7,0,0.39,122
2024-02-03 00:00:00,Business_Hub,500,220,Rainy,24.45,0,0.474,280
2024-02-03 00:00:00,Shopping_Mall,500,219,Snowy,22.36,0,0.436,281
2024-02-03 00:00:00,Residential_West,200,78,Clear,30.52,0,0.313,122
2024-02-03 00:00:00,Suburban_East,200,71,Rainy,13.97,0,0.348,129
2024-02-03 01:00:00,Downtown_A,200,81,Snowy,22.29,0,0.443,119
2024-02-03 01:00:00,Business_Hub,500,231,Snowy,32.51,0,0.561,269
2024-02-03 01:00:00,Shopping_Mall,500,238,Rainy,16.26,0,0.525,262
2024-02-03 01:00:00,Residential_West,200,81,Clear,23.88,0,0.311,119
2024-02-03 01:00:00,Suburban_East,200,89,Foggy,27.72,0,0.449,111
2024-02-03 02:00:00,Downtown_A,200,89,Foggy,32.72,1,0.526,111
2024-02-03 02:00:00,Business_Hub,500,240,Foggy,20.27,1,0.403,260
2024-02-03 02:00:00,Shopping_Mall,500,236,Foggy,26.11,0,0.383,264
2024-02-03 02:00:00,Residential_West,200,85,Rainy,13.24,0,0.373,115
2024-02-03 02:00:00,Suburban_East,200,79,Snowy,22.93,0,0.475,121
2024-02-03 03:00:00,Downtown_A,200,96,Clear,25.92,0,0.556,104
2024-02-03 03:00:00,Business_Hub,500,236,Snowy,20.17,0,0.454,264
2024-02-03 03:00:00,Shopping_Mall,500,244,Foggy,22.04,0,0.572,256
2024-02-03 03:00:00,Residential_West,200,95,Clear,16.09,0,0.516,105
2024-02-03 03:00:00,Suburban_East,200,86,Foggy,16.93,0,0.513,114
2024-02-03 04:00:00,Downtown_A,200,101,Snowy,16.17,0,0.43,99
2024-02-03 04:00:00,Business_Hub,500,251,Snowy,13.51,0,0.534,249
2024-02-03 04:00:00,Shopping_Mall,500,248,Snowy,33.07,0,0.399,252
2024-02-03 04:00:00,Residential_West,200,95,Rainy,15.69,0,0.514,105
2024-02-03 04:00:00,Suburban_East,200,106,Rainy,29.41,0,0.507,94
2024-02-03 05:00:00,Downtown_A,200,107,Rainy,21.12,0,0.607,93
2024-02-03 05:00:00,Business_Hub,500,255,Clear,14.36,0,0.439,245
2024-02-03 05:00:00,Shopping_Mall,500,261,Rainy,10.3,0,0.551,239
2024-02-03 05:00:00,Residential_West,200,104,Clear,32.91,0,0.441,96
2024-02-03 05:00:00,Suburban_East,200,108,Foggy,26.93,0,0.479,92
2024-02-03 06:00:00,Downtown_A,200,115,Rainy,33.62,0,0.475,85
2024-02-03 06:00:00,Business_Hub,500,271,Snowy,18.19,0,0.592,229
2024-02-03 06:00:00,Shopping_Mall,500,272,Clear,33.71,0,0.629,228
2024-02-03 06:00:00,Residential_West,200,128,Foggy,22.76,0,0.732,72
2024-02-03 06:00:00,Suburban_East,200,118,Rainy,33.79,0,0.572,82
2024-02-03 07:00:00,Downtown_A,200,128,Clear,34.26,1,0.688,72
2024-02-03 07:00:00,Business_Hub,500,281,Clear,16.33,0,0.597,219
2024-02-03 07:00:00,Shopping_Mall,500,280,Rainy,31.08,0,0.472,220
2024-02-03 07:00:00,Residential_West,200,127,Snowy,22.89,0,0.573,73
2024-02-03 07:00:00,Suburban_East,200,129,Snowy,14.17,0,0.677,71
2024-02-03 08:00:00,Downtown_A,200,137,Rainy,19.82,1,0.671,63
2024-02-03 08:00:00,Business_Hub,500,279,Foggy,31.32,0,0.546,221
2024-02-03 08:00:00,Shopping_Mall,500,286,Rainy,32.99,0,0.638,214
2024-02-03 08:00:00,Residential_West,200,143,Rainy,29.81,0,0.756,57
2024-02-03 08:00:00,Suburban_East,200,138,Foggy,17.61,0,0.705,62
2024-02-03 09:00:00,Downtown_A,200,145,Foggy,26.4,1,0.816,55
2024-02-03 09:00:00,Business_Hub,500,299,Snowy,18.69,1,0.566,201
2024-02-03 09:00:00,Shopping_Mall,500,292,Rainy,34.54,0,0.569,208
2024-02-03 09:00:00,Residential_West,200,136,Snowy,23.67,0,0.688,64
2024-02-03 09:00:00,Suburban_East,200,148,Rainy,14.5,0,0.789,52
2024-02-03 10:00:00,Downtown_A,200,153,Rainy,26.96,0,0.672,47
2024-02-03 10:00:00,Business_Hub,500,305,Clear,33.23,0,0.654,195
2024-02-03 10:00:00,Shopping_Mall,500,308,Clear,33.54,0,0.592,192
2024-02-03 10:00:00,Residential_West,200,148,Clear,11.27,1,0.745,52
2024-02-03 10:00:00,Suburban_East,200,159,Rainy,34.54,0,0.807,41
2024-02-03 11:00:00,Downtown_A,200,164,Clear,14.32,1,0.908,36
2024-02-03 11:00:00,Business_Hub,500,317,Clear,26.81,0,0.556,183
2024-02-03 11:00:00,Shopping_Mall,500,309,Snowy,14.94,0,0.555,191
2024-02-03 11:00:00,Residential_West,200,161,Clear,15.5,0,0.796,39
2024-02-03 11:00:00,Suburban_East,200,152,Clear,10.54,0,0.686,48
2024-02-03 12:00:00,Downtown_A,200,162,Foggy,28.23,0,0.757,38
2024-02-03 12:00:00,Business_Hub,500,311,Foggy,11.33,0,0.614,189
2024-02-03 12:00:00,Shopping_Mall,500,316,Rainy,20.09,0,0.586,184
2024-02-03 12:00:00,Residential_West,200,160,Snowy,30.31,0,0.851,40
2024-02-03 12:00:00,Suburban_East,200,162,Snowy,28.29,0,0.853,38
2024-02-03 13:00:00,Downtown_A,200,153,Clear,34.48,0,0.794,47
2024-02-03 13:00:00,Business_Hub,500,311,Snowy,28.78,0,0.556,189
2024-02-03 13:00:00,Shopping_Mall,500,298,Rainy,20.72,0,0.667,202
2024-02-03 13:00:00,Residential_West,200,161,Foggy,27.37,0,0.712,39
2024-02-03 13:00:00,Suburban_East,200,158,Snowy,13.24,0,0.852,42
2024-02-03 14:00:00,Downtown_A,200,161,Snowy,11.0,0,0.737,39
2024-02-03 14:00:00,Business_Hub,500,297,Clear,17.4,0,0.664,203
2024-02-03 14:00:00,Shopping_Mall,500,286,Snowy,28.86,0,0.507,214
2024-02-03 14:00:00,Residential_West,200,165,Foggy,24.09,0,0.9,35
2024-02-03 14:00:00,Suburban_East,200,168,Rainy,28.41,0,0.768,32
2024-02-03 15:00:00,Downtown_A,200,138,Foggy,23.43,0,0.634,62
2024-02-03 15:00:00,Business_Hub,500,298,Snowy,13.57,0,0.656,202
2024-02-03 15:00:00,Shopping_Mall,500,300,Rainy,18.93,0,0.643,200
2024-02-03 15:00:00,Residential_West,200,147,Snowy,23.09,0,0.834,53
2024-02-03 15:00:00,Suburban_East,200,143,Clear,10.81,0,0.624,57
2024-02-03 16:00:00,Downtown_A,200,145,Foggy,17.16,0,0.724,55
2024-02-03 16:00:00,Business_Hub,500,293,Foggy,21.24,1,0.653,207
2024-02-03 16:00:00,Shopping_Mall,500,287,Snowy,32.05,0,0.556,213
2024-02-03 16:00:00,Residential_West,200,140,Foggy,27.83,0,0.636,60
2024-02-03 16:00:00,Suburban_East,200,133,Rainy,15.87,1,0.74,67
2024-02-03 17:00:00,Downtown_A,200,133,Snowy,30.73,1,0.638,67
2024-02-03 17:00:00,Business_Hub,500,280,Rainy,16.54,0,0.576,220
2024-02-03 17:00:00,Shopping_Mall,500,274,Clear,34.93,0,0.528,226
2024-02-03 17:00:00,Residential_West,200,132,Rainy,33.38,0,0.623,68
2024-02-03 17:00:00,Suburban_East,200,138,Rainy,23.63,0,0.593,62
2024-02-03 18:00:00,Downtown_A,200,114,Rainy,30.64,0,0.665,86
2024-02-03 18:00:00,Business_Hub,500,262,Foggy,21.91,1,0.435,238
2024-02-03 18:00:00,Shopping_Mall,500,268,Clear,17.06,0,0.481,232
2024-02-03 18:00:00,Residential_West,200,119,Snowy,17.16,0,0.567,81
2024-02-03 18:00:00,Suburban_East,200,121,Snowy,22.6,0,0.685,79
2024-02-03 19:00:00,Downtown_A,200,114,Rainy,24.41,0,0.546,86
2024-02-03 19:00:00,Business_Hub,500,261,Rainy,33.8,0,0.582,239
2024-02-03 19:00:00,Shopping_Mall,500,264,Foggy,24.58,0,0.461,236
2024-02-03 19:00:00,Residential_West,200,115,Rainy,33.0,1,0.644,85
2024-02-03 19:00:00,Suburban_East,200,107,Rainy,11.45,0,0.469,93
2024-02-03 20:00:00,Downtown_A,200,104,Foggy,16.79,0,0.488,96
2024-02-03 20:00:00,Business_Hub,500,255,Rainy,17.74,0,0.568,245
2024-02-03 20:00:00,Shopping_Mall,500,245,Snowy,22.78,0,0.534,255
2024-02-03 20:00:00,Residential_West,200,105,Clear,17.17,0,0.467,95
2024-02-03 20:00:00,Suburban_East,200,99,Foggy,28.73,0,0.575,101
2024-02-03 21:00:00,Downtown_A,200,91,Rainy,22.69,0,0.545,109
2024-02-03 21:00:00,Business_Hub,500,246,Clear,30.22,0,0.55,254
2024-02-03 21:00:00,Shopping_Mall,500,241,Rainy,29.65,0,0.497,259
2024-02-03 21:00:00,Residential_West,200,85,Rainy,26.24,0,0.47,115
2024-02-03 21:00:00,Suburban_East,200,84,Snowy,16.79,0,0.412,116
2024-02-03 22:00:00,Downtown_A,200,85,Foggy,14.31,0,0.393,115
2024-02-03 22:00:00,Business_Hub,500,226,Snowy,23.37,0,0.371,274
2024-02-03 22:00:00,Shopping_Mall,500,237,Snowy,22.3,0,0.411,263
2024-02-03 22:00:00,Residential_West,200,83,Foggy,13.12,0,0.341,117
2024-02-03 22:00:00,Suburban_East,200,84,Rainy,21.65,0,0.409,116
2024-02-03 23:00:00,Downtown_A,200,81,Clear,18.19,0,0.504,119
2024-02-03 23:00:00,Business_Hub,500,238,Snowy,14.27,0,0.465,262
2024-02-03 23:00:00,Shopping_Mall,500,230,Foggy,24.53,0,0.43,270
2024-02-03 23:00:00,Residential_West,200,77,Snowy,30.07,0,0.371,123
2024-02-03 23:00:00,Suburban_East,200,77,Rainy,19.6,0,0.384,123
2024-02-04 00:00:00,Downtown_A,200,69,Foggy,24.34,1,0.358,131
2024-02-04 00:00:00,Business_Hub,500,224,Snowy,12.29,0,0.521,276
2024-02-04 00:00:00,Shopping_Mall,500,233,Foggy,31.32,0,0.488,267
2024-02-04 00:00:00,Residential_West,200,84,Snowy,20.02,0,0.498,116
2024-02-04 00:00:00,Suburban_East,200,78,Clear,30.02,0,0.354,122
2024-02-04 01:00:00,Downtown_A,200,76,Rainy,31.67,0,0.473,124
2024-02-04 01:00:00,Business_Hub,500,233,Snowy,14.78,0,0.565,267
2024-02-04 01:00:00,Shopping_Mall,500,227,Foggy,22.78,0,0.472,273
2024-02-04 01:00:00,Residential_West,200,78,Foggy,18.58,0,0.371,122
2024-02-04 01:00:00,Suburban_East,200,86,Rainy,26.41,0,0.361,114
2024-02-04 02:00:00,Downtown_A,200,95,Rainy,31.79,0,0.452,105
2024-02-04 02:00:00,Business_Hub,500,230,Snowy,34.24,0,0.431,270
2024-02-04 02:00:00,Shopping_Mall,500,226,Snowy,15.42,0,0.552,274
2024-02-04 02:00:00,Residential_West,200,87,Clear,10.24,0,0.461,113
2024-02-04 02:00:00,Suburban_East,200,88,Foggy,27.3,0,0.477,112
2024-02-04 03:00:00,Downtown_A,200,93,Foggy,25.18,0,0.376,107
2024-02-04 03:00:00,Business_Hub,500,242,Foggy,10.97,1,0.542,258
2024-02-04 03:00:00,Shopping_Mall,500,245,Foggy,22.81,0,0.519,255
2024-02-04 03:00:00,Residential_West,200,87,Foggy,21.16,0,0.379,113
2024-02-04 03:00:00,Suburban_East,200,96,Snowy,34.97,0,0.38,104
2024-02-04 04:00:00,Downtown_A,200,93,Rainy,27.87,0,0.542,107
2024-02-04 04:00:00,Business_Hub,500,259,Foggy,21.12,1,0.566,241
2024-02-04 04:00:00,Shopping_Mall,500,259,Snowy,33.8,0,0.432,241
2024-02-04 04:00:00,Residential_West,200,99,Snowy,13.67,0,0.518,101
2024-02-04 04:00:00,Suburban_East,200,103,Snowy,28.07,1,0.489,97
2024-02-04 05:00:00,Downtown_A,200,108,Rainy,34.45,0,0.612,92
2024-02-04 05:00:00,Business_Hub,500,267,Rainy,15.86,0,0.473,233
2024-02-04 05:00:00,Shopping_Mall,500,258,Rainy,27.97,0,0.426,242
2024-02-04 05:00:00,Residential_West,200,110,Snowy,14.79,0,0.467,90
2024-02-04 05:00:00,Suburban_East,200,117,Snowy,28.84,0,0.549,83
2024-02-04 06:00:00,Downtown_A,200,118,Snowy,16.62,0,0.504,82
2024-02-04 06:00:00,Business_Hub,500,268,Clear,28.16,0,0.551,232
2024-02-04 06:00:00,Shopping_Mall,500,279,Snowy,26.82,1,0.658,221
2024-02-04 06:00:00,Residential_West,200,122,Snowy,24.96,0,0.605,78
2024-02-04 06:00:00,Suburban_East,200,126,Rainy,32.96,0,0.565,74
2024-02-04 07:00:00,Downtown_A,200,126,Foggy,29.39,0,0.575,74
2024-02-04 07:00:00,Business_Hub,500,284,Snowy,21.26,0,0.505,216
2024-02-04 07:00:00,Shopping_Mall,500,277,Clear,26.31,0,0.638,223
2024-02-04 07:00:00,Residential_West,200,117,Snowy,16.89,1,0.603,83
2024-02-04 07:00:00,Suburban_East,200,131,Foggy,16.11,0,0.729,69
2024-02-04 08:00:00,Downtown_A,200,132,Clear,32.51,0,0.698,68
2024-02-04 08:00:00,Business_Hub,500,304,Rainy,13.65,0,0.669,196
2024-02-04 08:00:00,Shopping_Mall,500,299,Foggy,19.18,0,0.547,201
2024-02-04 08:00:00,Residential_West,200,139,Rainy,31.74,0,0.603,61
2024-02-04 08:00:00,Suburban_East,200,148,Foggy,24.21,0,0.735,52
2024-02-04 09:00:00,Downtown_A,200,154,Rainy,26.85,0,0.732,46
2024-02-04 09:00:00,Business_Hub,500,291,Rainy,11.17,0,0.568,209
2024-02-04 09:00:00,Shopping_Mall,500,300,Rainy,31.12,0,0.544,200
2024-02-04 09:00:00,Residential_West,200,151,Rainy,10.74,0,0.674,49
2024-02-04 09:00:00,Suburban_East,200,149,Foggy,19.52,0,0.81,51
2024-02-04 10:00:00,Downtown_A,200,162,Foggy,10.9,0,0.751,38
2024-02-04 10:00:00,Business_Hub,500,301,Rainy,27.12,0,0.555,199
2024-02-04 10:00:00,Shopping_Mall,500,310,Rainy,14.55,0,0.716,190
2024-02-04 10:00:00,Residential_West,200,146,Rainy,23.83,0,0.796,54
2024-02-04 10:00:00,Suburban_East,200,154,Foggy,28.74,0,0.671,46
2024-02-04 11:00:00,Downtown_A,200,153,Snowy,32.91,0,0.756,47
2024-02-04 11:00:00,Business_Hub,500,299,Snowy,31.6,0,0.597,201
2024-02-04 11:00:00,Shopping_Mall,500,310,Snowy,11.33,0,0.713,190
2024-02-04 11:00:00,Residential_West,200,158,Foggy,15.92,0,0.784,42
2024-02-04 11:00:00,Suburban_East,200,169,Clear,23.21,0,0.804,31
2024-02-04 12:00:00,Downtown_A,200,155,Snowy,12.05,0,0.758,45
2024-02-04 12:00:00,Business_Hub,500,317,Foggy,27.41,0,0.702,183
2024-02-04 12:00:00,Shopping_Mall,500,311,Foggy,12.29,0,0.554,189
2024-02-04 12:00:00,Residential_West,200,160,Clear,15.3,0,0.817,40
2024-02-04 12:00:00,Suburban_East,200,153,Clear,26.89,0,0.808,47
2024-02-04 13:00:00,Downtown_A,200,164,Snowy,19.29,0,0.79,36
2024-02-04 13:00:00,Business_Hub,500,309,Foggy,18.06,0,0.591,191
2024-02-04 13:00:00,Shopping_Mall,500,306,Clear,27.75,0,0.677,194
2024-02-04 13:00:00,Residential_West,200,160,Rainy,25.19,0,0.765,40
2024-02-04 13:00:00,Suburban_East,200,146,Rainy,10.44,0,0.744,54
2024-02-04 14:00:00,Downtown_A,200,146,Foggy,21.25,0,0.644,54
2024-02-04 14:00:00,Business_Hub,500,313,Foggy,22.43,0,0.56,187
2024-02-04 14:00:00,Shopping_Mall,500,310,Snowy,25.57,0,0.67,190
2024-02-04 14:00:00,Residential_West,200,156,Foggy,11.79,0,0.724,44
2024-02-04 14:00:00,Suburban_East,200,147,Foggy,30.93,0,0.789,53
2024-02-04 15:00:00,Downtown_A,200,151,Snowy,14.9,1,0.661,49
2024-02-04 15:00:00,Business_Hub,500,296,Snowy,13.15,0,0.6,204
2024-02-04 15:00:00,Shopping_Mall,500,301,Rainy,30.14,0,0.552,199
2024-02-04 15:00:00,Residential_West,200,151,Foggy,19.7,0,0.757,49
2024-02-04 15:00:00,Suburban_East,200,147,Rainy,33.3,0,0.822,53
2024-02-04 16:00:00,Downtown_A,200,137,Foggy,33.58,0,0.694,63
2024-02-04 16:00:00,Business_Hub,500,293,Snowy,19.7,0,0.496,207
2024-02-04 16:00:00,Shopping_Mall,500,297,Foggy,15.43,0,0.666,203
2024-02-04 16:00:00,Residential_West,200,141,Rainy,10.25,0,0.692,59
2024-02-04 16:00:00,Suburban_East,200,132,Snowy,15.08,0,0.573,68
2024-02-04 17:00:00,Downtown_A,200,127,Clear,31.06,1,0.601,73
2024-02-04 17:00:00,Business_Hub,500,285,Snowy,32.58,1,0.657,215
2024-02-04 17:00:00,Shopping_Mall,500,284,Foggy,19.03,0,0.622,216
2024-02-04 17:00:00,Residential_West,200,136,Snowy,31.19,0,0.721,64
2024-02-04 17:00:00,Suburban_East,200,137,Snowy,14.32,0,0.621,63
2024-02-04 18:00:00,Downtown_A,200,119,Clear,12.58,0,0.508,81
2024-02-04 18:00:00,Business_Hub,500,258,Rainy,25.1,0,0.516,242
2024-02-04 18:00:00,Shopping_Mall,500,275,Rainy,11.08,0,0.481,225
2024-02-04 18:00:00,Residential_West,200,121,Foggy,28.62,0,0.671,79
2024-02-04 18:00:00,Suburban_East,200,123,Rainy,22.84,0,0.578,77
2024-02-04 19:00:00,Downtown_A,200,110,Foggy,12.19,0,0.598,90
2024-02-04 19:00:00,Business_Hub,500,265,Foggy,18.03,1,0.604,235
2024-02-04 19:00:00,Shopping_Mall,500,254,Clear,19.07,0,0.426,246
2024-02-04 19:00:00,Residential_West,200,107,Snowy,14.35,0,0.479,93
2024-02-04 19:00:00,Suburban_East,200,114,Clear,24.49,0,0.595,86
2024-02-04 20:00:00,Downtown_A,200,100,Clear,20.05,0,0.591,100
2024-02-04 20:00:00,Business_Hub,500,246,Clear,28.86,0,0.575,254
2024-02-04 20:00:00,Shopping_Mall,500,254,Rainy,27.1,0,0.457,246
2024-02-04 20:00:00,Residential_West,200,103,Foggy,12.3,0,0.52,97
2024-02-04 20:00:00,Suburban_East,200,106,Foggy,15.79,0,0.486,94
2024-02-04 21:00:00,Downtown_A,200,79,Snowy,33.82,0,0.322,121
2024-02-04 21:00:00,Business_Hub,500,236,Foggy,22.79,0,0.571,264
2024-02-04 21:00:00,Shopping_Mall,500,243,Snowy,23.05,0,0.583,257
2024-02-04 21:00:00,Residential_West,200,94,Snowy,23.8,0,0.403,106
2024-02-04 21:00:00,Suburban_East,200,93,Foggy,27.39,0,0.392,107
2024-02-04 22:00:00,Downtown_A,200,86,Snowy,20.54,1,0.504,114
2024-02-04 22:00:00,Business_Hub,500,241,Clear,12.25,0,0.562,259
2024-02-04 22:00:00,Shopping_Mall,500,234,Foggy,28.95,0,0.538,266
2024-02-04 22:00:00,Residential_West,200,90,Foggy,29.74,0,0.496,110
2024-02-04 22:00:00,Suburban_East,200,85,Snowy,31.17,0,0.477,115
2024-02-04 23:00:00,Downtown_A,200,84,Clear,11.17,0,0.321,116
2024-02-04 23:00:00,Business_Hub,500,225,Foggy,30.95,0,0.496,275
2024-02-04 23:00:00,Shopping_Mall,500,230,Clear,28.46,1,0.381,270
2024-02-04 23:00:00,Residential_West,200,83,Rainy,26.54,0,0.361,117
2024-02-04 23:00:00,Suburban_East,200,78,Clear,18.55,0,0.304,122
2024-02-05 00:00:00,Downtown_A,200,52,Snowy,33.93,0,0.226,148
2024-02-05 00:00:00,Business_Hub,500,212,Foggy,19.64,0,0.392,288
2024-02-05 00:00:00,Shopping_Mall,500,211,Rainy,24.12,0,0.344,289
2024-02-05 00:00:00,Residential_West,200,58,Foggy,24.49,0,0.341,142
2024-02-05 00:00:00,Suburban_East,200,63,Rainy,22.66,0,0.357,137
2024-02-05 01:00:00,Downtown_A,200,57,Foggy,14.89,0,0.245,143
2024-02-05 01:00:00,Business_Hub,500,213,Foggy,26.43,0,0.411,287
2024-02-05 01:00:00,Shopping_Mall,500,218,Clear,32.82,0,0.517,282
2024-02-05 01:00:00,Residential_West,200,71,Foggy,12.9,1,0.404,129
2024-02-05 01:00:00,Suburban_East,200,53,Foggy,25.99,0,0.233,147
2024-02-05 02:00:00,Downtown_A,200,57,Foggy,11.75,0,0.216,143
2024-02-05 02:00:00,Business_Hub,500,224,Rainy,14.13,0,0.486,276
2024-02-05 02:00:00,Shopping_Mall,500,213,Clear,34.13,0,0.465,287
2024-02-05 02:00:00,Residential_West,200,72,Snowy,23.12,0,0.327,128
2024-02-05 02:00:00,Suburban_East,200,65,Foggy,33.6,1,0.325,135
2024-02-05 03:00:00,Downtown_A,200,67,Foggy,25.79,0,0.249,133
2024-02-05 03:00:00,Business_Hub,500,230,Clear,10.56,0,0.549,270
2024-02-05 03:00:00,Shopping_Mall,500,214,Foggy,17.2,0,0.455,286
2024-02-05 03:00:00,Residential_West,200,74,Snowy,17.5,0,0.362,126
2024-02-05 03:00:00,Suburban_East,200,76,Rainy,24.17,0,0.426,124
2024-02-05 04:00:00,Downtown_A,200,77,Snowy,22.47,0,0.301,123
2024-02-05 04:00:00,Business_Hub,500,219,Foggy,23.89,0,0.52,281
2024-02-05 04:00:00,Shopping_Mall,500,232,Snowy,33.55,1,0.378,268
2024-02-05 04:00:00,Residential_West,200,75,Clear,30.8,0,0.441,125
2024-02-05 04:00:00,Suburban_East,200,76,Snowy,31.94,1,0.435,124
2024-02-05 05:00:00,Downtown_A,200,86,Rainy,27.2,0,0.5,114
2024-02-05 05:00:00,Business_Hub,500,243,Clear,32.32,0,0.432,257
2024-02-05 05:00:00,Shopping_Mall,500,240,Snowy,15.83,0,0.429,260
2024-02-05 05:00:00,Residential_West,200,85,Clear,27.39,0,0.417,115
2024-02-05 05:00:00,Suburban_East,200,86,Rainy,33.64,0,0.512,114
2024-02-05 06:00:00,Downtown_A,200,97,Rainy,19.91,0,0.439,103
2024-02-05 06:00:00,Business_Hub,500,256,Rainy,34.72,0,0.454,244
2024-02-05 06:00:00,Shopping_Mall,500,245,Rainy,15.61,1,0.564,255
2024-02-05 06:00:00,Residential_West,200,98,Rainy,26.74,1,0.499,102
2024-02-05 06:00:00,Suburban_East,200,99,Clear,23.29,0,0.442,101
2024-02-05 07:00:00,Downtown_A,200,112,Clear,11.28,0,0.625,88
2024-02-05 07:00:00,Business_Hub,500,267,Snowy,31.41,0,0.508,233
2024-02-05 07:00:00,Shopping_Mall,500,266,Snowy,33.83,0,0.48,234
2024-02-05 07:00:00,Residential_West,200,108,Foggy,23.42,0,0.469,92
2024-02-05 07:00:00,Suburban_East,200,98,Foggy,24.95,0,0.437,102
2024-02-05 08:00:00,Downtown_A,200,116,Snowy,17.06,0,0.647,84
2024-02-05 08:00:00,Business_Hub,500,263,Foggy,34.41,0,0.543,237
2024-02-05 08:00:00,Shopping_Mall,500,271,Foggy,19.98,0,0.605,229
2024-02-05 08:00:00,Residential_West,200,124,Rainy,23.39,1,0.557,76
2024-02-05 08:00:00,Suburban_East,200,115,Snowy,19.3,0,0.64,85
2024-02-05 09:00:00,Downtown_A,200,134,Foggy,31.93,0,0.725,66
2024-02-05 09:00:00,Business_Hub,500,273,Rainy,26.75,0,0.605,227
2024-02-05 09:00:00,Shopping_Mall,500,273,Snowy,23.14,0,0.477,227
2024-02-05 09:00:00,Residential_West,200,126,Foggy,15.54,0,0.697,74
2024-02-05 09:00:00,Suburban_East,200,134,Foggy,25.39,0,0.741,66
2024-02-05 10:00:00,Downtown_A,200,135,Foggy,27.52,0,0.677,65
2024-02-05 10:00:00,Business_Hub,500,287,Snowy,11.62,0,0.658,213
2024-02-05 10:00:00,Shopping_Mall,500,276,Rainy,15.75,0,0.545,224
2024-02-05 10:00:00,Residential_West,200,140,Clear,34.93,0,0.732,60
2024-02-05 10:00:00,Suburban_East,200,129,Foggy,25.18,0,0.612,71
2024-02-05 11:00:00,Downtown_A,200,134,Rainy,26.0,0,0.626,66
2024-02-05 11:00:00,Business_Hub,500,290,Clear,12.48,0,0.659,210
2024-02-05 11:00:00,Shopping_Mall,500,286,Clear,30.35,0,0.639,214
2024-02-05 11:00:00,Residential_West,200,137,Snowy,20.92,0,0.616,63
2024-02-05 11:00:00,Suburban_East,200,141,Snowy,31.09,0,0.659,59
2024-02-05 12:00:00,Downtown_A,200,138,Clear,22.04,1,0.712,62
2024-02-05 12:00:00,Business_Hub,500,290,Clear,30.83,0,0.569,210
2024-02-05 12:00:00,Shopping_Mall,500,285,Snowy,18.92,0,0.66,215
2024-02-05 12:00:00,Residential_West,200,135,Snowy,13.21,1,0.726,65
2024-02-05 12:00:00,Suburban_East,200,140,Rainy,21.68,0,0.676,60
2024-02-05 13:00:00,Downtown_A,200,151,Foggy,28.98,0,0.759,49
2024-02-05 13:00:00,Business_Hub,500,282,Snowy,26.7,0,0.594,218
2024-02-05 13:00:00,Shopping_Mall,500,291,Clear,28.95,0,0.482,209
2024-02-05 13:00:00,Residential_West,200,141,Rainy,33.08,0,0.801,59
2024-02-05 13:00:00,Suburban_East,200,138,Snowy,24.21,0,0.735,62
2024-02-05 14:00:00,Downtown_A,200,125,Rainy,24.98,0,0.595,75
2024-02-05 14:00:00,Business_Hub,500,285,Clear,21.51,0,0.523,215
2024-02-05 14:00:00,Shopping_Mall,500,276,Snowy,33.51,0,0.649,224
2024-02-05 14:00:00,Residential_West,200,132,Snowy,29.01,1,0.586,68
2024-02-05 14:00:00,Suburban_East,200,133,Rainy,26.83,0,0.64,67
2024-02-05 15:00:00,Downtown_A,200,128,Rainy,20.8,0,0.541,72
2024-02-05 15:00:00,Business_Hub,500,283,Snowy,16.66,1,0.528,217
2024-02-05 15:00:00,Shopping_Mall,500,279,Foggy,19.03,0,0.53,221
2024-02-05 15:00:00,Residential_West,200,128,Clear,17.81,0,0.655,72
2024-02-05 15:00:00,Suburban_East,200,128,Foggy,16.81,0,0.686,72
2024-02-05 16:00:00,Downtown_A,200,119,Foggy,15.6,0,0.519,81
2024-02-05 16:00:00,Business_Hub,500,267,Clear,18.73,1,0.531,233
2024-02-05 16:00:00,Shopping_Mall,500,266,Clear,12.83,0,0.517,234
2024-02-05 16:00:00,Residential_West,200,128,Snowy,15.59,0,0.672,72
2024-02-05 16:00:00,Suburban_East,200,120,Snowy,13.42,0,0.625,80
2024-02-05 17:00:00,Downtown_A,200,122,Snowy,18.04,0,0.603,78
2024-02-05 17:00:00,Business_Hub,500,262,Foggy,23.79,0,0.534,238
2024-02-05 17:00:00,Shopping_Mall,500,266,Rainy,11.74,0,0.559,234
2024-02-05 17:00:00,Residential_West,200,109,Rainy,19.67,0,0.539,91
2024-02-05 17:00:00,Suburban_East,200,114,Foggy,30.85,0,0.566,86
2024-02-05 18:00:00,Downtown_A,200,95,Foggy,15.34,0,0.509,105
2024-02-05 18:00:00,Business_Hub,500,245,Foggy,22.72,1,0.438,255
2024-02-05 18:00:00,Shopping_Mall,500,256,Rainy,29.54,0,0.537,244
2024-02-05 18:00:00,Residential_West,200,105,Rainy,21.06,0,0.489,95
2024-02-05 18:00:00,Suburban_East,200,98,Foggy,26.48,0,0.403,102
2024-02-05 19:00:00,Downtown_A,200,85,Rainy,22.07,0,0.333,115
2024-02-05 19:00:00,Business_Hub,500,235,Rainy,31.14,0,0.41,265
2024-02-05 19:00:00,Shopping_Mall,500,238,Snowy,25.16,0,0.492,262
2024-02-05 19:00:00,Residential_West,200,94,Foggy,12.92,0,0.388,106
2024-02-05 19:00:00,Suburban_East,200,87,Foggy,18.47,0,0.382,113
2024-02-05 20:00:00,Downtown_A,200,76,Foggy,30.76,0,0.475,124
2024-02-05 20:00:00,Business_Hub,500,233,Clear,34.02,0,0.524,267
2024-02-05 20:00:00,Shopping_Mall,500,230,Rainy,33.77,0,0.418,270
2024-02-05 20:00:00,Residential_West,200,78,Clear,20.66,0,0.298,122
2024-02-05 20:00:00,Suburban_East,200,74,Clear,10.73,0,0.311,126
2024-02-05 21:00:00,Downtown_A,200,74,Foggy,26.3,0,0.364,126
2024-02-05 21:00:00,Business_Hub,500,213,Clear,34.38,0,0.508,287
2024-02-05 21:00:00,Shopping_Mall,500,217,Rainy,13.31,0,0.368,283
2024-02-05 21:00:00,Residential_West,200,70,Clear,23.3,0,0.445,130
2024-02-05 21:00:00,Suburban_East,200,72,Snowy,24.55,0,0.285,128
2024-02-05 22:00:00,Downtown_A,200,63,Clear,21.47,0,0.348,137
2024-02-05 22:00:00,Business_Hub,500,208,Clear,26.02,0,0.458,292
2024-02-05 22:00:00,Shopping_Mall,500,222,Snowy,10.09,0,0.502,278
2024-02-05 22:00:00,Residential_West,200,67,Clear,22.05,0,0.372,133
2024-02-05 22:00:00,Suburban_East,200,55,Snowy,28.1,0,0.33,145
2024-02-05 23:00:00,Downtown_A,200,68,Snowy,13.49,0,0.438,132
2024-02-05 23:00:00,Business_Hub,500,218,Snowy,21.04,0,0.458,282
2024-02-05 23:00:00,Shopping_Mall,500,212,Foggy,17.86,0,0.442,288
2024-02-05 23:00:00,Residential_West,200,64,Foggy,21.49,0,0.342,136
2024-02-05 23:00:00,Suburban_East,200,62,Foggy,30.6,0,0.302,138
2024-02-06 00:00:00,Downtown_A,200,54,Foggy,13.93,0,0.26,146
2024-02-06 00:00:00,Business_Hub,500,206,Snowy,22.88,0,0.326,294
2024-02-06 00:00:00,Shopping_Mall,500,209,Clear,21.72,0,0.454,291
2024-02-06 00:00:00,Residential_West,200,65,Snowy,34.14,1,0.408,135
2024-02-06 00:00:00,Suburban_East,200,57,Clear,26.86,0,0.378,143
2024-02-06 01:00:00,Downtown_A,200,65,Clear,13.65,0,0.255,135
2024-02-06 01:00:00,Business_Hub,500,204,Rainy,31.06,1,0.408,296
2024-02-06 01:00:00,Shopping_Mall,500,218,Clear,17.34,1,0.395,282
2024-02-06 01:00:00,Residential_West,200,55,Snowy,16.89,0,0.275,145
2024-02-06 01:00:00,Suburban_East,200,48,Clear,10.73,1,0.3,152
2024-02-06 02:00:00,Downtown_A,200,69,Snowy,17.22,0,0.365,131
2024-02-06 02:00:00,Business_Hub,500,217,Foggy,31.7,0,0.395,283
2024-02-06 02:00:00,Shopping_Mall,500,209,Clear,20.38,0,0.328,291
2024-02-06 02:00:00,Residential_West,200,58,Snowy,17.47,0,0.206,142
2024-02-06 02:00:00,Suburban_East,200,69,Clear,29.17,0,0.374,131
2024-02-06 03:00:00,Downtown_A,200,79,Clear,13.47,0,0.387,121
2024-02-06 03:00:00,Business_Hub,500,218,Foggy,13.07,0,0.483,282
2024-02-06 03:00:00,Shopping_Mall,500,219,Rainy,31.22,0,0.375,281
2024-02-06 03:00:00,Residential_West,200,82,Foggy,30.38,0,0.385,118
2024-02-06 03:00:00,Suburban_East,200,68,Snowy,31.2,0,0.274,132
2024-02-06 04:00:00,Downtown_A,200,75,Snowy,16.08,0,0.356,125
2024-02-06 04:00:00,Business_Hub,500,228,Foggy,23.59,0,0.45,272
2024-02-06 04:00:00,Shopping_Mall,500,236,Clear,14.14,0,0.435,264
2024-02-06 04:00:00,Residential_West,200,96,Foggy,31.13,1,0.527,104
2024-02-06 04:00:00,Suburban_East,200,75,Rainy,33.0,0,0.331,125
2024-02-06 05:00:00,Downtown_A,200,97,Snowy,18.23,0,0.416,103
2024-02-06 05:00:00,Business_Hub,500,240,Foggy,34.15,0,0.576,260
2024-02-06 05:00:00,Shopping_Mall,500,241,Snowy,23.79,0,0.389,259
2024-02-06 05:00:00,Residential_West,200,93,Foggy,17.74,0,0.384,107
2024-02-06 05:00:00,Suburban_East,200,75,Foggy,21.69,0,0.378,125
2024-02-06 06:00:00,Downtown_A,200,101,Snowy,25.11,0,0.447,99
2024-02-06 06:00:00,Business_Hub,500,249,Clear,34.62,0,0.504,251
2024-02-06 06:00:00,Shopping_Mall,500,250,Foggy,10.32,0,0.494,250
2024-02-06 06:00:00,Residential_West,200,103,Foggy,10.92,0,0.491,97
2024-02-06 06:00:00,Suburban_East,200,102,Foggy,26.36,0,0.53,98
2024-02-06 07:00:00,Downtown_A,200,108,Clear,17.79,0,0.62,92
2024-02-06 07:00:00,Business_Hub,500,256,Snowy,23.57,1,0.591,244
2024-02-06 07:00:00,Shopping_Mall,500,248,Rainy,14.05,0,0.432,252
2024-02-06 07:00:00,Residential_West,200,101,Foggy,21.18,0,0.422,99
2024-02-06 07:00:00,Suburban_East,200,116,Clear,33.28,0,0.504,84
2024-02-06 08:00:00,Downtown_A,200,115,Foggy,11.26,0,0.504,85
2024-02-06 08:00:00,Business_Hub,500,271,Clear,34.82,0,0.639,229
2024-02-06 08:00:00,Shopping_Mall,500,278,Foggy,32.64,0,0.643,222
2024-02-06 08:00:00,Residential_West,200,118,Clear,27.22,0,0.532,82
2024-02-06 08:00:00,Suburban_East,200,127,Rainy,32.57,0,0.579,73
2024-02-06 09:00:00,Downtown_A,200,128,Foggy,17.88,0,0.574,72
2024-02-06 09:00:00,Business_Hub,500,285,Rainy,19.36,0,0.591,215
2024-02-06 09:00:00,Shopping_Mall,500,273,Rainy,23.46,0,0.588,227
2024-02-06 09:00:00,Residential_West,200,129,Rainy,12.49,0,0.641,71
2024-02-06 09:00:00,Suburban_East,200,131,Rainy,19.14,0,0.555,69
2024-02-06 10:00:00,Downtown_A,200,133,Clear,26.89,0,0.625,67
2024-02-06 10:00:00,Business_Hub,500,294,Foggy,31.64,0,0.491,206
2024-02-06 10:00:00,Shopping_Mall,500,277,Clear,17.18,0,0.647,223
2024-02-06 10:00:00,Residential_West,200,139,Rainy,23.41,1,0.618,61
2024-02-06 10:00:00,Suburban_East,200,129,Snowy,18.05,0,0.626,71
2024-02-06 11:00:00,Downtown_A,200,141,Rainy,10.95,0,0.712,59
2024-02-06 11:00:00,Business_Hub,500,285,Clear,33.92,0,0.577,215
2024-02-06 11:00:00,Shopping_Mall,500,291,Snowy,34.24,1,0.564,209
2024-02-06 11:00:00,Residential_West,200,140,Clear,33.2,0,0.693,60
2024-02-06 11:00:00,Suburban_East,200,126,Foggy,20.72,1,0.682,74
2024-02-06 12:00:00,Downtown_A,200,140,Foggy,17.07,0,0.732,60
2024-02-06 12:00:00,Business_Hub,500,295,Snowy,18.12,1,0.515,205
2024-02-06 12:00:00,Shopping_Mall,500,291,Clear,15.73,0,0.532,209
2024-02-06 12:00:00,Residential_West,200,139,Clear,32.05,0,0.769,61
2024-02-06 12:00:00,Suburban_East,200,138,Rainy,11.76,0,0.757,62
2024-02-06 13:00:00,Downtown_A,200,143,Clear,16.1,0,0.62,57
2024-02-06 13:00:00,Business_Hub,500,287,Rainy,33.66,0,0.575,213
2024-02-06 13:00:00,Shopping_Mall,500,287,Snowy,31.51,1,0.501,213
2024-02-06 13:00:00,Residential_West,200,141,Snowy,14.52,0,0.692,59
2024-02-06 13:00:00,Suburban_East,200,144,Clear,10.42,0,0.722,56
2024-02-06 14:00:00,Downtown_A,200,142,Snowy,33.94,0,0.754,58
2024-02-06 14:00:00,Business_Hub,500,289,Rainy,15.92,0,0.499,211
2024-02-06 14:00:00,Shopping_Mall,500,282,Foggy,33.62,1,0.474,218
2024-02-06 14:00:00,Residential_West,200,134,Snowy,27.93,0,0.703,66
2024-02-06 14:00:00,Suburban_East,200,133,Snowy,34.58,1,0.596,67
2024-02-06 15:00:00,Downtown_A,200,124,Snowy,30.43,0,0.633,76
2024-02-06 15:00:00,Business_Hub,500,273,Rainy,34.85,0,0.645,227
2024-02-06 15:00:00,Shopping_Mall,500,282,Rainy,34.71,0,0.631,218
2024-02-06 15:00:00,Residential_West,200,130,Clear,13.62,0,0.744,70
2024-02-06 15:00:00,Suburban_East,200,139,Snowy,31.37,0,0.615,61
2024-02-06 16:00:00,Downtown_A,200,120,Rainy,32.74,0,0.685,80
2024-02-06 16:00:00,Business_Hub,500,273,Rainy,22.61,1,0.602,227
2024-02-06 16:00:00,Shopping_Mall,500,264,Rainy,20.49,0,0.61,236
2024-02-06 16:00:00,Residential_West,200,124,Clear,17.15,0,0.665,76
2024-02-06 16:00:00,Suburban_East,200,121,Rainy,18.27,0,0.688,79
2024-02-06 17:00:00,Downtown_A,200,107,Clear,22.32,0,0.56,93
2024-02-06 17:00:00,Business_Hub,500,260,Clear,18.63,0,0.45,240
2024-02-06 17:00:00,Shopping_Mall,500,257,Snowy,29.31,0,0.585,243
2024-02-06 17:00:00,Residential_West,200,111,Foggy,18.43,0,0.644,89
2024-02-06 17:00:00,Suburban_East,200,103,Rainy,19.97,0,0.596,97
2024-02-06 18:00:00,Downtown_A,200,104,Foggy,33.15,0,0.557,96
2024-02-06 18:00:00,Business_Hub,500,242,Rainy,23.11,0,0.579,258
2024-02-06 18:00:00,Shopping_Mall,500,251,Clear,30.88,0,0.481,249
2024-02-06 18:00:00,Residential_West,200,101,Clear,31.1,0,0.458,99
2024-02-06 18:00:00,Suburban_East,200,100,Rainy,22.01,0,0.441,100
2024-02-06 19:00:00,Downtown_A,200,82,Snowy,34.66,1,0.485,118
2024-02-06 19:00:00,Business_Hub,500,241,Snowy,31.77,0,0.459,259
2024-02-06 19:00:00,Shopping_Mall,500,242,Clear,15.45,0,0.395,258
2024-02-06 19:00:00,Residential_West,200,101,Foggy,20.85,1,0.515,99
2024-02-06 19:00:00,Suburban_East,200,84,Foggy,20.95,0,0.366,116
2024-02-06 20:00:00,Downtown_A,200,76,Clear,20.1,1,0.4,124
2024-02-06 20:00:00,Business_Hub,500,222,Snowy,25.29,0,0.399,278
2024-02-06 20:00:00,Shopping_Mall,500,229,Foggy,12.43,1,0.362,271
2024-02-06 20:00:00,Residential_West,200,79,Rainy,32.83,0,0.342,121
2024-02-06 20:00:00,Suburban_East,200,82,Snowy,14.08,0,0.376,118
2024-02-06 21:00:00,Downtown_A,200,70,Snowy,26.66,0,0.432,130
2024-02-06 21:00:00,Business_Hub,500,218,Snowy,29.38,0,0.43,282
2024-02-06 21:00:00,Shopping_Mall,500,218,Snowy,21.96,0,0.457,282
2024-02-06 21:00:00,Residential_West,200,69,Rainy,25.66,1,0.329,131
2024-02-06 21:00:00,Suburban_East,200,72,Foggy,23.04,0,0.35,128
2024-02-06 22:00:00,Downtown_A,200,69,Foggy,10.33,1,0.248,131
2024-02-06 22:00:00,Business_Hub,500,215,Clear,20.57,0,0.446,285
2024-02-06 22:00:00,Shopping_Mall,500,219,Snowy,27.9,0,0.42,281
2024-02-06 22:00:00,Residential_West,200,58,Foggy,31.16,0,0.202,142
2024-02-06 22:00:00,Suburban_East,200,62,Clear,34.12,0,0.358,138
2024-02-06 23:00:00,Downtown_A,200,64,Rainy,27.54,0,0.287,136
2024-02-06 23:00:00,Business_Hub,500,211,Rainy,32.37,0,0.355,289
2024-02-06 23:00:00,Shopping_Mall,500,212,Snowy,24.37,0,0.332,288
2024-02-06 23:00:00,Residential_West,200,56,Snowy,22.44,0,0.335,144
2024-02-06 23:00:00,Suburban_East,200,69,Foggy,27.16,0,0.371,131
2024-02-07 00:00:00,Downtown_A,200,60,Foggy,14.46,0,0.313,140
2024-02-07 00:00:00,Business_Hub,500,202,Foggy,11.95,0,0.389,298
2024-02-07 00:00:00,Shopping_Mall,500,211,Rainy,22.29,0,0.387,289
2024-02-07 00:00:00,Residential_West,200,55,Clear,33.61,0,0.348,145
2024-02-07 00:00:00,Suburban_East,200,59,Foggy,17.54,0,0.393,141
2024-02-07 01:00:00,Downtown_A,200,61,Foggy,17.68,0,0.306,139
2024-02-07 01:00:00,Business_Hub,500,206,Foggy,20.97,1,0.344,294
2024-02-07 01:00:00,Shopping_Mall,500,205,Foggy,17.76,0,0.482,295
2024-02-07 01:00:00,Residential_West,200,74,Snowy,14.05,0,0.432,126
2024-02-07 01:00:00,Suburban_East,200,55,Foggy,12.17,0,0.288,145
2024-02-07 02:00:00,Downtown_A,200,70,Clear,14.26,0,0.367,130
2024-02-07 02:00:00,Business_Hub,500,216,Clear,14.31,0,0.415,284
2024-02-07 02:00:00,Shopping_Mall,500,223,Foggy,33.34,0,0.487,277
2024-02-07 02:00:00,Residential_West,200,56,Snowy,34.6,1,0.253,144
2024-02-07 02:00:00,Suburban_East,200,63,Rainy,30.26,0,0.365,137
2024-02-07 03:00:00,Downtown_A,200,75,Clear,21.27,0,0.413,125
2024-02-07 03:00:00,Business_Hub,500,223,Snowy,11.48,0,0.434,277
2024-02-07 03:00:00,Shopping_Mall,500,217,Rainy,15.06,0,0.511,283
2024-02-07 03:00:00,Residential_West,200,77,Foggy,21.58,0,0.363,123
2024-02-07 03:00:00,Suburban_East,200,69,Clear,33.53,0,0.43,131
2024-02-07 04:00:00,Downtown_A,200,77,Rainy,24.4,0,0.443,123
2024-02-07 04:00:00,Business_Hub,500,228,Rainy,12.31,0,0.459,272
2024-02-07 04:00:00,Shopping_Mall,500,230,Rainy,33.33,0,0.556,270
2024-02-07 04:00:00,Residential_West,200,71,Snowy,19.86,0,0.381,129
2024-02-07 04:00:00,Suburban_East,200,81,Rainy,27.51,0,0.5,119
2024-02-07 05:00:00,Downtown_A,200,87,Snowy,24.76,0,0.445,113
2024-02-07 05:00:00,Business_Hub,500,239,Snowy,16.67,0,0.497,261
2024-02-07 05:00:00,Shopping_Mall,500,237,Rainy,25.16,0,0.376,263
2024-02-07 05:00:00,Residential_West,200,92,Foggy,32.07,0,0.509,108
2024-02-07 05:00:00,Suburban_East,200,88,Snowy,17.76,0,0.402,112
2024-02-07 06:00:00,Downtown_A,200,102,Rainy,28.73,0,0.465,98
2024-02-07 06:00:00,Business_Hub,500,247,Clear,22.59,0,0.45,253
2024-02-07 06:00:00,Shopping_Mall,500,252,Snowy,12.63,0,0.424,248
2024-02-07 06:00:00,Residential_West,200,102,Clear,30.48,0,0.419,98
2024-02-07 06:00:00,Suburban_East,200,107,Foggy,29.17,0,0.586,93
2024-02-07 07:00:00,Downtown_A,200,117,Rainy,13.38,0,0.585,83
2024-02-07 07:00:00,Business_Hub,500,261,Snowy,30.4,0,0.562,239
2024-02-07 07:00:00,Shopping_Mall,500,259,Snowy,32.64,0,0.425,241
2024-02-07 07:00:00,Residential_West,200,106,Rainy,10.34,0,0.562,94
2024-02-07 07:00:00,Suburban_East,200,106,Rainy,11.35,0,0.462,94
2024-02-07 08:00:00,Downtown_A,200,122,Rainy,21.33,1,0.62,78
2024-02-07 08:00:00,Business_Hub,500,264,Rainy,34.95,0,0.566,236
2024-02-07 08:00:00,Shopping_Mall,500,263,Clear,28.7,0,0.562,237
2024-02-07 08:00:00,Residential_West,200,121,Snowy,28.42,0,0.618,79
2024-02-07 08:00:00,Suburban_East,200,110,Snowy,18.08,0,0.519,90
2024-02-07 09:00:00,Downtown_A,200,131,Foggy,29.34,0,0.689,69
2024-02-07 09:00:00,Business_Hub,500,279,Snowy,31.57,0,0.626,221
2024-02-07 09:00:00,Shopping_Mall,500,268,Rainy,15.29,0,0.619,232
2024-02-07 09:00:00,Residential_West,200,131,Snowy,29.35,0,0.589,69
2024-02-07 09:00:00,Suburban_East,200,129,Clear,19.71,0,0.717,71
2024-02-07 10:00:00,Downtown_A,200,134,Rainy,20.72,0,0.613,66
2024-02-07 10:00:00,Business_Hub,500,283,Snowy,30.82,0,0.657,217
2024-02-07 10:00:00,Shopping_Mall,500,286,Foggy,16.16,1,0.578,214
2024-02-07 10:00:00,Residential_West,200,138,Clear,34.32,0,0.728,62
2024-02-07 10:00:00,Suburban_East,200,135,Snowy,16.08,0,0.644,65
2024-02-07 11:00:00,Downtown_A,200,139,Clear,10.46,0,0.756,61
2024-02-07 11:00:00,Business_Hub,500,289,Foggy,20.61,0,0.636,211
2024-02-07 11:00:00,Shopping_Mall,500,283,Clear,29.46,0,0.509,217
2024-02-07 11:00:00,Residential_West,200,140,Snowy,24.99,0,0.682,60
2024-02-07 11:00:00,Suburban_East,200,131,Foggy,18.14,0,0.728,69
2024-02-07 12:00:00,Downtown_A,200,146,Foggy,30.6,0,0.692,54
2024-02-07 12:00:00,Business_Hub,500,291,Clear,22.96,0,0.597,209
2024-02-07 12:00:00,Shopping_Mall,500,292,Snowy,15.82,0,0.502,208
2024-02-07 12:00:00,Residential_West,200,138,Foggy,12.6,0,0.698,62
2024-02-07 12:00:00,Suburban_East,200,141,Rainy,33.09,0,0.738,59
2024-02-07 13:00:00,Downtown_A,200,133,Rainy,24.38,0,0.742,67
2024-02-07 13:00:00,Business_Hub,500,295,Clear,28.7,1,0.575,205
2024-02-07 13:00:00,Shopping_Mall,500,284,Clear,23.8,0,0.664,216
2024-02-07 13:00:00,Residential_West,200,132,Clear,14.53,1,0.564,68
2024-02-07 13:00:00,Suburban_East,200,134,Rainy,27.94,0,0.598,66
2024-02-07 14:00:00,Downtown_A,200,135,Clear,33.84,0,0.586,65
2024-02-07 14:00:00,Business_Hub,500,287,Snowy,28.15,1,0.612,213
2024-02-07 14:00:00,Shopping_Mall,500,289,Rainy,10.47,0,0.53,211
2024-02-07 14:00:00,Residential_West,200,140,Foggy,13.25,0,0.653,60
2024-02-07 14:00:00,Suburban_East,200,137,Snowy,19.17,0,0.723,63
2024-02-07 15:00:00,Downtown_A,200,126,Snowy,14.27,0,0.568,74
2024-02-07 15:00:00,Business_Hub,500,276,Snowy,33.51,0,0.492,224
2024-02-07 15:00:00,Shopping_Mall,500,290,Foggy,34.43,0,0.5,210
2024-02-07 15:00:00,Residential_West,200,129,Rainy,15.2,0,0.561,71
2024-02-07 15:00:00,Suburban_East,200,123,Rainy,19.86,0,0.638,77
2024-02-07 16:00:00,Downtown_A,200,117,Clear,24.69,0,0.578,83
2024-02-07 16:00:00,Business_Hub,500,270,Clear,13.01,1,0.558,230
2024-02-07 16:00:00,Shopping_Mall,500,272,Rainy,29.49,0,0.608,228
2024-02-07 16:00:00,Residential_West,200,123,Foggy,24.22,0,0.589,77
2024-02-07 16:00:00,Suburban_East,200,111,Snowy,12.36,0,0.48,89
2024-02-07 17:00:00,Downtown_A,200,108,Rainy,14.38,0,0.484,92
2024-02-07 17:00:00,Business_Hub,500,267,Snowy,16.2,0,0.477,233
2024-02-07 17:00:00,Shopping_Mall,500,268,Rainy,26.3,0,0.578,232
2024-02-07 17:00:00,Residential_West,200,110,Snowy,29.48,0,0.544,90
2024-02-07 17:00:00,Suburban_East,200,111,Clear,25.64,0,0.655,89
2024-02-07 18:00:00,Downtown_A,200,94,Foggy,15.52,0,0.374,106
2024-02-07 18:00:00,Business_Hub,500,250,Snowy,25.09,0,0.437,250
2024-02-07 18:00:00,Shopping_Mall,500,255,Rainy,17.09,0,0.541,245
2024-02-07 18:00:00,Residential_West,200,110,Rainy,29.31,1,0.559,90
2024-02-07 18:00:00,Suburban_East,200,102,Rainy,24.06,1,0.425,98
2024-02-07 19:00:00,Downtown_A,200,92,Foggy,17.82,0,0.509,108
2024-02-07 19:00:00,Business_Hub,500,242,Clear,17.36,0,0.402,258
2024-02-07 19:00:00,Shopping_Mall,500,240,Foggy,11.16,0,0.382,260
2024-02-07 19:00:00,Residential_West,200,85,Rainy,26.63,0,0.364,115
2024-02-07 19:00:00,Suburban_East,200,89,Clear,30.72,0,0.368,111
2024-02-07 20:00:00,Downtown_A,200,84,Snowy,20.62,0,0.489,116
2024-02-07 20:00:00,Business_Hub,500,230,Clear,11.67,0,0.484,270
2024-02-07 20:00:00,Shopping_Mall,500,222,Clear,17.98,0,0.443,278
2024-02-07 20:00:00,Residential_West,200,82,Rainy,33.69,0,0.341,118
2024-02-07 20:00:00,Suburban_East,200,81,Clear,19.36,0,0.434,119
2024-02-07 21:00:00,Downtown_A,200,68,Foggy,10.25,1,0.374,132
2024-02-07 21:00:00,Business_Hub,500,218,Clear,23.79,0,0.404,282
2024-02-07 21:00:00,Shopping_Mall,500,224,Clear,33.55,0,0.545,276
2024-02-07 21:00:00,Residential_West,200,68,Rainy,15.44,0,0.335,132
2024-02-07 21:00:00,Suburban_East,200,65,Clear,32.27,0,0.408,135
2024-02-07 22:00:00,Downtown_A,200,72,Foggy,16.97,0,0.272,128
2024-02-07 22:00:00,Business_Hub,500,214,Clear,14.5,0,0.424,286
2024-02-07 22:00:00,Shopping_Mall,500,208,Rainy,30.59,0,0.502,292
2024-02-07 22:00:00,Residential_West,200,70,Snowy,34.28,0,0.335,130
2024-02-07 22:00:00,Suburban_East,200,63,Rainy,19.12,0,0.387,137
2024-02-07 23:00:00,Downtown_A,200,65,Foggy,29.37,0,0.345,135
2024-02-07 23:00:00,Business_Hub,500,209,Clear,28.12,0,0.411,291
2024-02-07 23:00:00,Shopping_Mall,500,214,Clear,11.17,0,0.335,286
2024-02-07 23:00:00,Residential_West,200,58,Snowy,33.42,0,0.289,142
2024-02-07 23:00:00,Suburban_East,200,56,Clear,14.38,0,0.324,144
2024-02-08 00:00:00,Downtown_A,200,60,Foggy,15.87,0,0.329,140
2024-02-08 00:00:00,Business_Hub,500,197,Snowy,34.73,0,0.489,303
2024-02-08 00:00:00,Shopping_Mall,500,210,Clear,24.25,0,0.412,290
2024-02-08 00:00:00,Residential_West,200,62,Rainy,10.68,0,0.348,138
2024-02-08 00:00:00,Suburban_East,200,65,Foggy,10.56,0,0.284,135
2024-02-08 01:00:00,Downtown_A,200,50,Snowy,16.52,0,0.298,150
2024-02-08 01:00:00,Business_Hub,500,219,Rainy,14.5,0,0.377,281
2024-02-08 01:00:00,Shopping_Mall,500,213,Clear,11.58,0,0.511,287
2024-02-08 01:00:00,Residential_West,200,60,Clear,27.33,0,0.305,140
2024-02-08 01:00:00,Suburban_East,200,63,Clear,29.37,0,0.31,137
2024-02-08 02:00:00,Downtown_A,200,54,Snowy,15.41,0,0.367,146
2024-02-08 02:00:00,Business_Hub,500,214,Clear,34.6,0,0.334,286
2024-02-08 02:00:00,Shopping_Mall,500,218,Snowy,27.58,0,0.535,282
2024-02-08 02:00:00,Residential_West,200,64,Rainy,23.47,0,0.402,136
2024-02-08 02:00:00,Suburban_East,200,74,Snowy,19.67,0,0.294,126
2024-02-08 03:00:00,Downtown_A,200,67,Clear,10.79,1,0.268,133
2024-02-08 03:00:00,Business_Hub,500,218,Snowy,30.76,0,0.456,282
2024-02-08 03:00:00,Shopping_Mall,500,230,Clear,12.59,0,0.427,270
2024-02-08 03:00:00,Residential_West,200,67,Foggy,27.96,0,0.279,133
2024-02-08 03:00:00,Suburban_East,200,69,Clear,25.2,0,0.366,131
2024-02-08 04:00:00,Downtown_A,200,80,Foggy,10.32,0,0.5,120
2024-02-08 04:00:00,Business_Hub,500,225,Foggy,11.59,0,0.519,275
2024-02-08 04:00:00,Shopping_Mall,500,231,Clear,20.41,0,0.494,269
2024-02-08 04:00:00,Residential_West,200,69,Rainy,19.07,1,0.42,131
2024-02-08 04:00:00,Suburban_East,200,75,Clear,15.55,0,0.353,125
2024-02-08 05:00:00,Downtown_A,200,97,Rainy,17.39,0,0.544,103
2024-02-08 05:00:00,Business_Hub,500,238,Rainy,33.36,0,0.51,262
2024-02-08 05:00:00,Shopping_Mall,500,245,Snowy,25.32,0,0.412,255
2024-02-08 05:00:00,Residential_West,200,91,Foggy,16.95,0,0.383,109
2024-02-08 05:00:00,Suburban_East,200,91,Foggy,25.24,0,0.359,109
2024-02-08 06:00:00,Downtown_A,200,100,Rainy,20.67,0,0.598,100
2024-02-08 06:00:00,Business_Hub,500,253,Snowy,24.93,0,0.488,247
2024-02-08 06:00:00,Shopping_Mall,500,245,Rainy,25.94,1,0.484,255
2024-02-08 06:00:00,Residential_West,200,99,Snowy,13.72,0,0.48,101
2024-02-08 06:00:00,Suburban_East,200,103,Snowy,11.02,0,0.54,97
2024-02-08 07:00:00,Downtown_A,200,110,Snowy,31.58,0,0.641,90
2024-02-08 07:00:00,Business_Hub,500,266,Rainy,33.89,0,0.447,234
2024-02-08 07:00:00,Shopping_Mall,500,264,Foggy,15.39,0,0.597,236
2024-02-08 07:00:00,Residential_West,200,119,Rainy,14.48,0,0.626,81
2024-02-08 07:00:00,Suburban_East,200,107,Clear,24.66,0,0.545,93
2024-02-08 08:00:00,Downtown_A,200,117,Clear,31.06,0,0.631,83
2024-02-08 08:00:00,Business_Hub,500,278,Snowy,30.16,0,0.625,222
2024-02-08 08:00:00,Shopping_Mall,500,270,Rainy,12.25,0,0.498,230
2024-02-08 08:00:00,Residential_West,200,118,Foggy,27.91,0,0.685,82
2024-02-08 08:00:00,Suburban_East,200,116,Snowy,22.38,0,0.578,84
2024-02-08 09:00:00,Downtown_A,200,131,Rainy,30.41,0,0.633,69
2024-02-08 09:00:00,Business_Hub,500,284,Foggy,13.45,0,0.468,216
2024-02-08 09:00:00,Shopping_Mall,500,272,Foggy,24.03,0,0.629,228
2024-02-08 09:00:00,Residential_West,200,132,Clear,27.2,0,0.676,68
2024-02-08 09:00:00,Suburban_East,200,129,Clear,34.64,0,0.579,71
2024-02-08 10:00:00,Downtown_A,200,127,Snowy,12.91,0,0.661,73
2024-02-08 10:00:00,Business_Hub,500,282,Clear,32.93,0,0.591,218
2024-02-08 10:00:00,Shopping_Mall,500,287,Foggy,14.69,0,0.668,213
2024-02-08 10:00:00,Residential_West,200,127,Clear,16.15,1,0.66,73
2024-02-08 10:00:00,Suburban_East,200,133,Snowy,24.17,0,0.649,67
2024-02-08 11:00:00,Downtown_A,200,137,Snowy,32.88,0,0.688,63
2024-02-08 11:00:00,Business_Hub,500,297,Foggy,29.23,0,0.627,203
2024-02-08 11:00:00,Shopping_Mall,500,285,Foggy,21.45,0,0.518,215
2024-02-08 11:00:00,Residential_West,200,142,Rainy,32.5,0,0.685,58
2024-02-08 11:00:00,Suburban_East,200,142,Snowy,25.75,0,0.767,58
2024-02-08 12:00:00,Downtown_A,200,143,Snowy,22.59,0,0.728,57
2024-02-08 12:00:00,Business_Hub,500,291,Foggy,10.94,0,0.488,209
2024-02-08 12:00:00,Shopping_Mall,500,296,Snowy,23.02,1,0.58,204
2024-02-08 12:00:00,Residential_West,200,141,Clear,22.15,0,0.662,59
2024-02-08 12:00:00,Suburban_East,200,137,Rainy,19.37,0,0.689,63
2024-02-08 13:00:00,Downtown_A,200,137,Foggy,24.79,0,0.753,63
2024-02-08 13:00:00,Business_Hub,500,289,Clear,19.76,0,0.51,211
2024-02-08 13:00:00,Shopping_Mall,500,297,Snowy,27.85,0,0.609,203
2024-02-08 13:00:00,Residential_West,200,135,Foggy,26.46,0,0.608,65
2024-02-08 13:00:00,Suburban_East,200,140,Foggy,15.84,0,0.646,60
2024-02-08 14:00:00,Downtown_A,200,135,Clear,21.08,0,0.617,65
2024-02-08 14:00:00,Business_Hub,500,288,Rainy,21.5,0,0.507,212
2024-02-08 14:00:00,Shopping_Mall,500,288,Snowy,21.42,0,0.62,212
2024-02-08 14:00:00,Residential_West,200,129,Foggy,14.03,0,0.561,71
2024-02-08 14:00:00,Suburban_East,200,133,Rainy,11.56,0,0.566,67
2024-02-08 15:00:00,Downtown_A,200,130,Snowy,31.21,0,0.567,70
2024-02-08 15:00:00,Business_Hub,500,279,Rainy,18.76,0,0.563,221
2024-02-08 15:00:00,Shopping_Mall,500,282,Clear,32.76,0,0.53,218
2024-02-08 15:00:00,Residential_West,200,115,Clear,33.39,0,0.633,85
2024-02-08 15:00:00,Suburban_East,200,130,Rainy,24.79,0,0.633,70
2024-02-08 16:00:00,Downtown_A,200,115,Clear,19.63,0,0.482,85
2024-02-08 16:00:00,Business_Hub,500,275,Rainy,19.38,0,0.481,225
2024-02-08 16:00:00,Shopping_Mall,500,280,Foggy,25.22,1,0.494,220
2024-02-08 16:00:00,Residential_West,200,121,Foggy,33.18,1,0.543,79
2024-02-08 16:00:00,Suburban_East,200,118,Rainy,24.63,0,0.683,82
2024-02-08 17:00:00,Downtown_A,200,113,Clear,29.45,0,0.558,87
2024-02-08 17:00:00,Business_Hub,500,259,Foggy,21.05,0,0.61,241
2024-02-08 17:00:00,Shopping_Mall,500,259,Rainy,20.42,0,0.444,241
2024-02-08 17:00:00,Residential_West,200,103,Rainy,13.1,0,0.457,97
2024-02-08 17:00:00,Suburban_East,200,105,Foggy,17.45,0,0.569,95
2024-02-08 18:00:00,Downtown_A,200,93,Rainy,16.9,0,0.485,107
2024-02-08 18:00:00,Business_Hub,500,245,Clear,34.01,0,0.52,255
2024-02-08 18:00:00,Shopping_Mall,500,252,Snowy,34.1,0,0.501,248
2024-02-08 18:00:00,Residential_West,200,108,Clear,23.05,0,0.475,92
2024-02-08 18:00:00,Suburban_East,200,94,Foggy,30.16,0,0.477,106
2024-02-08 19:00:00,Downtown_A,200,88,Clear,29.48,0,0.379,112
2024-02-08 19:00:00,Business_Hub,500,237,Foggy,29.71,0,0.547,263
2024-02-08 19:00:00,Shopping_Mall,500,238,Clear,28.54,0,0.445,262
2024-02-08 19:00:00,Residential_West,200,83,Rainy,29.84,0,0.402,117
2024-02-08 19:00:00,Suburban_East,200,80,Foggy,15.76,0,0.336,120
2024-02-08 20:00:00,Downtown_A,200,83,Foggy,20.25,0,0.338,117
2024-02-08 20:00:00,Business_Hub,500,224,Snowy,12.05,0,0.522,276
2024-02-08 20:00:00,Shopping_Mall,500,232,Snowy,21.28,1,0.377,268
2024-02-08 20:00:00,Residential_West,200,84,Snowy,22.03,0,0.415,116
2024-02-08 20:00:00,Suburban_East,200,82,Clear,33.16,0,0.486,118
2024-02-08 21:00:00,Downtown_A,200,68,Snowy,33.68,0,0.279,132
2024-02-08 21:00:00,Business_Hub,500,214,Rainy,32.45,0,0.482,286
2024-02-08 21:00:00,Shopping_Mall,500,228,Snowy,20.42,0,0.402,272
2024-02-08 21:00:00,Residential_West,200,73,Clear,29.92,0,0.443,127
2024-02-08 21:00:00,Suburban_East,200,66,Rainy,16.91,1,0.389,134
2024-02-08 22:00:00,Downtown_A,200,70,Foggy,22.1,0,0.267,130
2024-02-08 22:00:00,Business_Hub,500,218,Clear,33.48,0,0.459,282
2024-02-08 22:00:00,Shopping_Mall,500,223,Clear,22.98,0,0.367,277
2024-02-08 22:00:00,Residential_West,200,69,Clear,29.07,0,0.303,131
2024-02-08 22:00:00,Suburban_East,200,59,Rainy,30.43,0,0.198,141
2024-02-08 23:00:00,Downtown_A,200,62,Clear,20.86,0,0.36,138
2024-02-08 23:00:00,Business_Hub,500,211,Clear,19.09,0,0.445,289
2024-02-08 23:00:00,Shopping_Mall,500,214,Clear,34.93,0,0.391,286
2024-02-08 23:00:00,Residential_West,200,68,Snowy,17.8,0,0.323,132
2024-02-08 23:00:00,Suburban_East,200,51,Rainy,30.61,0,0.269,149
2024-02-09 00:00:00,Downtown_A,200,58,Foggy,16.37,1,0.213,142
2024-02-09 00:00:00,Business_Hub,500,215,Foggy,13.98,0,0.468,285
2024-02-09 00:00:00,Shopping_Mall,500,205,Foggy,18.85,0,0.479,295
2024-02-09 00:00:00,Residential_West,200,63,Foggy,19.53,0,0.289,137
2024-02-09 00:00:00,Suburban_East,200,60,Clear,15.78,1,0.286,140
2024-02-09 01:00:00,Downtown_A,200,62,Snowy,15.88,0,0.334,138
2024-02-09 01:00:00,Business_Hub,500,221,Snowy,11.76,0,0.383,279
2024-02-09 01:00:00,Shopping_Mall,500,207,Foggy,24.39,0,0.457,293
2024-02-09 01:00:00,Residential_West,200,61,Snowy,10.37,0,0.208,139
2024-02-09 01:00:00,Suburban_East,200,73,Rainy,29.26,1,0.35,127
2024-02-09 02:00:00,Downtown_A,200,63,Rainy,24.79,0,0.294,137
2024-02-09 02:00:00,Business_Hub,500,219,Foggy,13.53,0,0.49,281
2024-02-09 02:00:00,Shopping_Mall,500,220,Clear,12.32,1,0.361,280
2024-02-09 02:00:00,Residential_West,200,61,Rainy,12.67,0,0.26,139
2024-02-09 02:00:00,Suburban_East,200,69,Snowy,14.63,0,0.401,131
2024-02-09 03:00:00,Downtown_A,200,62,Foggy,25.14,0,0.353,138
2024-02-09 03:00:00,Business_Hub,500,222,Foggy,17.21,0,0.352,278
2024-02-09 03:00:00,Shopping_Mall,500,226,Snowy,30.39,0,0.381,274
2024-02-09 03:00:00,Residential_West,200,74,Snowy,34.37,0,0.45,126
2024-02-09 03:00:00,Suburban_East,200,69,Snowy,15.33,0,0.437,131
2024-02-09 04:00:00,Downtown_A,200,74,Clear,13.27,0,0.458,126
2024-02-09 04:00:00,Business_Hub,500,233,Foggy,14.08,0,0.408,267
2024-02-09 04:00:00,Shopping_Mall,500,234,Snowy,13.66,0,0.37,266
2024-02-09 04:00:00,Residential_West,200,78,Clear,23.45,0,0.347,122
2024-02-09 04:00:00,Suburban_East,200,74,Clear,26.94,1,0.4,126
2024-02-09 05:00:00,Downtown_A,200,85,Clear,12.03,0,0.328,115
2024-02-09 05:00:00,Business_Hub,500,242,Clear,30.84,0,0.414,258
2024-02-09 05:00:00,Shopping_Mall,500,240,Foggy,10.59,1,0.402,260
2024-02-09 05:00:00,Residential_West,200,86,Clear,26.95,0,0.334,114
2024-02-09 05:00:00,Suburban_East,200,90,Snowy,17.67,0,0.539,110
2024-02-09 06:00:00,Downtown_A,200,98,Foggy,27.37,0,0.446,102
2024-02-09 06:00:00,Business_Hub,500,250,Rainy,17.55,0,0.44,250
2024-02-09 06:00:00,Shopping_Mall,500,244,Clear,29.94,0,0.433,256
2024-02-09 06:00:00,Residential_West,200,111,Clear,27.41,1,0.569,89
2024-02-09 06:00:00,Suburban_East,200,95,Rainy,31.54,0,0.459,105
2024-02-09 07:00:00,Downtown_A,200,115,Rainy,16.87,1,0.552,85
2024-02-09 07:00:00,Business_Hub,500,261,Foggy,16.94,0,0.538,239
2024-02-09 07:00:00,Shopping_Mall,500,260,Clear,10.55,0,0.423,240
2024-02-09 07:00:00,Residential_West,200,109,Clear,15.57,1,0.575,91
2024-02-09 07:00:00,Suburban_East,200,111,Snowy,30.4,0,0.592,89
2024-02-09 08:00:00,Downtown_A,200,118,Clear,11.54,0,0.626,82
2024-02-09 08:00:00,Business_Hub,500,262,Foggy,10.92,0,0.45,238
2024-02-09 08:00:00,Shopping_Mall,500,272,Rainy,18.5,1,0.587,228
2024-02-09 08:00:00,Residential_West,200,120,Clear,31.74,0,0.651,80
2024-02-09 08:00:00,Suburban_East,200,128,Clear,19.84,0,0.714,72
2024-02-09 09:00:00,Downtown_A,200,125,Snowy,12.74,0,0.678,75
2024-02-09 09:00:00,Business_Hub,500,276,Clear,15.38,1,0.576,224
2024-02-09 09:00:00,Shopping_Mall,500,282,Rainy,21.21,0,0.612,218
2024-02-09 09:00:00,Residential_West,200,133,Foggy,15.76,0,0.635,67
2024-02-09 09:00:00,Suburban_East,200,128,Snowy,12.69,0,0.579,72
2024-02-09 10:00:00,Downtown_A,200,141,Clear,14.76,0,0.62,59
2024-02-09 10:00:00,Business_Hub,500,281,Foggy,14.45,0,0.574,219
2024-02-09 10:00:00,Shopping_Mall,500,285,Foggy,24.34,1,0.592,215
2024-02-09 10:00:00,Residential_West,200,137,Rainy,10.27,0,0.784,63
2024-02-09 10:00:00,Suburban_East,200,133,Clear,30.47,0,0.735,67
2024-02-09 11:00:00,Downtown_A,200,131,Foggy,26.41,0,0.611,69
2024-02-09 11:00:00,Business_Hub,500,284,Rainy,30.2,1,0.617,216
2024-02-09 11:00:00,Shopping_Mall,500,279,Clear,25.76,0,0.633,221
2024-02-09 11:00:00,Residential_West,200,145,Rainy,10.3,0,0.735,55
2024-02-09 11:00:00,Suburban_East,200,137,Clear,10.96,0,0.77,63
2024-02-09 12:00:00,Downtown_A,200,139,Foggy,27.37,0,0.642,61
2024-02-09 12:00:00,Business_Hub,500,285,Foggy,18.04,0,0.556,215
2024-02-09 12:00:00,Shopping_Mall,500,288,Snowy,15.87,0,0.58,212
2024-02-09 12:00:00,Residential_West,200,149,Clear,24.08,0,0.71,51
2024-02-09 12:00:00,Suburban_East,200,135,Rainy,27.09,0,0.621,65
2024-02-09 13:00:00,Downtown_A,200,130,Clear,15.49,0,0.66,70
2024-02-09 13:00:00,Business_Hub,500,291,Foggy,21.5,0,0.604,209
2024-02-09 13:00:00,Shopping_Mall,500,292,Snowy,24.54,1,0.681,208
2024-02-09 13:00:00,Residential_West,200,131,Snowy,29.19,0,0.656,69
2024-02-09 13:00:00,Suburban_East,200,140,Foggy,15.88,0,0.713,60
2024-02-09 14:00:00,Downtown_A,200,136,Snowy,19.96,0,0.633,64
2024-02-09 14:00:00,Business_Hub,500,280,Foggy,11.73,0,0.479,220
2024-02-09 14:00:00,Shopping_Mall,500,277,Snowy,10.96,0,0.592,223
2024-02-09 14:00:00,Residential_West,200,140,Foggy,33.41,0,0.73,60
2024-02-09 14:00:00,Suburban_East,200,141,Clear,34.19,0,0.632,59
2024-02-09 15:00:00,Downtown_A,200,125,Snowy,15.28,0,0.664,75
2024-02-09 15:00:00,Business_Hub,500,274,Rainy,32.03,0,0.46,226
2024-02-09 15:00:00,Shopping_Mall,500,287,Snowy,11.98,0,0.544,213
2024-02-09 15:00:00,Residential_West,200,124,Clear,16.18,0,0.611,76
2024-02-09 15:00:00,Suburban_East,200,126,Clear,31.25,0,0.545,74
2024-02-09 16:00:00,Downtown_A,200,122,Snowy,10.13,0,0.544,78
2024-02-09 16:00:00,Business_Hub,500,271,Snowy,24.1,0,0.589,229
2024-02-09 16:00:00,Shopping_Mall,500,258,Snowy,18.85,0,0.472,242
2024-02-09 16:00:00,Residential_West,200,119,Snowy,30.57,0,0.572,81
2024-02-09 16:00:00,Suburban_East,200,124,Snowy,30.28,0,0.611,76
2024-02-09 17:00:00,Downtown_A,200,109,Rainy,34.93,0,0.553,91
2024-02-09 17:00:00,Business_Hub,500,262,Snowy,11.12,0,0.603,238
2024-02-09 17:00:00,Shopping_Mall,500,263,Rainy,11.89,0,0.49,237
2024-02-09 17:00:00,Residential_West,200,107,Foggy,12.92,0,0.546,93
2024-02-09 17:00:00,Suburban_East,200,117,Foggy,23.72,1,0.645,83
2024-02-09 18:00:00,Downtown_A,200,99,Rainy,22.81,0,0.446,101
2024-02-09 18:00:00,Business_Hub,500,248,Snowy,23.59,0,0.575,252
2024-02-09 18:00:00,Shopping_Mall,500,254,Rainy,24.72,0,0.477,246
2024-02-09 18:00:00,Residential_West,200,102,Snowy,13.9,0,0.553,98
2024-02-09 18:00:00,Suburban_East,200,103,Clear,22.92,0,0.421,97
2024-02-09 19:00:00,Downtown_A,200,85,Clear,26.79,0,0.484,115
2024-02-09 19:00:00,Business_Hub,500,245,Clear,20.41,0,0.485,255
2024-02-09 19:00:00,Shopping_Mall,500,247,Rainy,18.23,0,0.445,253
2024-02-09 19:00:00,Residential_West,200,94,Foggy,18.33,0,0.567,106
2024-02-09 19:00:00,Suburban_East,200,93,Clear,32.1,0,0.38,107
2024-02-09 20:00:00,Downtown_A,200,80,Foggy,16.94,0,0.301,120
2024-02-09 20:00:00,Business_Hub,500,233,Foggy,20.01,1,0.558,267
2024-02-09 20:00:00,Shopping_Mall,500,234,Snowy,27.53,1,0.549,266
2024-02-09 20:00:00,Residential_West,200,78,Clear,18.21,0,0.382,122
2024-02-09 20:00:00,Suburban_East,200,76,Foggy,26.84,0,0.339,124
2024-02-09 21:00:00,Downtown_A,200,69,Clear,33.17,0,0.31,131
2024-02-09 21:00:00,Business_Hub,500,218,Snowy,14.78,0,0.401,282
2024-02-09 21:00:00,Shopping_Mall,500,229,Foggy,29.81,0,0.482,271
2024-02-09 21:00:00,Residential_West,200,81,Clear,33.35,0,0.488,119
2024-02-09 21:00:00,Suburban_East,200,72,Foggy,29.91,0,0.369,128
2024-02-09 22:00:00,Downtown_A,200,53,Clear,24.94,0,0.296,147
2024-02-09 22:00:00,Business_Hub,500,205,Rainy,13.99,0,0.404,295
2024-02-09 22:00:00,Shopping_Mall,500,222,Clear,34.8,0,0.374,278
2024-02-09 22:00:00,Residential_West,200,68,Clear,28.49,0,0.351,132
2024-02-09 22:00:00,Suburban_East,200,57,Rainy,30.59,0,0.317,143
2024-02-09 23:00:00,Downtown_A,200,54,Foggy,26.6,0,0.263,146
2024-02-09 23:00:00,Business_Hub,500,217,Snowy,13.92,0,0.512,283
2024-02-09 23:00:00,Shopping_Mall,500,213,Snowy,23.96,0,0.34,287
2024-02-09 23:00:00,Residential_West,200,53,Clear,22.9,0,0.32,147
2024-02-09 23:00:00,Suburban_East,200,67,Snowy,21.26,0,0.253,133
2024-02-10 00:00:00,Downtown_A,200,73,Foggy,34.71,0,0.287,127
2024-02-10 00:00:00,Business_Hub,500,224,Snowy,13.19,0,0.42,276
2024-02-10 00:00:00,Shopping_Mall,500,237,Foggy,20.39,0,0.513,263
2024-02-10 00:00:00,Residential_West,200,84,Clear,28.12,1,0.322,116
2024-02-10 00:00:00,Suburban_East,200,85,Snowy,31.74,1,0.428,115
2024-02-10 01:00:00,Downtown_A,200,87,Foggy,11.97,0,0.433,113
2024-02-10 01:00:00,Business_Hub,500,236,Rainy,32.17,0,0.397,264
2024-02-10 01:00:00,Shopping_Mall,500,235,Snowy,27.1,0,0.561,265
2024-02-10 01:00:00,Residential_West,200,82,Foggy,14.08,0,0.495,118
2024-02-10 01:00:00,Suburban_East,200,77,Foggy,32.51,0,0.403,123
2024-02-10 02:00:00,Downtown_A,200,84,Foggy,26.75,1,0.387,116
2024-02-10 02:00:00,Business_Hub,500,231,Clear,34.39,1,0.432,269
2024-02-10 02:00:00,Shopping_Mall,500,243,Snowy,25.37,0,0.552,257
2024-02-10 02:00:00,Residential_West,200,82,Snowy,20.86,0,0.333,118
2024-02-10 02:00:00,Suburban_East,200,95,Foggy,23.89,0,0.474,105
2024-02-10 03:00:00,Downtown_A,200,91,Snowy,25.45,0,0.439,109
2024-02-10 03:00:00,Business_Hub,500,243,Foggy,16.81,1,0.41,257
2024-02-10 03:00:00,Shopping_Mall,500,239,Foggy,25.93,0,0.441,261
2024-02-10 03:00:00,Residential_West,200,93,Clear,18.46,0,0.408,107
2024-02-10 03:00:00,Suburban_East,200,96,Foggy,26.22,0,0.572,104
2024-02-10 04:00:00,Downtown_A,200,98,Clear,16.25,0,0.433,102
2024-02-10 04:00:00,Business_Hub,500,240,Snowy,34.05,0,0.544,260
2024-02-10 04:00:00,Shopping_Mall,500,244,Foggy,12.09,0,0.469,256
2024-02-10 04:00:00,Residential_West,200,102,Foggy,27.93,1,0.464,98
2024-02-10 04:00:00,Suburban_East,200,96,Foggy,23.69,0,0.522,104
2024-02-10 05:00:00,Downtown_A,200,113,Clear,12.46,0,0.552,87
2024-02-10 05:00:00,Business_Hub,500,256,Clear,11.96,0,0.424,244
2024-02-10 05:00:00,Shopping_Mall,500,263,Snowy,10.09,0,0.614,237
2024-02-10 05:00:00,Residential_West,200,106,Clear,29.1,0,0.599,94
2024-02-10 05:00:00,Suburban_East,200,108,Snowy,14.6,0,0.482,92
2024-02-10 06:00:00,Downtown_A,200,128,Clear,26.52,0,0.559,72
2024-02-10 06:00:00,Business_Hub,500,270,Snowy,34.79,0,0.589,230
2024-02-10 06:00:00,Shopping_Mall,500,274,Rainy,31.37,0,0.48,226
2024-02-10 06:00:00,Residential_West,200,116,Snowy,26.28,0,0.635,84
2024-02-10 06:00:00,Suburban_East,200,118,Rainy,16.07,0,0.534,82
2024-02-10 07:00:00,Downtown_A,200,127,Snowy,10.16,0,0.723,73
2024-02-10 07:00:00,Business_Hub,500,276,Rainy,12.05,0,0.481,224
2024-02-10 07:00:00,Shopping_Mall,500,275,Foggy,24.36,0,0.519,225
2024-02-10 07:00:00,Residential_West,200,133,Snowy,11.78,0,0.733,67
2024-02-10 07:00:00,Suburban_East,200,125,Snowy,20.02,1,0.616,75
2024-02-10 08:00:00,Downtown_A,200,135,Foggy,13.41,0,0.692,65
2024-02-10 08:00:00,Business_Hub,500,294,Snowy,24.18,0,0.648,206
2024-02-10 08:00:00,Shopping_Mall,500,290,Foggy,31.78,0,0.59,210
2024-02-10 08:00:00,Residential_West,200,134,Snowy,23.66,0,0.677,66
2024-02-10 08:00:00,Suburban_East,200,134,Clear,27.53,0,0.65,66
2024-02-10 09:00:00,Downtown_A,200,156,Rainy,24.82,0,0.808,44
2024-02-10 09:00:00,Business_Hub,500,306,Clear,12.35,0,0.67,194
2024-02-10 09:00:00,Shopping_Mall,500,305,Rainy,18.97,0,0.637,195
2024-02-10 09:00:00,Residential_West,200,148,Foggy,11.17,0,0.786,52
2024-02-10 09:00:00,Suburban_East,200,154,Foggy,10.79,0,0.715,46
2024-02-10 10:00:00,Downtown_A,200,152,Snowy,30.95,0,0.752,48
2024-02-10 10:00:00,Business_Hub,500,313,Snowy,19.89,0,0.634,187
2024-02-10 10:00:00,Shopping_Mall,500,307,Foggy,28.28,0,0.658,193
2024-02-10 10:00:00,Residential_West,200,157,Foggy,31.43,1,0.695,43
2024-02-10 10:00:00,Suburban_East,200,154,Clear,23.41,0,0.8,46
2024-02-10 11:00:00,Downtown_A,200,154,Rainy,14.49,0,0.727,46
2024-02-10 11:00:00,Business_Hub,500,307,Foggy,19.17,0,0.64,193
2024-02-10 11:00:00,Shopping_Mall,500,305,Clear,14.83,1,0.641,195
2024-02-10 11:00:00,Residential_West,200,152,Foggy,33.43,0,0.828,48
2024-02-10 11:00:00,Suburban_East,200,159,Snowy,22.62,0,0.836,41
2024-02-10 12:00:00,Downtown_A,200,161,Snowy,17.99,0,0.749,39
2024-02-10 12:00:00,Business_Hub,500,315,Foggy,21.25,0,0.58,185
2024-02-10 12:00:00,Shopping_Mall,500,318,Foggy,11.04,0,0.706,182
2024-02-10 12:00:00,Residential_West,200,156,Rainy,33.48,0,0.777,44
2024-02-10 12:00:00,Suburban_East,200,163,Foggy,23.1,0,0.873,37
2024-02-10 13:00:00,Downtown_A,200,163,Foggy,25.67,0,0.904,37
2024-02-10 13:00:00,Business_Hub,500,313,Clear,34.94,0,0.682,187
2024-02-10 13:00:00,Shopping_Mall,500,304,Clear,28.48,0,0.692,196
2024-02-10 13:00:00,Residential_West,200,151,Rainy,34.51,0,0.687,49
2024-02-10 13:00:00,Suburban_East,200,167,Clear,10.52,0,0.897,33
2024-02-10 14:00:00,Downtown_A,200,163,Foggy,32.95,0,0.747,37
2024-02-10 14:00:00,Business_Hub,500,303,Rainy,18.81,0,0.691,197
2024-02-10 14:00:00,Shopping_Mall,500,300,Snowy,11.18,0,0.628,200
2024-02-10 14:00:00,Residential_West,200,155,Snowy,28.27,0,0.703,45
2024-02-10 14:00:00,Suburban_East,200,154,Rainy,28.24,0,0.806,46
2024-02-10 15:00:00,Downtown_A,200,152,Foggy,22.49,0,0.807,48
2024-02-10 15:00:00,Business_Hub,500,297,Clear,34.85,0,0.495,203
2024-02-10 15:00:00,Shopping_Mall,500,309,Foggy,15.51,0,0.702,191
2024-02-10 15:00:00,Residential_West,200,147,Foggy,27.48,0,0.643,53
2024-02-10 15:00:00,Suburban_East,200,151,Rainy,22.46,0,0.783,49
2024-02-10 16:00:00,Downtown_A,200,136,Snowy,24.3,0,0.672,64
2024-02-10 16:00:00,Business_Hub,500,295,Rainy,20.26,0,0.502,205
2024-02-10 16:00:00,Shopping_Mall,500,290,Rainy,14.91,1,0.661,210
2024-02-10 16:00:00,Residential_West,200,141,Clear,34.19,0,0.774,59
2024-02-10 16:00:00,Suburban_East,200,139,Rainy,32.1,1,0.61,61
2024-02-10 17:00:00,Downtown_A,200,134,Snowy,26.48,1,0.628,66
2024-02-10 17:00:00,Business_Hub,500,279,Snowy,32.1,0,0.494,221
2024-02-10 17:00:00,Shopping_Mall,500,275,Foggy,23.81,0,0.562,225
2024-02-10 17:00:00,Residential_West,200,126,Rainy,24.02,0,0.643,74
2024-02-10 17:00:00,Suburban_East,200,130,Snowy,28.65,0,0.748,70
2024-02-10 18:00:00,Downtown_A,200,111,Foggy,33.66,0,0.521,89
2024-02-10 18:00:00,Business_Hub,500,271,Snowy,13.08,0,0.476,229
2024-02-10 18:00:00,Shopping_Mall,500,269,Snowy,29.75,0,0.611,231
2024-02-10 18:00:00,Residential_West,200,122,Foggy,22.15,0,0.514,78
2024-02-10 18:00:00,Suburban_East,200,117,Foggy,27.2,0,0.541,83
2024-02-10 19:00:00,Downtown_A,200,108,Rainy,34.7,0,0.531,92
2024-02-10 19:00:00,Business_Hub,500,270,Foggy,27.76,0,0.451,230
2024-02-10 19:00:00,Shopping_Mall,500,257,Clear,33.22,0,0.562,243
2024-02-10 19:00:00,Residential_West,200,113,Foggy,22.25,0,0.524,87
2024-02-10 19:00:00,Suburban_East,200,119,Foggy,13.24,0,0.551,81
2024-02-10 20:00:00,Downtown_A,200,102,Foggy,23.94,0,0.536,98
2024-02-10 20:00:00,Business_Hub,500,255,Clear,22.76,1,0.436,245
2024-02-10 20:00:00,Shopping_Mall,500,249,Rainy,19.87,0,0.562,251
2024-02-10 20:00:00,Residential_West,200,102,Foggy,32.51,0,0.498,98
2024-02-10 20:00:00,Suburban_East,200,97,Foggy,11.78,0,0.457,103
2024-02-10 21:00:00,Downtown_A,200,93,Rainy,24.02,0,0.559,107
2024-02-10 21:00:00,Business_Hub,500,239,Foggy,18.62,0,0.556,261
2024-02-10 21:00:00,Shopping_Mall,500,240,Foggy,28.18,0,0.409,260
2024-02-10 21:00:00,Residential_West,200,93,Snowy,19.76,0,0.412,107
2024-02-10 21:00:00,Suburban_East,200,98,Snowy,34.84,0,0.407,102
2024-02-10 22:00:00,Downtown_A,200,81,Clear,34.73,0,0.413,119
2024-02-10 22:00:00,Business_Hub,500,237,Snowy,31.21,0,0.453,263
2024-02-10 22:00:00,Shopping_Mall,500,227,Foggy,33.38,0,0.508,273
2024-02-10 22:00:00,Residential_West,200,84,Snowy,16.85,0,0.478,116
2024-02-10 22:00:00,Suburban_East,200,84,Rainy,13.87,0,0.353,116
2024-02-10 23:00:00,Downtown_A,200,68,Clear,22.93,0,0.336,132
2024-02-10 23:00:00,Business_Hub,500,236,Snowy,26.44,1,0.436,264
2024-02-10 23:00:00,Shopping_Mall,500,234,Foggy,32.78,0,0.517,266
2024-02-10 23:00:00,Residential_West,200,85,Snowy,34.84,0,0.517,115
2024-02-10 23:00:00,Suburban_East,200,83,Foggy,20.57,0,0.463,117
2024-02-11 00:00:00,Downtown_A,200,80,Snowy,17.96,0,0.31,120
2024-02-11 00:00:00,Business_Hub,500,230,Rainy,22.42,0,0.508,270
2024-02-11 00:00:00,Shopping_Mall,500,229,Clear,30.44,0,0.493,271
2024-02-11 00:00:00,Residential_West,200,76,Foggy,34.27,0,0.428,124
2024-02-11 00:00:00,Suburban_East,200,81,Clear,25.76,0,0.409,119
2024-02-11 01:00:00,Downtown_A,200,86,Clear,33.7,0,0.382,114
2024-02-11 01:00:00,Business_Hub,500,237,Foggy,27.3,0,0.538,263
2024-02-11 01:00:00,Shopping_Mall,500,226,Foggy,11.05,0,0.46,274
2024-02-11 01:00:00,Residential_West,200,77,Foggy,31.74,0,0.462,123
2024-02-11 01:00:00,Suburban_East,200,88,Foggy,23.12,0,0.433,112
2024-02-11 02:00:00,Downtown_A,200,83,Foggy,23.36,0,0.331,117
2024-02-11 02:00:00,Business_Hub,500,239,Rainy,24.86,1,0.439,261
2024-02-11 02:00:00,Shopping_Mall,500,230,Foggy,14.12,0,0.448,270
2024-02-11 02:00:00,Residential_West,200,80,Clear,30.5,1,0.446,120
2024-02-11 02:00:00,Suburban_East,200,86,Rainy,34.97,0,0.373,114
2024-02-11 03:00:00,Downtown_A,200,91,Clear,29.6,1,0.519,109
2024-02-11 03:00:00,Business_Hub,500,246,Rainy,29.03,0,0.405,254
2024-02-11 03:00:00,Shopping_Mall,500,245,Clear,19.17,0,0.535,255
2024-02-11 03:00:00,Residential_West,200,91,Foggy,28.95,0,0.397,109
2024-02-11 03:00:00,Suburban_East,200,80,Snowy,24.68,1,0.366,120
2024-02-11 04:00:00,Downtown_A,200,105,Clear,26.12,0,0.61,95
2024-02-11 04:00:00,Business_Hub,500,249,Foggy,20.65,0,0.529,251
2024-02-11 04:00:00,Shopping_Mall,500,246,Clear,29.87,0,0.591,254
2024-02-11 04:00:00,Residential_West,200,96,Rainy,19.07,1,0.576,104
2024-02-11 04:00:00,Suburban_East,200,99,Rainy,14.59,0,0.51,101
2024-02-11 05:00:00,Downtown_A,200,114,Rainy,17.55,0,0.484,86
2024-02-11 05:00:00,Business_Hub,500,257,Snowy,16.83,0,0.545,243
2024-02-11 05:00:00,Shopping_Mall,500,257,Rainy,34.68,0,0.473,243
2024-02-11 05:00:00,Residential_West,200,113,Rainy,24.18,0,0.534,87
2024-02-11 05:00:00,Suburban_East,200,108,Snowy,17.4,0,0.522,92
2024-02-11 06:00:00,Downtown_A,200,121,Clear,31.12,0,0.596,79
2024-02-11 06:00:00,Business_Hub,500,270,Clear,26.08,0,0.496,230
2024-02-11 06:00:00,Shopping_Mall,500,268,Clear,24.2,0,0.56,232
2024-02-11 06:00:00,Residential_West,200,127,Snowy,18.43,0,0.735,73
2024-02-11 06:00:00,Suburban_East,200,114,Rainy,30.03,0,0.483,86
2024-02-11 07:00:00,Downtown_A,200,136,Foggy,15.18,0,0.639,64
2024-02-11 07:00:00,Business_Hub,500,271,Foggy,29.12,0,0.497,229
2024-02-11 07:00:00,Shopping_Mall,500,282,Clear,25.63,0,0.542,218
2024-02-11 07:00:00,Residential_West,200,128,Snowy,18.03,0,0.669,72
2024-02-11 07:00:00,Suburban_East,200,130,Clear,15.13,0,0.697,70
2024-02-11 08:00:00,Downtown_A,200,146,Clear,21.18,1,0.795,54
2024-02-11 08:00:00,Business_Hub,500,289,Clear,26.99,0,0.56,211
2024-02-11 08:00:00,Shopping_Mall,500,289,Clear,25.67,1,0.604,211
2024-02-11 08:00:00,Residential_West,200,142,Clear,33.77,0,0.802,58
2024-02-11 08:00:00,Suburban_East,200,140,Clear,24.09,0,0.648,60
2024-02-11 09:00:00,Downtown_A,200,150,Clear,21.13,1,0.815,50
2024-02-11 09:00:00,Business_Hub,500,304,Rainy,28.6,0,0.532,196
2024-02-11 09:00:00,Shopping_Mall,500,302,Snowy,21.47,0,0.667,198
2024-02-11 09:00:00,Residential_West,200,154,Clear,20.21,0,0.716,46
2024-02-11 09:00:00,Suburban_East,200,148,Snowy,10.74,0,0.661,52
2024-02-11 10:00:00,Downtown_A,200,155,Snowy,32.75,0,0.846,45
2024-02-11 10:00:00,Business_Hub,500,306,Snowy,22.33,0,0.596,194
2024-02-11 10:00:00,Shopping_Mall,500,290,Rainy,13.88,0,0.537,210
2024-02-11 10:00:00,Residential_West,200,156,Rainy,34.83,0,0.795,44
2024-02-11 10:00:00,Suburban_East,200,149,Snowy,22.65,0,0.7,51
2024-02-11 11:00:00,Downtown_A,200,155,Clear,19.3,0,0.754,45
2024-02-11 11:00:00,Business_Hub,500,310,Snowy,34.3,0,0.659,190
2024-02-11 11:00:00,Shopping_Mall,500,308,Clear,15.12,0,0.618,192
2024-02-11 11:00:00,Residential_West,200,160,Snowy,26.59,1,0.756,40
2024-02-11 11:00:00,Suburban_East,200,157,Clear,12.14,0,0.773,43
2024-02-11 12:00:00,Downtown_A,200,160,Snowy,33.33,1,0.798,40
2024-02-11 12:00:00,Business_Hub,500,309,Foggy,15.6,0,0.604,191
2024-02-11 12:00:00,Shopping_Mall,500,311,Snowy,17.69,0,0.558,189
2024-02-11 12:00:00,Residential_West,200,156,Clear,19.94,0,0.751,44
2024-02-11 12:00:00,Suburban_East,200,154,Foggy,24.51,0,0.849,46
2024-02-11 13:00:00,Downtown_A,200,149,Snowy,29.96,1,0.755,51
2024-02-11 13:00:00,Business_Hub,500,306,Foggy,20.26,0,0.676,194
2024-02-11 13:00:00,Shopping_Mall,500,315,Rainy,13.62,0,0.661,185
2024-02-11 13:00:00,Residential_West,200,159,Snowy,18.11,0,0.863,41
2024-02-11 13:00:00,Suburban_East,200,162,Foggy,13.53,0,0.726,38
2024-02-11 14:00:00,Downtown_A,200,154,Foggy,32.86,0,0.682,46
2024-02-11 14:00:00,Business_Hub,500,303,Clear,15.98,0,0.666,197
2024-02-11 14:00:00,Shopping_Mall,500,303,Rainy,15.55,0,0.681,197
2024-02-11 14:00:00,Residential_West,200,159,Foggy,19.18,0,0.707,41
2024-02-11 14:00:00,Suburban_East,200,158,Clear,12.59,0,0.759,42
2024-02-11 15:00:00,Downtown_A,200,143,Clear,30.9,0,0.78,57
2024-02-11 15:00:00,Business_Hub,500,295,Rainy,21.29,0,0.522,205
2024-02-11 15:00:00,Shopping_Mall,500,308,Clear,28.0,0,0.578,192
2024-02-11 15:00:00,Residential_West,200,145,Rainy,34.5,1,0.714,55
2024-02-11 15:00:00,Suburban_East,200,153,Foggy,17.64,0,0.842,47
